date,Audemars Piguet 15500ST (CHF)
Mon May 13 2019,0
Tue May 14 2019,0
Wed May 15 2019,0
Thu May 16 2019,0
Fri May 17 2019,0
Sat May 18 2019,0
Sun May 19 2019,0
Mon May 20 2019,0
Tue May 21 2019,0
Thu May 23 2019,0
Fri May 24 2019,0
Sat May 25 2019,0
Sun May 26 2019,0
Mon May 27 2019,0
Tue May 28 2019,0
Wed May 29 2019,0
Thu May 30 2019,0
Fri May 31 2019,0
Sat Jun 01 2019,0
Sun Jun 02 2019,0
Mon Jun 03 2019,0
Tue Jun 04 2019,0
Wed Jun 05 2019,0
Thu Jun 06 2019,0
Fri Jun 07 2019,0
Sun Jun 09 2019,0
Mon Jun 10 2019,0
Tue Jun 11 2019,0
Wed Jun 12 2019,24029
Thu Jun 13 2019,24017
Fri Jun 14 2019,24006
Sat Jun 15 2019,23996
Sun Jun 16 2019,23989
Mon Jun 17 2019,23980
Tue Jun 18 2019,23472
Wed Jun 19 2019,23463
Thu Jun 20 2019,22553
Fri Jun 21 2019,22534
Sat Jun 22 2019,22511
Sun Jun 23 2019,22488
Mon Jun 24 2019,22467
Tue Jun 25 2019,22446
Wed Jun 26 2019,22425
Thu Jun 27 2019,22405
Fri Jun 28 2019,22511
Sat Jun 29 2019,22487
Sun Jun 30 2019,22464
Mon Jul 01 2019,22425
Tue Jul 02 2019,22413
Wed Jul 03 2019,22403
Thu Jul 04 2019,22395
Fri Jul 05 2019,22389
Sat Jul 06 2019,22387
Sun Jul 07 2019,22386
Mon Jul 08 2019,22388
Tue Jul 09 2019,22391
Wed Jul 10 2019,22396
Thu Jul 11 2019,22396
Fri Jul 12 2019,22394
Sat Jul 13 2019,22388
Sun Jul 14 2019,22381
Mon Jul 15 2019,22372
Tue Jul 16 2019,22360
Wed Jul 17 2019,22426
Thu Jul 18 2019,22417
Fri Jul 19 2019,22407
Sat Jul 20 2019,23041
Sun Jul 21 2019,23038
Mon Jul 22 2019,23040
Tue Jul 23 2019,23045
Wed Jul 24 2019,23053
Thu Jul 25 2019,23061
Fri Jul 26 2019,23072
Sat Jul 27 2019,23084
Sun Jul 28 2019,23096
Mon Jul 29 2019,23110
Tue Jul 30 2019,23123
Wed Jul 31 2019,23133
Thu Aug 01 2019,23139
Fri Aug 02 2019,23144
Sat Aug 03 2019,23144
Sun Aug 04 2019,23141
Mon Aug 05 2019,23136
Tue Aug 06 2019,23123
Wed Aug 07 2019,23110
Thu Aug 08 2019,23097
Fri Aug 09 2019,23083
Sat Aug 10 2019,23068
Sun Aug 11 2019,23056
Mon Aug 12 2019,23044
Tue Aug 13 2019,23034
Wed Aug 14 2019,23025
Thu Aug 15 2019,23017
Fri Aug 16 2019,23008
Sat Aug 17 2019,23001
Sun Aug 18 2019,22996
Mon Aug 19 2019,22931
Tue Aug 20 2019,22930
Wed Aug 21 2019,22928
Thu Aug 22 2019,22926
Fri Aug 23 2019,23607
Sat Aug 24 2019,23604
Sun Aug 25 2019,23593
Mon Aug 26 2019,23579
Tue Aug 27 2019,23567
Wed Aug 28 2019,23556
Thu Aug 29 2019,23547
Fri Aug 30 2019,23542
Sat Aug 31 2019,23540
Sun Sep 01 2019,23537
Mon Sep 02 2019,23541
Tue Sep 03 2019,23547
Wed Sep 04 2019,23553
Thu Sep 05 2019,23560
Fri Sep 06 2019,23567
Sat Sep 07 2019,23577
Sun Sep 08 2019,23587
Mon Sep 09 2019,23598
Tue Sep 10 2019,23613
Wed Sep 11 2019,23629
Thu Sep 12 2019,23646
Fri Sep 13 2019,23662
Sat Sep 14 2019,23674
Sun Sep 15 2019,23686
Mon Sep 16 2019,23694
Tue Sep 17 2019,23704
Wed Sep 18 2019,23716
Thu Sep 19 2019,23728
Fri Sep 20 2019,23740
Sat Sep 21 2019,23748
Sun Sep 22 2019,23068
Mon Sep 23 2019,23076
Tue Sep 24 2019,23089
Wed Sep 25 2019,23100
Thu Sep 26 2019,23108
Fri Sep 27 2019,23118
Sat Sep 28 2019,23127
Sun Sep 29 2019,23133
Mon Sep 30 2019,23134
Tue Oct 01 2019,23138
Wed Oct 02 2019,23144
Thu Oct 03 2019,23148
Fri Oct 04 2019,23156
Sat Oct 05 2019,23165
Sun Oct 06 2019,23174
Mon Oct 07 2019,23180
Tue Oct 08 2019,23186
Wed Oct 09 2019,23191
Thu Oct 10 2019,23194
Fri Oct 11 2019,23196
Sat Oct 12 2019,23200
Sun Oct 13 2019,23204
Mon Oct 14 2019,23210
Tue Oct 15 2019,23215
Wed Oct 16 2019,23222
Thu Oct 17 2019,23226
Fri Oct 18 2019,23211
Sat Oct 19 2019,23204
Sun Oct 20 2019,23196
Mon Oct 21 2019,23190
Tue Oct 22 2019,23186
Wed Oct 23 2019,23184
Thu Oct 24 2019,23183
Fri Oct 25 2019,23185
Sat Oct 26 2019,23189
Sun Oct 27 2019,23190
Mon Oct 28 2019,24355
Tue Oct 29 2019,24359
Wed Oct 30 2019,24362
Thu Oct 31 2019,24359
Fri Nov 01 2019,24351
Sat Nov 02 2019,24342
Sun Nov 03 2019,24332
Mon Nov 04 2019,24324
Tue Nov 05 2019,24317
Wed Nov 06 2019,24313
Thu Nov 07 2019,24294
Fri Nov 08 2019,24295
Sat Nov 09 2019,24296
Sun Nov 10 2019,24298
Mon Nov 11 2019,24297
Tue Nov 12 2019,24296
Wed Nov 13 2019,24294
Thu Nov 14 2019,24289
Fri Nov 15 2019,24281
Sat Nov 16 2019,24276
Sun Nov 17 2019,24275
Mon Nov 18 2019,24277
Tue Nov 19 2019,24282
Wed Nov 20 2019,24287
Thu Nov 21 2019,24292
Fri Nov 22 2019,24295
Sat Nov 23 2019,23457
Sun Nov 24 2019,23462
Mon Nov 25 2019,23465
Tue Nov 26 2019,23467
Wed Nov 27 2019,23469
Thu Nov 28 2019,23472
Fri Nov 29 2019,23475
Sat Nov 30 2019,23481
Sun Dec 01 2019,23491
Mon Dec 02 2019,23502
Tue Dec 03 2019,23510
Wed Dec 04 2019,22976
Thu Dec 05 2019,23033
Fri Dec 06 2019,23031
Sat Dec 07 2019,23028
Sun Dec 08 2019,23026
Mon Dec 09 2019,23021
Tue Dec 10 2019,23015
Wed Dec 11 2019,23007
Thu Dec 12 2019,23861
Fri Dec 13 2019,23853
Sat Dec 14 2019,23848
Sun Dec 15 2019,23844
Mon Dec 16 2019,23840
Tue Dec 17 2019,23601
Wed Dec 18 2019,24111
Thu Dec 19 2019,24103
Fri Dec 20 2019,24094
Sat Dec 21 2019,23867
Sun Dec 22 2019,23860
Mon Dec 23 2019,23850
Tue Dec 24 2019,23837
Wed Dec 25 2019,23825
Thu Dec 26 2019,23812
Fri Dec 27 2019,23799
Sat Dec 28 2019,23781
Sun Dec 29 2019,23762
Mon Dec 30 2019,23743
Tue Dec 31 2019,23719
Wed Jan 01 2020,23693
Thu Jan 02 2020,23670
Fri Jan 03 2020,23655
Sat Jan 04 2020,23642
Sun Jan 05 2020,23629
Mon Jan 06 2020,23616
Tue Jan 07 2020,23599
Wed Jan 08 2020,23583
Thu Jan 09 2020,23569
Fri Jan 10 2020,23160
Sat Jan 11 2020,23151
Sun Jan 12 2020,23143
Mon Jan 13 2020,23134
Tue Jan 14 2020,23124
Wed Jan 15 2020,23105
Thu Jan 16 2020,23090
Fri Jan 17 2020,23076
Sat Jan 18 2020,23065
Sun Jan 19 2020,23056
Mon Jan 20 2020,23045
Tue Jan 21 2020,23034
Wed Jan 22 2020,23023
Thu Jan 23 2020,23013
Fri Jan 24 2020,23003
Sat Jan 25 2020,22725
Sun Jan 26 2020,22718
Mon Jan 27 2020,22713
Tue Jan 28 2020,22709
Wed Jan 29 2020,22706
Thu Jan 30 2020,22709
Fri Jan 31 2020,22711
Sat Feb 01 2020,22711
Sun Feb 02 2020,22705
Mon Feb 03 2020,22699
Tue Feb 04 2020,22689
Wed Feb 05 2020,22686
Thu Feb 06 2020,22688
Fri Feb 07 2020,22691
Sat Feb 08 2020,22695
Sun Feb 09 2020,22698
Mon Feb 10 2020,22701
Tue Feb 11 2020,22727
Wed Feb 12 2020,22731
Thu Feb 13 2020,22734
Fri Feb 14 2020,22741
Sat Feb 15 2020,22753
Sun Feb 16 2020,22767
Mon Feb 17 2020,22779
Tue Feb 18 2020,22790
Wed Feb 19 2020,22801
Thu Feb 20 2020,22813
Fri Feb 21 2020,22825
Sat Feb 22 2020,22834
Sun Feb 23 2020,22772
Mon Feb 24 2020,22778
Tue Feb 25 2020,22785
Wed Feb 26 2020,22790
Thu Feb 27 2020,22794
Fri Feb 28 2020,22794
Sat Feb 29 2020,22788
Sun Mar 01 2020,22784
Mon Mar 02 2020,23558
Tue Mar 03 2020,23556
Wed Mar 04 2020,23551
Thu Mar 05 2020,23543
Fri Mar 06 2020,23530
Sat Mar 07 2020,23503
Sun Mar 08 2020,23472
Mon Mar 09 2020,23439
Tue Mar 10 2020,23396
Wed Mar 11 2020,23360
Thu Mar 12 2020,23799
Fri Mar 13 2020,23769
Sat Mar 14 2020,23750
Sun Mar 15 2020,23750
Mon Mar 16 2020,23696
Tue Mar 17 2020,23696
Wed Mar 18 2020,23683
Thu Mar 19 2020,23667
Fri Mar 20 2020,23664
Sat Mar 21 2020,23664
Sun Mar 22 2020,23667
Mon Mar 23 2020,23671
Tue Mar 24 2020,23676
Wed Mar 25 2020,23677
Thu Mar 26 2020,24002
Fri Mar 27 2020,23994
Sat Mar 28 2020,24167
Sun Mar 29 2020,24149
Mon Mar 30 2020,24134
Tue Mar 31 2020,24127
Wed Apr 01 2020,24126
Thu Apr 02 2020,24131
Fri Apr 03 2020,24142
Sat Apr 04 2020,24161
Sun Apr 05 2020,24185
Mon Apr 06 2020,24219
Tue Apr 07 2020,24258
Wed Apr 08 2020,24293
Thu Apr 09 2020,24339
Fri Apr 10 2020,24371
Sat Apr 11 2020,24400
Sun Apr 12 2020,24425
Mon Apr 13 2020,24875
Tue Apr 14 2020,24871
Wed Apr 15 2020,24864
Thu Apr 16 2020,24859
Fri Apr 17 2020,24863
Sat Apr 18 2020,24866
Sun Apr 19 2020,24857
Mon Apr 20 2020,24843
Tue Apr 21 2020,24828
Wed Apr 22 2020,24815
Thu Apr 23 2020,24803
Fri Apr 24 2020,24729
Sat Apr 25 2020,24726
Sun Apr 26 2020,24730
Mon Apr 27 2020,24743
Tue Apr 28 2020,24762
Wed Apr 29 2020,24783
Thu Apr 30 2020,24797
Fri May 01 2020,24803
Sat May 02 2020,24801
Sun May 03 2020,24793
Mon May 04 2020,24781
Tue May 05 2020,24770
Wed May 06 2020,24764
Thu May 07 2020,24761
Fri May 08 2020,24763
Sat May 09 2020,24763
Sun May 10 2020,24764
Mon May 11 2020,24769
Tue May 12 2020,24775
Wed May 13 2020,24779
Thu May 14 2020,24782
Fri May 15 2020,24791
Sat May 16 2020,24799
Sun May 17 2020,24802
Mon May 18 2020,24805
Tue May 19 2020,24809
Wed May 20 2020,24813
Thu May 21 2020,24812
Fri May 22 2020,24810
Sat May 23 2020,24882
Sun May 24 2020,24724
Mon May 25 2020,24721
Tue May 26 2020,24719
Wed May 27 2020,24715
Thu May 28 2020,24477
Fri May 29 2020,24470
Sat May 30 2020,24460
Sun May 31 2020,24453
Mon Jun 01 2020,24384
Tue Jun 02 2020,24384
Wed Jun 03 2020,24384
Thu Jun 04 2020,24381
Fri Jun 05 2020,24372
Sat Jun 06 2020,24360
Sun Jun 07 2020,24349
Mon Jun 08 2020,24342
Tue Jun 09 2020,24333
Wed Jun 10 2020,24318
Thu Jun 11 2020,24295
Fri Jun 12 2020,24271
Sat Jun 13 2020,24252
Sun Jun 14 2020,24235
Mon Jun 15 2020,24217
Tue Jun 16 2020,24200
Wed Jun 17 2020,24181
Thu Jun 18 2020,24162
Fri Jun 19 2020,24145
Sat Jun 20 2020,24132
Sun Jun 21 2020,24118
Mon Jun 22 2020,24102
Tue Jun 23 2020,24084
Wed Jun 24 2020,24063
Thu Jun 25 2020,24041
Fri Jun 26 2020,24026
Sat Jun 27 2020,24009
Sun Jun 28 2020,23992
Mon Jun 29 2020,23980
Tue Jun 30 2020,23970
Wed Jul 01 2020,23960
Thu Jul 02 2020,23948
Fri Jul 03 2020,23935
Sat Jul 04 2020,23921
Sun Jul 05 2020,23910
Mon Jul 06 2020,23898
Tue Jul 07 2020,23881
Wed Jul 08 2020,23864
Thu Jul 09 2020,23848
Fri Jul 10 2020,23836
Sat Jul 11 2020,23831
Sun Jul 12 2020,23830
Mon Jul 13 2020,23824
Tue Jul 14 2020,23815
Wed Jul 15 2020,23804
Thu Jul 16 2020,23797
Fri Jul 17 2020,23794
Sat Jul 18 2020,23787
Sun Jul 19 2020,23777
Mon Jul 20 2020,23767
Tue Jul 21 2020,23714
Wed Jul 22 2020,23795
Thu Jul 23 2020,23780
Fri Jul 24 2020,23764
Sat Jul 25 2020,23745
Sun Jul 26 2020,23721
Mon Jul 27 2020,23697
Tue Jul 28 2020,23673
Wed Jul 29 2020,23649
Thu Jul 30 2020,23621
Fri Jul 31 2020,23547
Sat Aug 01 2020,23516
Sun Aug 02 2020,23489
Mon Aug 03 2020,23461
Tue Aug 04 2020,23438
Wed Aug 05 2020,23413
Thu Aug 06 2020,23386
Fri Aug 07 2020,23358
Sat Aug 08 2020,23335
Sun Aug 09 2020,23313
Mon Aug 10 2020,23289
Tue Aug 11 2020,23268
Wed Aug 12 2020,23246
Thu Aug 13 2020,23224
Fri Aug 14 2020,23198
Sat Aug 15 2020,23172
Sun Aug 16 2020,23142
Mon Aug 17 2020,23115
Tue Aug 18 2020,23089
Wed Aug 19 2020,23061
Thu Aug 20 2020,23034
Fri Aug 21 2020,23014
Sat Aug 22 2020,22997
Sun Aug 23 2020,22983
Mon Aug 24 2020,22973
Tue Aug 25 2020,22965
Wed Aug 26 2020,22956
Thu Aug 27 2020,22947
Fri Aug 28 2020,22938
Sat Aug 29 2020,22929
Sun Aug 30 2020,22923
Mon Aug 31 2020,22918
Tue Sep 01 2020,22909
Wed Sep 02 2020,22903
Thu Sep 03 2020,22897
Fri Sep 04 2020,22661
Sat Sep 05 2020,22663
Sun Sep 06 2020,22666
Mon Sep 07 2020,22666
Tue Sep 08 2020,22668
Wed Sep 09 2020,22672
Thu Sep 10 2020,22672
Fri Sep 11 2020,22668
Sat Sep 12 2020,22664
Sun Sep 13 2020,22663
Mon Sep 14 2020,22838
Tue Sep 15 2020,22838
Wed Sep 16 2020,22836
Thu Sep 17 2020,22837
Fri Sep 18 2020,23134
Sat Sep 19 2020,23136
Sun Sep 20 2020,23136
Mon Sep 21 2020,23379
Tue Sep 22 2020,23382
Wed Sep 23 2020,23393
Thu Sep 24 2020,23403
Fri Sep 25 2020,23416
Sat Sep 26 2020,23431
Sun Sep 27 2020,23447
Mon Sep 28 2020,23467
Tue Sep 29 2020,23485
Wed Sep 30 2020,24226
Thu Oct 01 2020,24241
Fri Oct 02 2020,24309
Sat Oct 03 2020,24560
Sun Oct 04 2020,24958
Mon Oct 05 2020,24966
Tue Oct 06 2020,25115
Wed Oct 07 2020,24521
Thu Oct 08 2020,24523
Fri Oct 09 2020,24523
Sat Oct 10 2020,24520
Sun Oct 11 2020,24520
Mon Oct 12 2020,24521
Tue Oct 13 2020,24518
Wed Oct 14 2020,24517
Thu Oct 15 2020,24520
Fri Oct 16 2020,24523
Sat Oct 17 2020,24527
Sun Oct 18 2020,24530
Mon Oct 19 2020,24526
Tue Oct 20 2020,24944
Wed Oct 21 2020,24941
Thu Oct 22 2020,24935
Fri Oct 23 2020,24690
Sat Oct 24 2020,24980
Sun Oct 25 2020,24526
Mon Oct 26 2020,24508
Tue Oct 27 2020,24912
Wed Oct 28 2020,25017
Thu Oct 29 2020,25005
Fri Oct 30 2020,25055
Sat Oct 31 2020,25125
Sun Nov 01 2020,25124
Mon Nov 02 2020,25314
Tue Nov 03 2020,25373
Wed Nov 04 2020,25191
Thu Nov 05 2020,25284
Fri Nov 06 2020,25165
Sat Nov 07 2020,25440
Sun Nov 08 2020,25427
Mon Nov 09 2020,25700
Tue Nov 10 2020,25749
Wed Nov 11 2020,25802
Thu Nov 12 2020,25955
Fri Nov 13 2020,26433
Sat Nov 14 2020,26430
Sun Nov 15 2020,26426
Mon Nov 16 2020,26420
Tue Nov 17 2020,27437
Wed Nov 18 2020,27461
Thu Nov 19 2020,26999
Fri Nov 20 2020,27040
Sat Nov 21 2020,26957
Sun Nov 22 2020,26961
Mon Nov 23 2020,27253
Tue Nov 24 2020,27177
Wed Nov 25 2020,27341
Thu Nov 26 2020,26892
Fri Nov 27 2020,26835
Sat Nov 28 2020,26772
Sun Nov 29 2020,26764
Mon Nov 30 2020,26851
Tue Dec 01 2020,26674
Wed Dec 02 2020,26774
Thu Dec 03 2020,26745
Fri Dec 04 2020,26799
Sat Dec 05 2020,26777
Sun Dec 06 2020,26750
Mon Dec 07 2020,26916
Tue Dec 08 2020,27019
Wed Dec 09 2020,27144
Thu Dec 10 2020,27127
Fri Dec 11 2020,27077
Sat Dec 12 2020,27044
Sun Dec 13 2020,27018
Mon Dec 14 2020,27512
Tue Dec 15 2020,27471
Wed Dec 16 2020,27345
Thu Dec 17 2020,27275
Fri Dec 18 2020,26550
Sat Dec 19 2020,26597
Sun Dec 20 2020,26680
Mon Dec 21 2020,26516
Tue Dec 22 2020,25897
Wed Dec 23 2020,25651
Thu Dec 24 2020,25753
Fri Dec 25 2020,25732
Sat Dec 26 2020,25713
Sun Dec 27 2020,25696
Mon Dec 28 2020,25685
Tue Dec 29 2020,25730
Wed Dec 30 2020,25738
Thu Dec 31 2020,25717
Fri Jan 01 2021,25643
Sat Jan 02 2021,25640
Sun Jan 03 2021,25638
Mon Jan 04 2021,25719
Tue Jan 05 2021,25723
Wed Jan 06 2021,25711
Thu Jan 07 2021,25768
Fri Jan 08 2021,26249
Sat Jan 09 2021,26273
Sun Jan 10 2021,26297
Mon Jan 11 2021,26443
Tue Jan 12 2021,27529
Wed Jan 13 2021,27651
Thu Jan 14 2021,27581
Fri Jan 15 2021,28433
Sat Jan 16 2021,28437
Sun Jan 17 2021,27607
Mon Jan 18 2021,26486
Tue Jan 19 2021,26464
Wed Jan 20 2021,26612
Thu Jan 21 2021,26615
Fri Jan 22 2021,26572
Sat Jan 23 2021,26568
Sun Jan 24 2021,26586
Mon Jan 25 2021,26582
Tue Jan 26 2021,26566
Wed Jan 27 2021,26803
Thu Jan 28 2021,27035
Fri Jan 29 2021,27988
Sat Jan 30 2021,27995
Sun Jan 31 2021,28011
Mon Feb 01 2021,28883
Tue Feb 02 2021,28992
Wed Feb 03 2021,29057
Thu Feb 04 2021,29043
Fri Feb 05 2021,29266
Sat Feb 06 2021,29181
Sun Feb 07 2021,29126
Mon Feb 08 2021,29141
Tue Feb 09 2021,29252
Wed Feb 10 2021,29214
Thu Feb 11 2021,28738
Fri Feb 12 2021,27989
Sat Feb 13 2021,28120
Sun Feb 14 2021,28115
Mon Feb 15 2021,28118
Tue Feb 16 2021,28117
Wed Feb 17 2021,28269
Thu Feb 18 2021,28092
Fri Feb 19 2021,28124
Sat Feb 20 2021,28131
Sun Feb 21 2021,28201
Mon Feb 22 2021,28213
Tue Feb 23 2021,28267
Wed Feb 24 2021,28311
Thu Feb 25 2021,28332
Fri Feb 26 2021,28446
Sat Feb 27 2021,28504
Sun Feb 28 2021,28525
Mon Mar 01 2021,28474
Tue Mar 02 2021,28898
Wed Mar 03 2021,28947
Thu Mar 04 2021,29172
Fri Mar 05 2021,29031
Sat Mar 06 2021,28913
Sun Mar 07 2021,28747
Mon Mar 08 2021,28813
Tue Mar 09 2021,28627
Wed Mar 10 2021,28761
Thu Mar 11 2021,28785
Fri Mar 12 2021,28885
Sat Mar 13 2021,28925
Sun Mar 14 2021,28967
Mon Mar 15 2021,29050
Tue Mar 16 2021,29016
Wed Mar 17 2021,29017
Thu Mar 18 2021,29138
Fri Mar 19 2021,29158
Sat Mar 20 2021,29614
Sun Mar 21 2021,29760
Mon Mar 22 2021,29805
Tue Mar 23 2021,29913
Wed Mar 24 2021,29950
Thu Mar 25 2021,29995
Fri Mar 26 2021,30327
Sat Mar 27 2021,30300
Sun Mar 28 2021,30216
Mon Mar 29 2021,30351
Tue Mar 30 2021,30468
Wed Mar 31 2021,30620
Thu Apr 01 2021,30655
Fri Apr 02 2021,30541
Sat Apr 03 2021,30568
Sun Apr 04 2021,30588
Mon Apr 05 2021,31043
Tue Apr 06 2021,31397
Wed Apr 07 2021,31230
Thu Apr 08 2021,31377
Fri Apr 09 2021,31647
Sat Apr 10 2021,31973
Sun Apr 11 2021,32043
Mon Apr 12 2021,32522
Tue Apr 13 2021,32600
Wed Apr 14 2021,33631
Thu Apr 15 2021,32043
Fri Apr 16 2021,33806
Sat Apr 17 2021,33886
Sun Apr 18 2021,34212
Mon Apr 19 2021,34232
Tue Apr 20 2021,35208
Wed Apr 21 2021,35404
Thu Apr 22 2021,35392
Fri Apr 23 2021,35391
Sat Apr 24 2021,35313
Sun Apr 25 2021,35331
Mon Apr 26 2021,35327
Tue Apr 27 2021,34153
Wed Apr 28 2021,35070
Thu Apr 29 2021,32487
Fri Apr 30 2021,34645
Sat May 01 2021,34223
Sun May 02 2021,34698
Mon May 03 2021,34370
Tue May 04 2021,34391
Wed May 05 2021,32751
Thu May 06 2021,32535
Fri May 07 2021,33193
Sat May 08 2021,34409
Sun May 09 2021,34337
Mon May 10 2021,34473
Tue May 11 2021,34825
Wed May 12 2021,34331
Thu May 13 2021,33413
Fri May 14 2021,33507
Sat May 15 2021,34463
Sun May 16 2021,35617
Mon May 17 2021,35807
Tue May 18 2021,34544
Wed May 19 2021,33777
Thu May 20 2021,33747
Fri May 21 2021,33757
Sat May 22 2021,34403
Sun May 23 2021,34379
Mon May 24 2021,34256
Tue May 25 2021,34006
Wed May 26 2021,34650
Thu May 27 2021,34551
Fri May 28 2021,34654
Sat May 29 2021,34665
Sun May 30 2021,34956
Mon May 31 2021,34803
Tue Jun 01 2021,34785
Wed Jun 02 2021,34775
Thu Jun 03 2021,34629
Fri Jun 04 2021,34628
Sat Jun 05 2021,35143
Sun Jun 06 2021,35922
Mon Jun 07 2021,34690
Tue Jun 08 2021,34474
Wed Jun 09 2021,34429
Thu Jun 10 2021,34475
Fri Jun 11 2021,34358
Sat Jun 12 2021,34305
Sun Jun 13 2021,34291
Mon Jun 14 2021,34324
Tue Jun 15 2021,34386
Wed Jun 16 2021,34404
Thu Jun 17 2021,34054
Fri Jun 18 2021,34091
Sat Jun 19 2021,34178
Sun Jun 20 2021,34243
Mon Jun 21 2021,34348
Tue Jun 22 2021,34379
Wed Jun 23 2021,34348
Thu Jun 24 2021,34374
Fri Jun 25 2021,34404
Sat Jun 26 2021,34430
Sun Jun 27 2021,34423
Mon Jun 28 2021,34471
Tue Jun 29 2021,34547
Wed Jun 30 2021,34574
Thu Jul 01 2021,34614
Fri Jul 02 2021,34606
Sat Jul 03 2021,34612
Sun Jul 04 2021,34647
Mon Jul 05 2021,34798
Tue Jul 06 2021,34843
Wed Jul 07 2021,34859
Thu Jul 08 2021,34780
Fri Jul 09 2021,34836
Sat Jul 10 2021,35152
Sun Jul 11 2021,35632
Mon Jul 12 2021,35765
Tue Jul 13 2021,36315
Wed Jul 14 2021,36891
Thu Jul 15 2021,35903
Fri Jul 16 2021,36482
Sat Jul 17 2021,36506
Sun Jul 18 2021,36513
Mon Jul 19 2021,36629
Tue Jul 20 2021,37590
Wed Jul 21 2021,37587
Thu Jul 22 2021,37587
Fri Jul 23 2021,37587
Sat Jul 24 2021,37746
Sun Jul 25 2021,37178
Mon Jul 26 2021,37299
Tue Jul 27 2021,38175
Wed Jul 28 2021,37789
Thu Jul 29 2021,37408
Fri Jul 30 2021,37094
Sat Jul 31 2021,37074
Sun Aug 01 2021,37088
Mon Aug 02 2021,37300
Tue Aug 03 2021,37470
Wed Aug 04 2021,38162
Thu Aug 05 2021,38283
Fri Aug 06 2021,38608
Sat Aug 07 2021,38407
Sun Aug 08 2021,38402
Mon Aug 09 2021,37579
Tue Aug 10 2021,37682
Wed Aug 11 2021,39076
Thu Aug 12 2021,38422
Fri Aug 13 2021,38910
Sat Aug 14 2021,38247
Sun Aug 15 2021,38151
Mon Aug 16 2021,39152
Tue Aug 17 2021,39107
Wed Aug 18 2021,39099
Thu Aug 19 2021,39094
Fri Aug 20 2021,39140
Sat Aug 21 2021,37742
Sun Aug 22 2021,37740
Mon Aug 23 2021,38866
Tue Aug 24 2021,39205
Wed Aug 25 2021,37497
Thu Aug 26 2021,37492
Fri Aug 27 2021,37590
Sat Aug 28 2021,37786
Sun Aug 29 2021,38025
Mon Aug 30 2021,38039
Tue Aug 31 2021,38013
Wed Sep 01 2021,38829
Thu Sep 02 2021,39061
Fri Sep 03 2021,38789
Sat Sep 04 2021,38401
Sun Sep 05 2021,39284
Mon Sep 06 2021,39167
Tue Sep 07 2021,39523
Wed Sep 08 2021,39185
Thu Sep 09 2021,39357
Fri Sep 10 2021,39204
Sat Sep 11 2021,38395
Sun Sep 12 2021,38300
Mon Sep 13 2021,38418
Tue Sep 14 2021,38510
Wed Sep 15 2021,38157
Thu Sep 16 2021,38690
Fri Sep 17 2021,38576
Sat Sep 18 2021,38766
Sun Sep 19 2021,38839
Mon Sep 20 2021,38758
Tue Sep 21 2021,38803
Wed Sep 22 2021,38785
Thu Sep 23 2021,38935
Fri Sep 24 2021,38832
Sat Sep 25 2021,39241
Sun Sep 26 2021,39250
Mon Sep 27 2021,40051
Tue Sep 28 2021,39872
Wed Sep 29 2021,40266
Thu Sep 30 2021,40068
Fri Oct 01 2021,40070
Sat Oct 02 2021,39972
Sun Oct 03 2021,39973
Mon Oct 04 2021,39801
Tue Oct 05 2021,39831
Wed Oct 06 2021,40000
Thu Oct 07 2021,39585
Fri Oct 08 2021,39629
Sat Oct 09 2021,39689
Sun Oct 10 2021,39954
Mon Oct 11 2021,39967
Tue Oct 12 2021,39935
Wed Oct 13 2021,40067
Thu Oct 14 2021,39994
Fri Oct 15 2021,40325
Sat Oct 16 2021,40173
Sun Oct 17 2021,40114
Mon Oct 18 2021,40123
Tue Oct 19 2021,40304
Wed Oct 20 2021,40336
Thu Oct 21 2021,40212
Fri Oct 22 2021,40222
Sat Oct 23 2021,40290
Sun Oct 24 2021,40157
Mon Oct 25 2021,40284
Tue Oct 26 2021,40276
Wed Oct 27 2021,40271
Thu Oct 28 2021,40266
Fri Oct 29 2021,39971
Sat Oct 30 2021,39621
Sun Oct 31 2021,39647
Mon Nov 01 2021,39769
Tue Nov 02 2021,39882
Wed Nov 03 2021,40031
Thu Nov 04 2021,39995
Fri Nov 05 2021,40104
Sat Nov 06 2021,40124
Sun Nov 07 2021,40234
Mon Nov 08 2021,40210
Tue Nov 09 2021,40248
Wed Nov 10 2021,40269
Thu Nov 11 2021,40328
Fri Nov 12 2021,40498
Sat Nov 13 2021,40491
Sun Nov 14 2021,40489
Mon Nov 15 2021,40658
Tue Nov 16 2021,40593
Wed Nov 17 2021,40598
Thu Nov 18 2021,40455
Fri Nov 19 2021,40529
Sat Nov 20 2021,40294
Sun Nov 21 2021,40531
Mon Nov 22 2021,40600
Tue Nov 23 2021,40588
Wed Nov 24 2021,40643
Thu Nov 25 2021,40656
Fri Nov 26 2021,40724
Sat Nov 27 2021,40762
Sun Nov 28 2021,40940
Mon Nov 29 2021,40961
Tue Nov 30 2021,41323
Wed Dec 01 2021,40943
Thu Dec 02 2021,40896
Fri Dec 03 2021,41065
Sat Dec 04 2021,41238
Sun Dec 05 2021,41249
Mon Dec 06 2021,41267
Tue Dec 07 2021,41329
Wed Dec 08 2021,41472
Thu Dec 09 2021,41629
Fri Dec 10 2021,41815
Sat Dec 11 2021,41812
Sun Dec 12 2021,41813
Mon Dec 13 2021,41909
Tue Dec 14 2021,42069
Wed Dec 15 2021,42092
Thu Dec 16 2021,42335
Fri Dec 17 2021,42612
Sat Dec 18 2021,43558
Sun Dec 19 2021,43651
Mon Dec 20 2021,43700
Tue Dec 21 2021,43648
Wed Dec 22 2021,43296
Thu Dec 23 2021,43293
Fri Dec 24 2021,43699
Sat Dec 25 2021,43588
Sun Dec 26 2021,43671
Mon Dec 27 2021,44690
Tue Dec 28 2021,43835
Wed Dec 29 2021,44364
Thu Dec 30 2021,44197
Fri Dec 31 2021,44241
Sat Jan 01 2022,44150
Sun Jan 02 2022,44125
Mon Jan 03 2022,44233
Tue Jan 04 2022,45489
Wed Jan 05 2022,45542
Thu Jan 06 2022,45010
Fri Jan 07 2022,45634
Sat Jan 08 2022,45238
Sun Jan 09 2022,45568
Mon Jan 10 2022,45684
Tue Jan 11 2022,45640
Wed Jan 12 2022,45672
Thu Jan 13 2022,45687
Fri Jan 14 2022,46840
Sat Jan 15 2022,47083
Sun Jan 16 2022,47069
Mon Jan 17 2022,47372
Tue Jan 18 2022,47506
Wed Jan 19 2022,50428
Thu Jan 20 2022,50724
Fri Jan 21 2022,50777
Sat Jan 22 2022,50690
Sun Jan 23 2022,51432
Mon Jan 24 2022,51396
Tue Jan 25 2022,52452
Wed Jan 26 2022,51429
Thu Jan 27 2022,53280
Fri Jan 28 2022,53357
Sat Jan 29 2022,54029
Sun Jan 30 2022,54507
Mon Jan 31 2022,55032
Tue Feb 01 2022,55094
Wed Feb 02 2022,55333
Thu Feb 03 2022,55465
Fri Feb 04 2022,56458
Sat Feb 05 2022,56879
Sun Feb 06 2022,57160
Mon Feb 07 2022,57559
Tue Feb 08 2022,57563
Wed Feb 09 2022,57575
Thu Feb 10 2022,57576
Fri Feb 11 2022,57575
Sat Feb 12 2022,58196
Sun Feb 13 2022,58212
Mon Feb 14 2022,59591
Tue Feb 15 2022,59876
Wed Feb 16 2022,60204
Thu Feb 17 2022,60614
Fri Feb 18 2022,61223
Sat Feb 19 2022,60399
Sun Feb 20 2022,61364
Mon Feb 21 2022,62058
Tue Feb 22 2022,62239
Wed Feb 23 2022,62512
Thu Feb 24 2022,65410
Fri Feb 25 2022,64904
Sat Feb 26 2022,65187
Sun Feb 27 2022,65181
Mon Feb 28 2022,65892
Tue Mar 01 2022,66109
Wed Mar 02 2022,66060
Thu Mar 03 2022,65799
Fri Mar 04 2022,65798
Sat Mar 05 2022,65654
Sun Mar 06 2022,65714
Mon Mar 07 2022,65904
Tue Mar 08 2022,66488
Wed Mar 09 2022,66422
Thu Mar 10 2022,66530
Fri Mar 11 2022,66090
Sat Mar 12 2022,66426
Sun Mar 13 2022,65188
Mon Mar 14 2022,64784
Tue Mar 15 2022,63044
Wed Mar 16 2022,63638
Thu Mar 17 2022,64441
Fri Mar 18 2022,64358
Sat Mar 19 2022,64508
Sun Mar 20 2022,64249
Mon Mar 21 2022,64735
Tue Mar 22 2022,65134
Wed Mar 23 2022,65164
Thu Mar 24 2022,64876
Fri Mar 25 2022,65478
Sat Mar 26 2022,64587
Sun Mar 27 2022,64694
Mon Mar 28 2022,64703
Tue Mar 29 2022,63238
Wed Mar 30 2022,63962
Thu Mar 31 2022,64123
Fri Apr 01 2022,64335
Sat Apr 02 2022,65035
Sun Apr 03 2022,65050
Mon Apr 04 2022,64731
Tue Apr 05 2022,65294
Wed Apr 06 2022,65176
Thu Apr 07 2022,65275
Fri Apr 08 2022,65050
Sat Apr 09 2022,64679
Sun Apr 10 2022,65619
Mon Apr 11 2022,65043
Tue Apr 12 2022,64710
Wed Apr 13 2022,64513
Thu Apr 14 2022,65150
Fri Apr 15 2022,65246
Sat Apr 16 2022,64709
Sun Apr 17 2022,64853
Mon Apr 18 2022,64873
Tue Apr 19 2022,65291
Wed Apr 20 2022,65309
Thu Apr 21 2022,65365
Fri Apr 22 2022,63169
Sat Apr 23 2022,63211
Sun Apr 24 2022,63054
Mon Apr 25 2022,63118
Tue Apr 26 2022,62902
Wed Apr 27 2022,63011
Thu Apr 28 2022,61992
Fri Apr 29 2022,62223
Sat Apr 30 2022,63518
Sun May 01 2022,63476
Mon May 02 2022,63582
Tue May 03 2022,63514
Wed May 04 2022,61581
Thu May 05 2022,61143
Fri May 06 2022,60481
Sat May 07 2022,60278
Sun May 08 2022,60217
Mon May 09 2022,60400
Tue May 10 2022,59218
Wed May 11 2022,58984
Thu May 12 2022,58930
Fri May 13 2022,59450
Sat May 14 2022,58032
Sun May 15 2022,58193
Mon May 16 2022,58308
Tue May 17 2022,58142
Wed May 18 2022,58407
Thu May 19 2022,59670
Fri May 20 2022,61509
Sat May 21 2022,59827
Sun May 22 2022,60815
Mon May 23 2022,59417
Tue May 24 2022,59387
Wed May 25 2022,59239
Thu May 26 2022,58922
Fri May 27 2022,58938
Sat May 28 2022,57787
Sun May 29 2022,58686
Mon May 30 2022,57415
Tue May 31 2022,57330
Wed Jun 01 2022,56646
Thu Jun 02 2022,56788
Fri Jun 03 2022,56966
Sat Jun 04 2022,57836
Sun Jun 05 2022,58088
Mon Jun 06 2022,57823
Tue Jun 07 2022,57743
Wed Jun 08 2022,57550
Thu Jun 09 2022,57539
Fri Jun 10 2022,58325
Sat Jun 11 2022,58159
Sun Jun 12 2022,58298
Mon Jun 13 2022,58322
Tue Jun 14 2022,58674
Wed Jun 15 2022,58528
Thu Jun 16 2022,58727
Fri Jun 17 2022,58218
Sat Jun 18 2022,58450
Sun Jun 19 2022,57132
Mon Jun 20 2022,57179
Tue Jun 21 2022,57102
Wed Jun 22 2022,56867
Thu Jun 23 2022,56719
Fri Jun 24 2022,57618
Sat Jun 25 2022,57424
Sun Jun 26 2022,57289
Mon Jun 27 2022,57180
Tue Jun 28 2022,57177
Wed Jun 29 2022,56913
Thu Jun 30 2022,57234
Fri Jul 01 2022,57315
Sat Jul 02 2022,57380
Sun Jul 03 2022,57378
Mon Jul 04 2022,57304
Tue Jul 05 2022,56986
Wed Jul 06 2022,56435
Thu Jul 07 2022,56739
Fri Jul 08 2022,56559
Sat Jul 09 2022,56620
Sun Jul 10 2022,56639
Mon Jul 11 2022,56527
Tue Jul 12 2022,56110
Wed Jul 13 2022,56099
Thu Jul 14 2022,55856
Fri Jul 15 2022,55265
Sat Jul 16 2022,55659
Sun Jul 17 2022,55751
Mon Jul 18 2022,55518
Tue Jul 19 2022,55394
Wed Jul 20 2022,55428
Thu Jul 21 2022,55410
Fri Jul 22 2022,55463
Sat Jul 23 2022,55324
Sun Jul 24 2022,55198
Mon Jul 25 2022,56281
Tue Jul 26 2022,55921
Wed Jul 27 2022,54072
Thu Jul 28 2022,53976
Fri Jul 29 2022,53558
Sat Jul 30 2022,52763
Sun Jul 31 2022,52757
Mon Aug 01 2022,53593
Tue Aug 02 2022,52660
Wed Aug 03 2022,52476
Thu Aug 04 2022,53165
Fri Aug 05 2022,53092
Sat Aug 06 2022,52868
Sun Aug 07 2022,53126
Mon Aug 08 2022,53099
Tue Aug 09 2022,52797
Wed Aug 10 2022,52570
Thu Aug 11 2022,53125
Fri Aug 12 2022,53562
Sat Aug 13 2022,53211
Sun Aug 14 2022,52725
Mon Aug 15 2022,52635
Tue Aug 16 2022,52474
Wed Aug 17 2022,51914
Thu Aug 18 2022,51678
Fri Aug 19 2022,51822
Sat Aug 20 2022,51705
Sun Aug 21 2022,51624
Mon Aug 22 2022,51863
Tue Aug 23 2022,51992
Wed Aug 24 2022,52092
Thu Aug 25 2022,52233
Fri Aug 26 2022,52126
Sat Aug 27 2022,51528
Sun Aug 28 2022,51515
Mon Aug 29 2022,51057
Tue Aug 30 2022,51031
Wed Aug 31 2022,50946
Thu Sep 01 2022,50991
Fri Sep 02 2022,50875
Sat Sep 03 2022,50912
Sun Sep 04 2022,50775
Mon Sep 05 2022,50310
Tue Sep 06 2022,50145
Wed Sep 07 2022,50179
Thu Sep 08 2022,50399
Fri Sep 09 2022,50505
Sat Sep 10 2022,50448
Sun Sep 11 2022,49579
Mon Sep 12 2022,47666
Tue Sep 13 2022,48249
Wed Sep 14 2022,48319
Thu Sep 15 2022,48217
Fri Sep 16 2022,48295
Sat Sep 17 2022,48354
Sun Sep 18 2022,48519
Mon Sep 19 2022,48617
Tue Sep 20 2022,48505
Wed Sep 21 2022,47739
Thu Sep 22 2022,47843
Fri Sep 23 2022,47859
Sat Sep 24 2022,48771
Sun Sep 25 2022,48257
Mon Sep 26 2022,48224
Tue Sep 27 2022,47552
Wed Sep 28 2022,47643
Thu Sep 29 2022,47639
Fri Sep 30 2022,47683
Sat Oct 01 2022,47941
Sun Oct 02 2022,48332
Mon Oct 03 2022,48394
Tue Oct 04 2022,48676
Wed Oct 05 2022,49031
Thu Oct 06 2022,48868
Fri Oct 07 2022,49114
Sat Oct 08 2022,48879
Sun Oct 09 2022,48757
Mon Oct 10 2022,48925
Tue Oct 11 2022,49344
Wed Oct 12 2022,49404
Thu Oct 13 2022,49633
Fri Oct 14 2022,49125
Sat Oct 15 2022,49009
Sun Oct 16 2022,48797
Mon Oct 17 2022,48789
Tue Oct 18 2022,48798
Wed Oct 19 2022,49003
Thu Oct 20 2022,49070
Fri Oct 21 2022,49292
Sat Oct 22 2022,49757
Sun Oct 23 2022,49863
Mon Oct 24 2022,50015
Tue Oct 25 2022,49698
Wed Oct 26 2022,49440
Thu Oct 27 2022,49388
Fri Oct 28 2022,48238
Sat Oct 29 2022,47796
Sun Oct 30 2022,48174
Mon Oct 31 2022,48196
Tue Nov 01 2022,48343
Wed Nov 02 2022,48366
Thu Nov 03 2022,48425
Fri Nov 04 2022,47937
Sat Nov 05 2022,48328
Sun Nov 06 2022,48253
Mon Nov 07 2022,48263
Tue Nov 08 2022,48507
Wed Nov 09 2022,48438
Thu Nov 10 2022,48475
Fri Nov 11 2022,48338
Sat Nov 12 2022,47836
Sun Nov 13 2022,47571
Mon Nov 14 2022,47797
Tue Nov 15 2022,47765
Wed Nov 16 2022,47830
Thu Nov 17 2022,48015
Fri Nov 18 2022,48139
Sat Nov 19 2022,48021
Sun Nov 20 2022,47914
Mon Nov 21 2022,47699
Tue Nov 22 2022,47599
Wed Nov 23 2022,47279
Thu Nov 24 2022,47225
Fri Nov 25 2022,47353
Sat Nov 26 2022,47320
Sun Nov 27 2022,46998
Mon Nov 28 2022,47313
Tue Nov 29 2022,47644
Wed Nov 30 2022,47414
Thu Dec 01 2022,47310
Fri Dec 02 2022,47310
Sat Dec 03 2022,46775
Sun Dec 04 2022,46712
Mon Dec 05 2022,46778
Tue Dec 06 2022,46499
Wed Dec 07 2022,46388
Thu Dec 08 2022,46147
Fri Dec 09 2022,45852
Sat Dec 10 2022,45249
Sun Dec 11 2022,45170
Mon Dec 12 2022,45139
Tue Dec 13 2022,45401
Wed Dec 14 2022,45458
Thu Dec 15 2022,45276
Fri Dec 16 2022,44876
Sat Dec 17 2022,44891
Sun Dec 18 2022,44663
Mon Dec 19 2022,44631
Tue Dec 20 2022,44322
Wed Dec 21 2022,44256
Thu Dec 22 2022,44147
Fri Dec 23 2022,43928
Sat Dec 24 2022,43964
Sun Dec 25 2022,43913
Mon Dec 26 2022,43615
Tue Dec 27 2022,43594
Wed Dec 28 2022,43511
Thu Dec 29 2022,43828
Fri Dec 30 2022,43962
Sat Dec 31 2022,43571
Sun Jan 01 2023,43494
Mon Jan 02 2023,42846
Tue Jan 03 2023,43374
Wed Jan 04 2023,43282
Thu Jan 05 2023,43247
Fri Jan 06 2023,43080
Sat Jan 07 2023,43108
Sun Jan 08 2023,43089
Mon Jan 09 2023,43594
Tue Jan 10 2023,43412
Wed Jan 11 2023,42938
Thu Jan 12 2023,42352
Fri Jan 13 2023,42703
Sat Jan 14 2023,42597
Sun Jan 15 2023,42876
Mon Jan 16 2023,41905
Tue Jan 17 2023,42109
Wed Jan 18 2023,42095
Thu Jan 19 2023,41914
Fri Jan 20 2023,41755
Sat Jan 21 2023,41873
Sun Jan 22 2023,41781
Mon Jan 23 2023,41687
Tue Jan 24 2023,41470
Wed Jan 25 2023,40961
Thu Jan 26 2023,41639
Fri Jan 27 2023,41530
Sat Jan 28 2023,41540
Sun Jan 29 2023,41295
Mon Jan 30 2023,41291
Tue Jan 31 2023,41354
Wed Feb 01 2023,41489
Thu Feb 02 2023,41526
Fri Feb 03 2023,40573
Sat Feb 04 2023,40613
Sun Feb 05 2023,40409
Mon Feb 06 2023,40645
Tue Feb 07 2023,40486
Wed Feb 08 2023,40475
Thu Feb 09 2023,39940
Fri Feb 10 2023,40500
Sat Feb 11 2023,40994
Sun Feb 12 2023,40986
Mon Feb 13 2023,40928
Tue Feb 14 2023,41054
Wed Feb 15 2023,40923
Thu Feb 16 2023,40591
Fri Feb 17 2023,40664
Sat Feb 18 2023,40845
Sun Feb 19 2023,40899
Mon Feb 20 2023,41105
Tue Feb 21 2023,41182
Wed Feb 22 2023,41137
Thu Feb 23 2023,40981
Fri Feb 24 2023,41064
Sat Feb 25 2023,41088
Sun Feb 26 2023,41174
Mon Feb 27 2023,41671
Tue Feb 28 2023,41992
Wed Mar 01 2023,41802
Thu Mar 02 2023,41860
Fri Mar 03 2023,42088
Sat Mar 04 2023,42056
Sun Mar 05 2023,42050
Mon Mar 06 2023,42074
Tue Mar 07 2023,42428
Wed Mar 08 2023,42442
Thu Mar 09 2023,42662
Fri Mar 10 2023,42199
Sat Mar 11 2023,42171
Sun Mar 12 2023,42008
Mon Mar 13 2023,41815
Tue Mar 14 2023,41755
Wed Mar 15 2023,41902
Thu Mar 16 2023,41882
Fri Mar 17 2023,41943
Sat Mar 18 2023,41943
Sun Mar 19 2023,41942
Mon Mar 20 2023,42009
Tue Mar 21 2023,41927
Wed Mar 22 2023,41537
Thu Mar 23 2023,41434
Fri Mar 24 2023,41422
Sat Mar 25 2023,41408
Sun Mar 26 2023,41389
Mon Mar 27 2023,41513
Tue Mar 28 2023,41984
Wed Mar 29 2023,41553
Thu Mar 30 2023,41321
Fri Mar 31 2023,40999
Sat Apr 01 2023,40223
Sun Apr 02 2023,40701
Mon Apr 03 2023,40688
Tue Apr 04 2023,40661
Wed Apr 05 2023,40823
Thu Apr 06 2023,40866
Fri Apr 07 2023,40652
Sat Apr 08 2023,40449
Sun Apr 09 2023,41110
Mon Apr 10 2023,41080
Tue Apr 11 2023,41116
Wed Apr 12 2023,41131
Thu Apr 13 2023,41030
Fri Apr 14 2023,40996
Sat Apr 15 2023,40865
Sun Apr 16 2023,40811
Mon Apr 17 2023,40760
Tue Apr 18 2023,40567
Wed Apr 19 2023,40396
Thu Apr 20 2023,40243
Fri Apr 21 2023,40395
Sat Apr 22 2023,40240
Sun Apr 23 2023,39588
Mon Apr 24 2023,39551
Tue Apr 25 2023,39506
Wed Apr 26 2023,39540
Thu Apr 27 2023,39128
Fri Apr 28 2023,39108
Sat Apr 29 2023,39146
Sun Apr 30 2023,39000
Mon May 01 2023,38791
Tue May 02 2023,38802
Wed May 03 2023,38788
Thu May 04 2023,38731
Fri May 05 2023,39231
Sat May 06 2023,38951
Sun May 07 2023,38970
Mon May 08 2023,39160
Tue May 09 2023,39157
Wed May 10 2023,38976
Thu May 11 2023,38870
Fri May 12 2023,38355
Sat May 13 2023,38399
Sun May 14 2023,38352
Mon May 15 2023,37728
Tue May 16 2023,37711
Wed May 17 2023,37714
Thu May 18 2023,37640
Fri May 19 2023,37654
Sat May 20 2023,37834
Sun May 21 2023,37789
Mon May 22 2023,37764
Tue May 23 2023,37644
Wed May 24 2023,37654
Thu May 25 2023,37682
Fri May 26 2023,37705
Sat May 27 2023,37725
Sun May 28 2023,37701
Mon May 29 2023,38294
Tue May 30 2023,37999
Wed May 31 2023,38329
Thu Jun 01 2023,38006
Fri Jun 02 2023,38066
Sat Jun 03 2023,38093
Sun Jun 04 2023,38126
Mon Jun 05 2023,38153
Tue Jun 06 2023,38224
Wed Jun 07 2023,38278
Thu Jun 08 2023,38241
Fri Jun 09 2023,38188
Sat Jun 10 2023,37923
Sun Jun 11 2023,37937
Mon Jun 12 2023,37353
Tue Jun 13 2023,37520
Wed Jun 14 2023,37442
Thu Jun 15 2023,37134
Fri Jun 16 2023,36994
Sat Jun 17 2023,37184
Sun Jun 18 2023,37172
Mon Jun 19 2023,37161
Tue Jun 20 2023,37109
Wed Jun 21 2023,37461
Thu Jun 22 2023,37407
Fri Jun 23 2023,38489
Sat Jun 24 2023,38518
Sun Jun 25 2023,37616
Mon Jun 26 2023,37623
Tue Jun 27 2023,37292
Wed Jun 28 2023,37077
Thu Jun 29 2023,36891
Fri Jun 30 2023,36882
Sat Jul 01 2023,36858
Sun Jul 02 2023,36840
Mon Jul 03 2023,36552
Tue Jul 04 2023,36525
Wed Jul 05 2023,36528
Thu Jul 06 2023,36572
Fri Jul 07 2023,36568
Sat Jul 08 2023,36466
Sun Jul 09 2023,36529
Mon Jul 10 2023,36539
Tue Jul 11 2023,36401
Wed Jul 12 2023,36240
Thu Jul 13 2023,36576
Fri Jul 14 2023,36797
Sat Jul 15 2023,36747
Sun Jul 16 2023,36915
Mon Jul 17 2023,37428
Tue Jul 18 2023,37438
Wed Jul 19 2023,37262
Thu Jul 20 2023,37143
Fri Jul 21 2023,36960
Sat Jul 22 2023,36960
Sun Jul 23 2023,36920
Mon Jul 24 2023,36274
Tue Jul 25 2023,35973
Wed Jul 26 2023,35851
Thu Jul 27 2023,35807
Fri Jul 28 2023,35719
Sat Jul 29 2023,36258
Sun Jul 30 2023,36219
Mon Jul 31 2023,36179
Tue Aug 01 2023,35977
Wed Aug 02 2023,35912
Thu Aug 03 2023,36061
Fri Aug 04 2023,36009
Sat Aug 05 2023,36050
Sun Aug 06 2023,36016
Mon Aug 07 2023,35990
Tue Aug 08 2023,36006
Wed Aug 09 2023,35948
Thu Aug 10 2023,35884
Fri Aug 11 2023,35613
Sat Aug 12 2023,35688
Sun Aug 13 2023,35851
Mon Aug 14 2023,35874
Tue Aug 15 2023,36185
Wed Aug 16 2023,35922
Thu Aug 17 2023,35755
Fri Aug 18 2023,35564
Sat Aug 19 2023,35247
Sun Aug 20 2023,35122
Mon Aug 21 2023,35143
Tue Aug 22 2023,35003
Wed Aug 23 2023,34411
Thu Aug 24 2023,34334
Fri Aug 25 2023,34456
Sat Aug 26 2023,34509
Sun Aug 27 2023,34537
Mon Aug 28 2023,34558
Tue Aug 29 2023,34490
Wed Aug 30 2023,34364
Thu Aug 31 2023,34289
Fri Sep 01 2023,33924
Sat Sep 02 2023,34345
Sun Sep 03 2023,34358
Mon Sep 04 2023,34159
Tue Sep 05 2023,33244
Wed Sep 06 2023,33242
Thu Sep 07 2023,33360
Fri Sep 08 2023,33437
Sat Sep 09 2023,33381
Sun Sep 10 2023,33403
Mon Sep 11 2023,33424
Tue Sep 12 2023,33407
Wed Sep 13 2023,33739
Thu Sep 14 2023,33805
Fri Sep 15 2023,33732
Sat Sep 16 2023,33620
Sun Sep 17 2023,33643
Mon Sep 18 2023,33657
Tue Sep 19 2023,33711
Wed Sep 20 2023,33646
Thu Sep 21 2023,34024
Fri Sep 22 2023,34351
Sat Sep 23 2023,34583
Sun Sep 24 2023,34628
Mon Sep 25 2023,34655
Tue Sep 26 2023,34665
Wed Sep 27 2023,34845
Thu Sep 28 2023,34972
Fri Sep 29 2023,35117
Sat Sep 30 2023,35163
Sun Oct 01 2023,35285
Mon Oct 02 2023,35371
Tue Oct 03 2023,34893
Wed Oct 04 2023,35018
Thu Oct 05 2023,35062
Fri Oct 06 2023,35196
Sat Oct 07 2023,35240
Sun Oct 08 2023,35390
Mon Oct 09 2023,35436
Tue Oct 10 2023,35553
Wed Oct 11 2023,35569
Thu Oct 12 2023,35596
Fri Oct 13 2023,35614
Sat Oct 14 2023,35709
Sun Oct 15 2023,35722
Mon Oct 16 2023,35731
Tue Oct 17 2023,35738
Wed Oct 18 2023,35742
Thu Oct 19 2023,35745
Fri Oct 20 2023,35577
Sat Oct 21 2023,35628
Sun Oct 22 2023,35661
Mon Oct 23 2023,35161
Tue Oct 24 2023,35093
Wed Oct 25 2023,34930
Thu Oct 26 2023,35352
Fri Oct 27 2023,35274
Sat Oct 28 2023,35258
Sun Oct 29 2023,35015
Mon Oct 30 2023,35000
Tue Oct 31 2023,34544
Wed Nov 01 2023,34300
Thu Nov 02 2023,34244
Fri Nov 03 2023,34179
Sat Nov 04 2023,33903
Sun Nov 05 2023,34107
Mon Nov 06 2023,33612
Tue Nov 07 2023,33539
Wed Nov 08 2023,33512
Thu Nov 09 2023,33533
Fri Nov 10 2023,33703
Sat Nov 11 2023,33750
Sun Nov 12 2023,33886
Mon Nov 13 2023,33883
Tue Nov 14 2023,33909
Wed Nov 15 2023,33800
Thu Nov 16 2023,33626
Fri Nov 17 2023,33604
Sat Nov 18 2023,33496
Sun Nov 19 2023,33427
Mon Nov 20 2023,33419
Tue Nov 21 2023,33389
Wed Nov 22 2023,33389
Thu Nov 23 2023,33516
Fri Nov 24 2023,33634
Sat Nov 25 2023,33606
Sun Nov 26 2023,33568
Mon Nov 27 2023,33585
Tue Nov 28 2023,33527
Wed Nov 29 2023,33403
Thu Nov 30 2023,33370
Fri Dec 01 2023,33165
Sat Dec 02 2023,33236
Sun Dec 03 2023,33147
Mon Dec 04 2023,33132
Tue Dec 05 2023,33185
Wed Dec 06 2023,33287
Thu Dec 07 2023,33271
Fri Dec 08 2023,33231
Sat Dec 09 2023,33000
Sun Dec 10 2023,32892
Mon Dec 11 2023,32952
Tue Dec 12 2023,32924
Wed Dec 13 2023,32778
Thu Dec 14 2023,32850
Fri Dec 15 2023,32814
Sat Dec 16 2023,32608
Sun Dec 17 2023,32438
Mon Dec 18 2023,32418
Tue Dec 19 2023,32397
Wed Dec 20 2023,32266
Thu Dec 21 2023,32335
Fri Dec 22 2023,32230
Sat Dec 23 2023,32153
Sun Dec 24 2023,32313
Mon Dec 25 2023,32312
Tue Dec 26 2023,32279
Wed Dec 27 2023,32257
Thu Dec 28 2023,32040
Fri Dec 29 2023,32034
Sat Dec 30 2023,31993
Sun Dec 31 2023,31897
Mon Jan 01 2024,31863
Tue Jan 02 2024,31785
Wed Jan 03 2024,31804
Thu Jan 04 2024,31778
Fri Jan 05 2024,31769
Sat Jan 06 2024,31910
Sun Jan 07 2024,31729
Mon Jan 08 2024,31670
Tue Jan 09 2024,31617
Wed Jan 10 2024,31663
Thu Jan 11 2024,31541
Fri Jan 12 2024,31434
Sat Jan 13 2024,31533
Sun Jan 14 2024,31661
Mon Jan 15 2024,31835
Tue Jan 16 2024,31728
Wed Jan 17 2024,32060
Thu Jan 18 2024,32055
Fri Jan 19 2024,32107
Sat Jan 20 2024,32128
Sun Jan 21 2024,32349
Mon Jan 22 2024,32605
Tue Jan 23 2024,32638
Wed Jan 24 2024,32593
Thu Jan 25 2024,32743
Fri Jan 26 2024,32596
Sat Jan 27 2024,32496
Sun Jan 28 2024,32489
Mon Jan 29 2024,32518
Tue Jan 30 2024,32741
Wed Jan 31 2024,32755
Thu Feb 01 2024,32902
Fri Feb 02 2024,32541
Sat Feb 03 2024,32390
Sun Feb 04 2024,32411
Mon Feb 05 2024,32792
Tue Feb 06 2024,32620
Wed Feb 07 2024,32765
Thu Feb 08 2024,33135
Fri Feb 09 2024,33331
Sat Feb 10 2024,33584
Sun Feb 11 2024,33643
Mon Feb 12 2024,33671
Tue Feb 13 2024,33738
Wed Feb 14 2024,33454
Thu Feb 15 2024,33565
Fri Feb 16 2024,33864
Sat Feb 17 2024,33886
Sun Feb 18 2024,34318
Mon Feb 19 2024,34148
Tue Feb 20 2024,33849
Wed Feb 21 2024,33639
Thu Feb 22 2024,33338
Fri Feb 23 2024,33346
Sat Feb 24 2024,33444
Sun Feb 25 2024,33466
Mon Feb 26 2024,33478
Tue Feb 27 2024,33175
Wed Feb 28 2024,33258
Thu Feb 29 2024,33301
Fri Mar 01 2024,33331
Sat Mar 02 2024,33416
Sun Mar 03 2024,33421
Mon Mar 04 2024,33439
Tue Mar 05 2024,33304
Wed Mar 06 2024,33238
Thu Mar 07 2024,33256
Fri Mar 08 2024,33270
Sat Mar 09 2024,33490
Sun Mar 10 2024,33802
Mon Mar 11 2024,33978
Tue Mar 12 2024,33791
Wed Mar 13 2024,33648
Thu Mar 14 2024,33604
Fri Mar 15 2024,33139
Sat Mar 16 2024,33222
Sun Mar 17 2024,33137
Mon Mar 18 2024,33158
Tue Mar 19 2024,33310
Wed Mar 20 2024,33745
Thu Mar 21 2024,33615
Fri Mar 22 2024,33622
Sat Mar 23 2024,33542
Sun Mar 24 2024,33452
Mon Mar 25 2024,33506
Tue Mar 26 2024,33620
Wed Mar 27 2024,33698
Thu Mar 28 2024,33652
Fri Mar 29 2024,33599
Sat Mar 30 2024,33754
Sun Mar 31 2024,33781
Mon Apr 01 2024,33803
Tue Apr 02 2024,33634
Wed Apr 03 2024,33578
Thu Apr 04 2024,33695
Fri Apr 05 2024,33654
Sat Apr 06 2024,33460
Sun Apr 07 2024,33592
Mon Apr 08 2024,33729
Tue Apr 09 2024,34046
Wed Apr 10 2024,34190
Thu Apr 11 2024,33905
Fri Apr 12 2024,33916
Sat Apr 13 2024,33903
Sun Apr 14 2024,34196
Mon Apr 15 2024,34160
Tue Apr 16 2024,34193
Wed Apr 17 2024,34138
Thu Apr 18 2024,34184
Fri Apr 19 2024,34219
Sat Apr 20 2024,34081
Sun Apr 21 2024,33931
Mon Apr 22 2024,34023
Tue Apr 23 2024,34512
Wed Apr 24 2024,34498
Thu Apr 25 2024,34487
Fri Apr 26 2024,34405
Sat Apr 27 2024,34415
Sun Apr 28 2024,34595
Mon Apr 29 2024,34900
Tue Apr 30 2024,34883
Wed May 01 2024,35081
Thu May 02 2024,35166
Fri May 03 2024,35018
Sat May 04 2024,34955
Sun May 05 2024,34853
Mon May 06 2024,34742
Tue May 07 2024,34916
Wed May 08 2024,34761
Thu May 09 2024,34607
Fri May 10 2024,34738
Sat May 11 2024,34737