date,Patek Philippe 5711/1A (CHF)
Mon May 13 2019,39251
Tue May 14 2019,39259
Wed May 15 2019,39266
Thu May 16 2019,39273
Fri May 17 2019,39277
Sat May 18 2019,39279
Sun May 19 2019,39277
Mon May 20 2019,39272
Tue May 21 2019,39266
Wed May 22 2019,39261
Thu May 23 2019,39889
Fri May 24 2019,39873
Sat May 25 2019,39850
Sun May 26 2019,42967
Mon May 27 2019,42941
Tue May 28 2019,42918
Wed May 29 2019,42899
Thu May 30 2019,42881
Fri May 31 2019,43568
Sat Jun 01 2019,43549
Sun Jun 02 2019,43522
Mon Jun 03 2019,43496
Tue Jun 04 2019,43467
Wed Jun 05 2019,43433
Thu Jun 06 2019,43396
Fri Jun 07 2019,43358
Sat Jun 08 2019,43317
Sun Jun 09 2019,43274
Mon Jun 10 2019,43237
Tue Jun 11 2019,43207
Wed Jun 12 2019,45498
Thu Jun 13 2019,45475
Fri Jun 14 2019,45454
Sat Jun 15 2019,45436
Sun Jun 16 2019,45422
Mon Jun 17 2019,45405
Tue Jun 18 2019,45387
Wed Jun 19 2019,45370
Thu Jun 20 2019,45351
Fri Jun 21 2019,45312
Sat Jun 22 2019,45267
Sun Jun 23 2019,45219
Mon Jun 24 2019,45178
Tue Jun 25 2019,45136
Wed Jun 26 2019,45093
Thu Jun 27 2019,45053
Fri Jun 28 2019,45011
Sat Jun 29 2019,44964
Sun Jun 30 2019,44916
Mon Jul 01 2019,44875
Tue Jul 02 2019,44851
Wed Jul 03 2019,44830
Thu Jul 04 2019,44814
Fri Jul 05 2019,43455
Sat Jul 06 2019,43450
Sun Jul 07 2019,43449
Mon Jul 08 2019,43452
Tue Jul 09 2019,43459
Wed Jul 10 2019,43405
Thu Jul 11 2019,43406
Fri Jul 12 2019,44779
Sat Jul 13 2019,44769
Sun Jul 14 2019,46620
Mon Jul 15 2019,45144
Tue Jul 16 2019,45120
Wed Jul 17 2019,45101
Thu Jul 18 2019,45085
Fri Jul 19 2019,45064
Sat Jul 20 2019,45042
Sun Jul 21 2019,45036
Mon Jul 22 2019,45039
Tue Jul 23 2019,45050
Wed Jul 24 2019,47346
Thu Jul 25 2019,47364
Fri Jul 26 2019,47386
Sat Jul 27 2019,47411
Sun Jul 28 2019,47436
Mon Jul 29 2019,47465
Tue Jul 30 2019,47490
Wed Jul 31 2019,47512
Thu Aug 01 2019,47523
Fri Aug 02 2019,47535
Sat Aug 03 2019,47534
Sun Aug 04 2019,47528
Mon Aug 05 2019,47517
Tue Aug 06 2019,49039
Wed Aug 07 2019,49011
Thu Aug 08 2019,48983
Fri Aug 09 2019,48953
Sat Aug 10 2019,52313
Sun Aug 11 2019,52284
Mon Aug 12 2019,52259
Tue Aug 13 2019,52236
Wed Aug 14 2019,52215
Thu Aug 15 2019,52197
Fri Aug 16 2019,52177
Sat Aug 17 2019,52161
Sun Aug 18 2019,52149
Mon Aug 19 2019,52142
Tue Aug 20 2019,52139
Wed Aug 21 2019,52134
Thu Aug 22 2019,52132
Fri Aug 23 2019,52129
Sat Aug 24 2019,52122
Sun Aug 25 2019,52098
Mon Aug 26 2019,52067
Tue Aug 27 2019,52173
Wed Aug 28 2019,52148
Thu Aug 29 2019,52130
Fri Aug 30 2019,52118
Sat Aug 31 2019,52113
Sun Sep 01 2019,52107
Mon Sep 02 2019,52115
Tue Sep 03 2019,52130
Wed Sep 04 2019,52143
Thu Sep 05 2019,52157
Fri Sep 06 2019,54363
Sat Sep 07 2019,54386
Sun Sep 08 2019,54409
Mon Sep 09 2019,54435
Tue Sep 10 2019,55098
Wed Sep 11 2019,55133
Thu Sep 12 2019,55175
Fri Sep 13 2019,54548
Sat Sep 14 2019,54216
Sun Sep 15 2019,54244
Mon Sep 16 2019,54263
Tue Sep 17 2019,54286
Wed Sep 18 2019,54314
Thu Sep 19 2019,54341
Fri Sep 20 2019,54367
Sat Sep 21 2019,54387
Sun Sep 22 2019,54401
Mon Sep 23 2019,54420
Tue Sep 24 2019,54449
Wed Sep 25 2019,54476
Thu Sep 26 2019,54496
Fri Sep 27 2019,54519
Sat Sep 28 2019,54539
Sun Sep 29 2019,54553
Mon Sep 30 2019,54557
Tue Oct 01 2019,54566
Wed Oct 02 2019,54579
Thu Oct 03 2019,52715
Fri Oct 04 2019,52732
Sat Oct 05 2019,52754
Sun Oct 06 2019,52774
Mon Oct 07 2019,52788
Tue Oct 08 2019,52801
Wed Oct 09 2019,52812
Thu Oct 10 2019,52818
Fri Oct 11 2019,52824
Sat Oct 12 2019,52832
Sun Oct 13 2019,52842
Mon Oct 14 2019,52856
Tue Oct 15 2019,52867
Wed Oct 16 2019,52882
Thu Oct 17 2019,52892
Fri Oct 18 2019,52887
Sat Oct 19 2019,52872
Sun Oct 20 2019,55840
Mon Oct 21 2019,55825
Tue Oct 22 2019,55815
Wed Oct 23 2019,55810
Thu Oct 24 2019,55809
Fri Oct 25 2019,56609
Sat Oct 26 2019,56835
Sun Oct 27 2019,56838
Mon Oct 28 2019,56923
Tue Oct 29 2019,57700
Wed Oct 30 2019,57707
Thu Oct 31 2019,57701
Fri Nov 01 2019,57681
Sat Nov 02 2019,57661
Sun Nov 03 2019,57985
Mon Nov 04 2019,60447
Tue Nov 05 2019,60430
Wed Nov 06 2019,60420
Thu Nov 07 2019,60416
Fri Nov 08 2019,60417
Sat Nov 09 2019,60474
Sun Nov 10 2019,60478
Mon Nov 11 2019,60477
Tue Nov 12 2019,59255
Wed Nov 13 2019,59249
Thu Nov 14 2019,59237
Fri Nov 15 2019,59219
Sat Nov 16 2019,59205
Sun Nov 17 2019,59204
Mon Nov 18 2019,59210
Tue Nov 19 2019,59221
Wed Nov 20 2019,59234
Thu Nov 21 2019,59245
Fri Nov 22 2019,59253
Sat Nov 23 2019,59263
Sun Nov 24 2019,59275
Mon Nov 25 2019,59283
Tue Nov 26 2019,59288
Wed Nov 27 2019,59294
Thu Nov 28 2019,59300
Fri Nov 29 2019,59309
Sat Nov 30 2019,59400
Sun Dec 01 2019,59426
Mon Dec 02 2019,60424
Tue Dec 03 2019,60444
Wed Dec 04 2019,60450
Thu Dec 05 2019,60453
Fri Dec 06 2019,60447
Sat Dec 07 2019,60439
Sun Dec 08 2019,60432
Mon Dec 09 2019,60421
Tue Dec 10 2019,60405
Wed Dec 11 2019,60384
Thu Dec 12 2019,60362
Fri Dec 13 2019,60341
Sat Dec 14 2019,59240
Sun Dec 15 2019,59893
Mon Dec 16 2019,59883
Tue Dec 17 2019,59813
Wed Dec 18 2019,59797
Thu Dec 19 2019,57150
Fri Dec 20 2019,57128
Sat Dec 21 2019,57108
Sun Dec 22 2019,56496
Mon Dec 23 2019,56472
Tue Dec 24 2019,55960
Wed Dec 25 2019,55930
Thu Dec 26 2019,55900
Fri Dec 27 2019,55869
Sat Dec 28 2019,55828
Sun Dec 29 2019,55784
Mon Dec 30 2019,56441
Tue Dec 31 2019,56385
Wed Jan 01 2020,56323
Thu Jan 02 2020,55887
Fri Jan 03 2020,55852
Sat Jan 04 2020,55820
Sun Jan 05 2020,55791
Mon Jan 06 2020,55744
Tue Jan 07 2020,54604
Wed Jan 08 2020,54566
Thu Jan 09 2020,54533
Fri Jan 10 2020,54509
Sat Jan 11 2020,54489
Sun Jan 12 2020,54469
Mon Jan 13 2020,54448
Tue Jan 14 2020,55959
Wed Jan 15 2020,57072
Thu Jan 16 2020,57036
Fri Jan 17 2020,57002
Sat Jan 18 2020,56975
Sun Jan 19 2020,56951
Mon Jan 20 2020,56908
Tue Jan 21 2020,56962
Wed Jan 22 2020,56934
Thu Jan 23 2020,56910
Fri Jan 24 2020,56863
Sat Jan 25 2020,56842
Sun Jan 26 2020,56824
Mon Jan 27 2020,56812
Tue Jan 28 2020,56802
Wed Jan 29 2020,56919
Thu Jan 30 2020,57535
Fri Jan 31 2020,57541
Sat Feb 01 2020,57883
Sun Feb 02 2020,57869
Mon Feb 03 2020,57853
Tue Feb 04 2020,57838
Wed Feb 05 2020,57831
Thu Feb 06 2020,57835
Fri Feb 07 2020,57843
Sat Feb 08 2020,57852
Sun Feb 09 2020,57860
Mon Feb 10 2020,57868
Tue Feb 11 2020,57877
Wed Feb 12 2020,57886
Thu Feb 13 2020,57895
Fri Feb 14 2020,57913
Sat Feb 15 2020,57944
Sun Feb 16 2020,57980
Mon Feb 17 2020,58010
Tue Feb 18 2020,58038
Wed Feb 19 2020,58066
Thu Feb 20 2020,58046
Fri Feb 21 2020,58706
Sat Feb 22 2020,58989
Sun Feb 23 2020,59008
Mon Feb 24 2020,59024
Tue Feb 25 2020,59041
Wed Feb 26 2020,59240
Thu Feb 27 2020,59252
Fri Feb 28 2020,59252
Sat Feb 29 2020,59236
Sun Mar 01 2020,59224
Mon Mar 02 2020,59142
Tue Mar 03 2020,59605
Wed Mar 04 2020,59592
Thu Mar 05 2020,59664
Fri Mar 06 2020,59629
Sat Mar 07 2020,59561
Sun Mar 08 2020,59482
Mon Mar 09 2020,59399
Tue Mar 10 2020,59399
Wed Mar 11 2020,59307
Thu Mar 12 2020,59223
Fri Mar 13 2020,59147
Sat Mar 14 2020,59099
Sun Mar 15 2020,59099
Mon Mar 16 2020,58965
Tue Mar 17 2020,58965
Wed Mar 18 2020,58933
Thu Mar 19 2020,58529
Fri Mar 20 2020,58521
Sat Mar 21 2020,58521
Sun Mar 22 2020,58527
Mon Mar 23 2020,58539
Tue Mar 24 2020,58551
Wed Mar 25 2020,58553
Thu Mar 26 2020,58551
Fri Mar 27 2020,58532
Sat Mar 28 2020,58491
Sun Mar 29 2020,58446
Mon Mar 30 2020,58411
Tue Mar 31 2020,58394
Wed Apr 01 2020,58390
Thu Apr 02 2020,58402
Fri Apr 03 2020,58431
Sat Apr 04 2020,58475
Sun Apr 05 2020,58478
Mon Apr 06 2020,58562
Tue Apr 07 2020,58656
Wed Apr 08 2020,58740
Thu Apr 09 2020,58850
Fri Apr 10 2020,58929
Sat Apr 11 2020,58998
Sun Apr 12 2020,59058
Mon Apr 13 2020,59093
Tue Apr 14 2020,58712
Wed Apr 15 2020,58696
Thu Apr 16 2020,58683
Fri Apr 17 2020,58587
Sat Apr 18 2020,58595
Sun Apr 19 2020,58573
Mon Apr 20 2020,58540
Tue Apr 21 2020,58504
Wed Apr 22 2020,58473
Thu Apr 23 2020,57922
Fri Apr 24 2020,57913
Sat Apr 25 2020,57905
Sun Apr 26 2020,58070
Mon Apr 27 2020,58099
Tue Apr 28 2020,58146
Wed Apr 29 2020,58484
Thu Apr 30 2020,58518
Fri May 01 2020,58532
Sat May 02 2020,58527
Sun May 03 2020,58510
Mon May 04 2020,58480
Tue May 05 2020,58455
Wed May 06 2020,58441
Thu May 07 2020,58433
Fri May 08 2020,58438
Sat May 09 2020,58437
Sun May 10 2020,58441
Mon May 11 2020,58453
Tue May 12 2020,58465
Wed May 13 2020,58475
Thu May 14 2020,58483
Fri May 15 2020,58504
Sat May 16 2020,58523
Sun May 17 2020,58530
Mon May 18 2020,58537
Tue May 19 2020,58547
Wed May 20 2020,58556
Thu May 21 2020,58554
Fri May 22 2020,59709
Sat May 23 2020,59712
Sun May 24 2020,59705
Mon May 25 2020,58414
Tue May 26 2020,58411
Wed May 27 2020,58399
Thu May 28 2020,58388
Fri May 29 2020,57982
Sat May 30 2020,57959
Sun May 31 2020,58232
Mon Jun 01 2020,58230
Tue Jun 02 2020,58229
Wed Jun 03 2020,58229
Thu Jun 04 2020,58223
Fri Jun 05 2020,58201
Sat Jun 06 2020,58172
Sun Jun 07 2020,58147
Mon Jun 08 2020,58129
Tue Jun 09 2020,58107
Wed Jun 10 2020,58071
Thu Jun 11 2020,58019
Fri Jun 12 2020,57962
Sat Jun 13 2020,57917
Sun Jun 14 2020,57875
Mon Jun 15 2020,57834
Tue Jun 16 2020,57792
Wed Jun 17 2020,57746
Thu Jun 18 2020,57703
Fri Jun 19 2020,57660
Sat Jun 20 2020,57629
Sun Jun 21 2020,57597
Mon Jun 22 2020,57367
Tue Jun 23 2020,57324
Wed Jun 24 2020,57273
Thu Jun 25 2020,57222
Fri Jun 26 2020,56944
Sat Jun 27 2020,56903
Sun Jun 28 2020,56865
Mon Jun 29 2020,56836
Tue Jun 30 2020,56811
Wed Jul 01 2020,56787
Thu Jul 02 2020,56759
Fri Jul 03 2020,56676
Sat Jul 04 2020,56644
Sun Jul 05 2020,56617
Mon Jul 06 2020,57498
Tue Jul 07 2020,57457
Wed Jul 08 2020,57417
Thu Jul 09 2020,57378
Fri Jul 10 2020,57347
Sat Jul 11 2020,57337
Sun Jul 12 2020,57334
Mon Jul 13 2020,57320
Tue Jul 14 2020,57297
Wed Jul 15 2020,57273
Thu Jul 16 2020,57256
Fri Jul 17 2020,57248
Sat Jul 18 2020,57230
Sun Jul 19 2020,57555
Mon Jul 20 2020,57574
Tue Jul 21 2020,57548
Wed Jul 22 2020,57516
Thu Jul 23 2020,57478
Fri Jul 24 2020,57440
Sat Jul 25 2020,57394
Sun Jul 26 2020,57588
Mon Jul 27 2020,57532
Tue Jul 28 2020,57474
Wed Jul 29 2020,57415
Thu Jul 30 2020,57346
Fri Jul 31 2020,57268
Sat Aug 01 2020,57193
Sun Aug 02 2020,57127
Mon Aug 03 2020,57061
Tue Aug 04 2020,57004
Wed Aug 05 2020,56944
Thu Aug 06 2020,56877
Fri Aug 07 2020,56810
Sat Aug 08 2020,56753
Sun Aug 09 2020,56699
Mon Aug 10 2020,56642
Tue Aug 11 2020,56590
Wed Aug 12 2020,56536
Thu Aug 13 2020,56845
Fri Aug 14 2020,56782
Sat Aug 15 2020,56547
Sun Aug 16 2020,56474
Mon Aug 17 2020,56408
Tue Aug 18 2020,55224
Wed Aug 19 2020,55157
Thu Aug 20 2020,55093
Fri Aug 21 2020,55045
Sat Aug 22 2020,55004
Sun Aug 23 2020,54971
Mon Aug 24 2020,54947
Tue Aug 25 2020,54927
Wed Aug 26 2020,54905
Thu Aug 27 2020,54884
Fri Aug 28 2020,54863
Sat Aug 29 2020,54843
Sun Aug 30 2020,54827
Mon Aug 31 2020,54815
Tue Sep 01 2020,54795
Wed Sep 02 2020,54779
Thu Sep 03 2020,54765
Fri Sep 04 2020,53483
Sat Sep 05 2020,53488
Sun Sep 06 2020,53495
Mon Sep 07 2020,53495
Tue Sep 08 2020,53499
Wed Sep 09 2020,53509
Thu Sep 10 2020,53510
Fri Sep 11 2020,53499
Sat Sep 12 2020,53001
Sun Sep 13 2020,52999
Mon Sep 14 2020,52997
Tue Sep 15 2020,52995
Wed Sep 16 2020,52992
Thu Sep 17 2020,52994
Fri Sep 18 2020,53006
Sat Sep 19 2020,53009
Sun Sep 20 2020,53010
Mon Sep 21 2020,53012
Tue Sep 22 2020,55139
Wed Sep 23 2020,55165
Thu Sep 24 2020,55188
Fri Sep 25 2020,55218
Sat Sep 26 2020,55253
Sun Sep 27 2020,55292
Mon Sep 28 2020,55338
Tue Sep 29 2020,55381
Wed Sep 30 2020,55415
Thu Oct 01 2020,55450
Fri Oct 02 2020,51793
Sat Oct 03 2020,51397
Sun Oct 04 2020,59621
Mon Oct 05 2020,59628
Tue Oct 06 2020,59576
Wed Oct 07 2020,60332
Thu Oct 08 2020,60336
Fri Oct 09 2020,60327
Sat Oct 10 2020,60412
Sun Oct 11 2020,60376
Mon Oct 12 2020,60335
Tue Oct 13 2020,60726
Wed Oct 14 2020,60750
Thu Oct 15 2020,60718
Fri Oct 16 2020,61430
Sat Oct 17 2020,61447
Sun Oct 18 2020,61700
Mon Oct 19 2020,61808
Tue Oct 20 2020,61809
Wed Oct 21 2020,61803
Thu Oct 22 2020,61661
Fri Oct 23 2020,60091
Sat Oct 24 2020,60101
Sun Oct 25 2020,61354
Mon Oct 26 2020,61549
Tue Oct 27 2020,58289
Wed Oct 28 2020,58503
Thu Oct 29 2020,58523
Fri Oct 30 2020,59472
Sat Oct 31 2020,59246
Sun Nov 01 2020,59244
Mon Nov 02 2020,59241
Tue Nov 03 2020,59682
Wed Nov 04 2020,59672
Thu Nov 05 2020,59527
Fri Nov 06 2020,59688
Sat Nov 07 2020,59658
Sun Nov 08 2020,59625
Mon Nov 09 2020,60061
Tue Nov 10 2020,58958
Wed Nov 11 2020,57739
Thu Nov 12 2020,57753
Fri Nov 13 2020,57756
Sat Nov 14 2020,57705
Sun Nov 15 2020,57696
Mon Nov 16 2020,57684
Tue Nov 17 2020,57679
Wed Nov 18 2020,58751
Thu Nov 19 2020,57580
Fri Nov 20 2020,57796
Sat Nov 21 2020,57809
Sun Nov 22 2020,57817
Mon Nov 23 2020,57829
Tue Nov 24 2020,57949
Wed Nov 25 2020,57965
Thu Nov 26 2020,57976
Fri Nov 27 2020,59056
Sat Nov 28 2020,58180
Sun Nov 29 2020,58329
Mon Nov 30 2020,59237
Tue Dec 01 2020,58336
Wed Dec 02 2020,58042
Thu Dec 03 2020,58130
Fri Dec 04 2020,58081
Sat Dec 05 2020,58032
Sun Dec 06 2020,57999
Mon Dec 07 2020,57979
Tue Dec 08 2020,57958
Wed Dec 09 2020,58157
Thu Dec 10 2020,58120
Fri Dec 11 2020,57946
Sat Dec 12 2020,57851
Sun Dec 13 2020,57941
Mon Dec 14 2020,57890
Tue Dec 15 2020,57967
Wed Dec 16 2020,57921
Thu Dec 17 2020,58208
Fri Dec 18 2020,58240
Sat Dec 19 2020,58299
Sun Dec 20 2020,58317
Mon Dec 21 2020,58293
Tue Dec 22 2020,58241
Wed Dec 23 2020,58503
Thu Dec 24 2020,58819
Fri Dec 25 2020,58770
Sat Dec 26 2020,58856
Sun Dec 27 2020,58870
Mon Dec 28 2020,59038
Tue Dec 29 2020,59273
Wed Dec 30 2020,59452
Thu Dec 31 2020,59687
Fri Jan 01 2021,60002
Sat Jan 02 2021,60080
Sun Jan 03 2021,60330
Mon Jan 04 2021,60480
Tue Jan 05 2021,60205
Wed Jan 06 2021,60121
Thu Jan 07 2021,60093
Fri Jan 08 2021,60045
Sat Jan 09 2021,59943
Sun Jan 10 2021,59937
Mon Jan 11 2021,60563
Tue Jan 12 2021,60765
Wed Jan 13 2021,60774
Thu Jan 14 2021,60985
Fri Jan 15 2021,61156
Sat Jan 16 2021,61428
Sun Jan 17 2021,61433
Mon Jan 18 2021,61606
Tue Jan 19 2021,61528
Wed Jan 20 2021,61555
Thu Jan 21 2021,61283
Fri Jan 22 2021,61607
Sat Jan 23 2021,61726
Sun Jan 24 2021,61971
Mon Jan 25 2021,62042
Tue Jan 26 2021,62362
Wed Jan 27 2021,62347
Thu Jan 28 2021,62407
Fri Jan 29 2021,62428
Sat Jan 30 2021,62668
Sun Jan 31 2021,62687
Mon Feb 01 2021,62646
Tue Feb 02 2021,63292
Wed Feb 03 2021,63209
Thu Feb 04 2021,62670
Fri Feb 05 2021,62636
Sat Feb 06 2021,63268
Sun Feb 07 2021,63433
Mon Feb 08 2021,63831
Tue Feb 09 2021,63864
Wed Feb 10 2021,64090
Thu Feb 11 2021,64271
Fri Feb 12 2021,64370
Sat Feb 13 2021,65343
Sun Feb 14 2021,65351
Mon Feb 15 2021,65665
Tue Feb 16 2021,65678
Wed Feb 17 2021,66412
Thu Feb 18 2021,67897
Fri Feb 19 2021,68939
Sat Feb 20 2021,69026
Sun Feb 21 2021,69219
Mon Feb 22 2021,69962
Tue Feb 23 2021,72207
Wed Feb 24 2021,72247
Thu Feb 25 2021,73891
Fri Feb 26 2021,75461
Sat Feb 27 2021,76420
Sun Feb 28 2021,77447
Mon Mar 01 2021,78446
Tue Mar 02 2021,79181
Wed Mar 03 2021,79535
Thu Mar 04 2021,79485
Fri Mar 05 2021,79584
Sat Mar 06 2021,79365
Sun Mar 07 2021,80062
Mon Mar 08 2021,80144
Tue Mar 09 2021,80285
Wed Mar 10 2021,81444
Thu Mar 11 2021,81200
Fri Mar 12 2021,81296
Sat Mar 13 2021,81409
Sun Mar 14 2021,81722
Mon Mar 15 2021,82541
Tue Mar 16 2021,82644
Wed Mar 17 2021,82511
Thu Mar 18 2021,83436
Fri Mar 19 2021,83693
Sat Mar 20 2021,83513
Sun Mar 21 2021,83613
Mon Mar 22 2021,84084
Tue Mar 23 2021,85277
Wed Mar 24 2021,85902
Thu Mar 25 2021,85382
Fri Mar 26 2021,85024
Sat Mar 27 2021,85183
Sun Mar 28 2021,85288
Mon Mar 29 2021,85130
Tue Mar 30 2021,84786
Wed Mar 31 2021,84893
Thu Apr 01 2021,86875
Fri Apr 02 2021,86691
Sat Apr 03 2021,86768
Sun Apr 04 2021,86647
Mon Apr 05 2021,86397
Tue Apr 06 2021,86295
Wed Apr 07 2021,87411
Thu Apr 08 2021,88212
Fri Apr 09 2021,88404
Sat Apr 10 2021,90174
Sun Apr 11 2021,90548
Mon Apr 12 2021,90177
Tue Apr 13 2021,89928
Wed Apr 14 2021,89743
Thu Apr 15 2021,89719
Fri Apr 16 2021,90447
Sat Apr 17 2021,90137
Sun Apr 18 2021,89909
Mon Apr 19 2021,89911
Tue Apr 20 2021,90096
Wed Apr 21 2021,89696
Thu Apr 22 2021,89666
Fri Apr 23 2021,89859
Sat Apr 24 2021,90080
Sun Apr 25 2021,90005
Mon Apr 26 2021,89921
Tue Apr 27 2021,89890
Wed Apr 28 2021,89952
Thu Apr 29 2021,89324
Fri Apr 30 2021,89909
Sat May 01 2021,90264
Sun May 02 2021,90227
Mon May 03 2021,90055
Tue May 04 2021,90248
Wed May 05 2021,90052
Thu May 06 2021,89845
Fri May 07 2021,90386
Sat May 08 2021,90377
Sun May 09 2021,90735
Mon May 10 2021,90737
Tue May 11 2021,90850
Wed May 12 2021,90636
Thu May 13 2021,90679
Fri May 14 2021,90439
Sat May 15 2021,90716
Sun May 16 2021,91309
Mon May 17 2021,91246
Tue May 18 2021,91617
Wed May 19 2021,91891
Thu May 20 2021,91732
Fri May 21 2021,91247
Sat May 22 2021,91252
Sun May 23 2021,90814
Mon May 24 2021,90756
Tue May 25 2021,90597
Wed May 26 2021,90293
Thu May 27 2021,90473
Fri May 28 2021,90845
Sat May 29 2021,90710
Sun May 30 2021,90678
Mon May 31 2021,90813
Tue Jun 01 2021,90301
Wed Jun 02 2021,90949
Thu Jun 03 2021,90612
Fri Jun 04 2021,89711
Sat Jun 05 2021,89672
Sun Jun 06 2021,89634
Mon Jun 07 2021,89962
Tue Jun 08 2021,90121
Wed Jun 09 2021,89938
Thu Jun 10 2021,89922
Fri Jun 11 2021,89272
Sat Jun 12 2021,89612
Sun Jun 13 2021,89450
Mon Jun 14 2021,89782
Tue Jun 15 2021,88956
Wed Jun 16 2021,88086
Thu Jun 17 2021,88301
Fri Jun 18 2021,88781
Sat Jun 19 2021,88937
Sun Jun 20 2021,90152
Mon Jun 21 2021,90275
Tue Jun 22 2021,90610
Wed Jun 23 2021,90287
Thu Jun 24 2021,91155
Fri Jun 25 2021,91681
Sat Jun 26 2021,92020
Sun Jun 27 2021,91545
Mon Jun 28 2021,91646
Tue Jun 29 2021,91449
Wed Jun 30 2021,90897
Thu Jul 01 2021,90549
Fri Jul 02 2021,90966
Sat Jul 03 2021,91283
Sun Jul 04 2021,91348
Mon Jul 05 2021,91439
Tue Jul 06 2021,91294
Wed Jul 07 2021,91263
Thu Jul 08 2021,91643
Fri Jul 09 2021,94048
Sat Jul 10 2021,94429
Sun Jul 11 2021,94494
Mon Jul 12 2021,94634
Tue Jul 13 2021,95313
Wed Jul 14 2021,95850
Thu Jul 15 2021,95455
Fri Jul 16 2021,94973
Sat Jul 17 2021,95037
Sun Jul 18 2021,94859
Mon Jul 19 2021,95108
Tue Jul 20 2021,95257
Wed Jul 21 2021,95848
Thu Jul 22 2021,95363
Fri Jul 23 2021,94146
Sat Jul 24 2021,94153
Sun Jul 25 2021,93773
Mon Jul 26 2021,93645
Tue Jul 27 2021,94202
Wed Jul 28 2021,93665
Thu Jul 29 2021,93547
Fri Jul 30 2021,93159
Sat Jul 31 2021,93100
Sun Aug 01 2021,93187
Mon Aug 02 2021,93124
Tue Aug 03 2021,93042
Wed Aug 04 2021,93120
Thu Aug 05 2021,94543
Fri Aug 06 2021,94907
Sat Aug 07 2021,95150
Sun Aug 08 2021,95137
Mon Aug 09 2021,94664
Tue Aug 10 2021,95016
Wed Aug 11 2021,95043
Thu Aug 12 2021,95604
Fri Aug 13 2021,94547
Sat Aug 14 2021,94737
Sun Aug 15 2021,94127
Mon Aug 16 2021,94115
Tue Aug 17 2021,94905
Wed Aug 18 2021,94718
Thu Aug 19 2021,95083
Fri Aug 20 2021,93928
Sat Aug 21 2021,93999
Sun Aug 22 2021,92831
Mon Aug 23 2021,94746
Tue Aug 24 2021,94728
Wed Aug 25 2021,95126
Thu Aug 26 2021,95114
Fri Aug 27 2021,95163
Sat Aug 28 2021,95168
Sun Aug 29 2021,95182
Mon Aug 30 2021,95957
Tue Aug 31 2021,95842
Wed Sep 01 2021,96057
Thu Sep 02 2021,96058
Fri Sep 03 2021,95978
Sat Sep 04 2021,96012
Sun Sep 05 2021,95673
Mon Sep 06 2021,97067
Tue Sep 07 2021,99060
Wed Sep 08 2021,97393
Thu Sep 09 2021,97334
Fri Sep 10 2021,97630
Sat Sep 11 2021,97762
Sun Sep 12 2021,97827
Mon Sep 13 2021,95566
Tue Sep 14 2021,95569
Wed Sep 15 2021,95574
Thu Sep 16 2021,96813
Fri Sep 17 2021,97024
Sat Sep 18 2021,97072
Sun Sep 19 2021,97121
Mon Sep 20 2021,97173
Tue Sep 21 2021,97180
Wed Sep 22 2021,95432
Thu Sep 23 2021,95347
Fri Sep 24 2021,97445
Sat Sep 25 2021,97482
Sun Sep 26 2021,97506
Mon Sep 27 2021,95759
Tue Sep 28 2021,95595
Wed Sep 29 2021,97615
Thu Sep 30 2021,96399
Fri Oct 01 2021,96464
Sat Oct 02 2021,95496
Sun Oct 03 2021,95478
Mon Oct 04 2021,95516
Tue Oct 05 2021,95653
Wed Oct 06 2021,95765
Thu Oct 07 2021,95812
Fri Oct 08 2021,96027
Sat Oct 09 2021,95507
Sun Oct 10 2021,95538
Mon Oct 11 2021,95472
Tue Oct 12 2021,95683
Wed Oct 13 2021,97594
Thu Oct 14 2021,96670
Fri Oct 15 2021,96935
Sat Oct 16 2021,96378
Sun Oct 17 2021,96851
Mon Oct 18 2021,96993
Tue Oct 19 2021,97120
Wed Oct 20 2021,97349
Thu Oct 21 2021,100264
Fri Oct 22 2021,100083
Sat Oct 23 2021,100079
Sun Oct 24 2021,100047
Mon Oct 25 2021,100115
Tue Oct 26 2021,100189
Wed Oct 27 2021,100203
Thu Oct 28 2021,101013
Fri Oct 29 2021,100424
Sat Oct 30 2021,100170
Sun Oct 31 2021,100708
Mon Nov 01 2021,100817
Tue Nov 02 2021,100983
Wed Nov 03 2021,101700
Thu Nov 04 2021,103396
Fri Nov 05 2021,104324
Sat Nov 06 2021,104000
Sun Nov 07 2021,104137
Mon Nov 08 2021,104142
Tue Nov 09 2021,104090
Wed Nov 10 2021,103961
Thu Nov 11 2021,103893
Fri Nov 12 2021,104988
Sat Nov 13 2021,106149
Sun Nov 14 2021,104844
Mon Nov 15 2021,106868
Tue Nov 16 2021,106861
Wed Nov 17 2021,107068
Thu Nov 18 2021,105676
Fri Nov 19 2021,105527
Sat Nov 20 2021,105240
Sun Nov 21 2021,105560
Mon Nov 22 2021,105415
Tue Nov 23 2021,103495
Wed Nov 24 2021,103556
Thu Nov 25 2021,103614
Fri Nov 26 2021,104141
Sat Nov 27 2021,104046
Sun Nov 28 2021,104076
Mon Nov 29 2021,104038
Tue Nov 30 2021,104185
Wed Dec 01 2021,103920
Thu Dec 02 2021,104337
Fri Dec 03 2021,104561
Sat Dec 04 2021,104891
Sun Dec 05 2021,105269
Mon Dec 06 2021,104770
Tue Dec 07 2021,104330
Wed Dec 08 2021,104094
Thu Dec 09 2021,102530
Fri Dec 10 2021,102901
Sat Dec 11 2021,102568
Sun Dec 12 2021,103047
Mon Dec 13 2021,103235
Tue Dec 14 2021,102742
Wed Dec 15 2021,103055
Thu Dec 16 2021,103068
Fri Dec 17 2021,105161
Sat Dec 18 2021,103497
Sun Dec 19 2021,103488
Mon Dec 20 2021,103459
Tue Dec 21 2021,103474
Wed Dec 22 2021,103539
Thu Dec 23 2021,103807
Fri Dec 24 2021,105477
Sat Dec 25 2021,105416
Sun Dec 26 2021,106201
Mon Dec 27 2021,106222
Tue Dec 28 2021,106204
Wed Dec 29 2021,106702
Thu Dec 30 2021,107635
Fri Dec 31 2021,107616
Sat Jan 01 2022,107587
Sun Jan 02 2022,107554
Mon Jan 03 2022,108051
Tue Jan 04 2022,108187
Wed Jan 05 2022,108473
Thu Jan 06 2022,109076
Fri Jan 07 2022,109974
Sat Jan 08 2022,110148
Sun Jan 09 2022,110132
Mon Jan 10 2022,110530
Tue Jan 11 2022,110679
Wed Jan 12 2022,110794
Thu Jan 13 2022,110680
Fri Jan 14 2022,110638
Sat Jan 15 2022,110586
Sun Jan 16 2022,110553
Mon Jan 17 2022,111195
Tue Jan 18 2022,111291
Wed Jan 19 2022,111257
Thu Jan 20 2022,113382
Fri Jan 21 2022,114061
Sat Jan 22 2022,114173
Sun Jan 23 2022,115039
Mon Jan 24 2022,118530
Tue Jan 25 2022,118499
Wed Jan 26 2022,120268
Thu Jan 27 2022,119834
Fri Jan 28 2022,119586
Sat Jan 29 2022,121446
Sun Jan 30 2022,122658
Mon Jan 31 2022,120071
Tue Feb 01 2022,120474
Wed Feb 02 2022,120965
Thu Feb 03 2022,120983
Fri Feb 04 2022,121850
Sat Feb 05 2022,121880
Sun Feb 06 2022,121905
Mon Feb 07 2022,122257
Tue Feb 08 2022,122778
Wed Feb 09 2022,123268
Thu Feb 10 2022,125277
Fri Feb 11 2022,125638
Sat Feb 12 2022,123777
Sun Feb 13 2022,122613
Mon Feb 14 2022,123379
Tue Feb 15 2022,123674
Wed Feb 16 2022,127705
Thu Feb 17 2022,127749
Fri Feb 18 2022,127967
Sat Feb 19 2022,129027
Sun Feb 20 2022,129052
Mon Feb 21 2022,131671
Tue Feb 22 2022,134248
Wed Feb 23 2022,141430
Thu Feb 24 2022,141480
Fri Feb 25 2022,142176
Sat Feb 26 2022,142749
Sun Feb 27 2022,142736
Mon Feb 28 2022,143180
Tue Mar 01 2022,143132
Wed Mar 02 2022,145880
Thu Mar 03 2022,145826
Fri Mar 04 2022,145453
Sat Mar 05 2022,148001
Sun Mar 06 2022,147979
Mon Mar 07 2022,152036
Tue Mar 08 2022,153451
Wed Mar 09 2022,155738
Thu Mar 10 2022,156159
Fri Mar 11 2022,163959
Sat Mar 12 2022,163914
Sun Mar 13 2022,164334
Mon Mar 14 2022,164384
Tue Mar 15 2022,163115
Wed Mar 16 2022,161207
Thu Mar 17 2022,159087
Fri Mar 18 2022,158041
Sat Mar 19 2022,157241
Sun Mar 20 2022,155261
Mon Mar 21 2022,155324
Tue Mar 22 2022,155480
Wed Mar 23 2022,155553
Thu Mar 24 2022,154111
Fri Mar 25 2022,152981
Sat Mar 26 2022,152630
Sun Mar 27 2022,152670
Mon Mar 28 2022,152692
Tue Mar 29 2022,152397
Wed Mar 30 2022,152767
Thu Mar 31 2022,152798
Fri Apr 01 2022,152437
Sat Apr 02 2022,153520
Sun Apr 03 2022,153732
Mon Apr 04 2022,153770
Tue Apr 05 2022,153313
Wed Apr 06 2022,153149
Thu Apr 07 2022,158256
Fri Apr 08 2022,157813
Sat Apr 09 2022,154570
Sun Apr 10 2022,152816
Mon Apr 11 2022,152830
Tue Apr 12 2022,154078
Wed Apr 13 2022,152919
Thu Apr 14 2022,151415
Fri Apr 15 2022,151177
Sat Apr 16 2022,149656
Sun Apr 17 2022,148366
Mon Apr 18 2022,148211
Tue Apr 19 2022,143318
Wed Apr 20 2022,142938
Thu Apr 21 2022,143553
Fri Apr 22 2022,143940
Sat Apr 23 2022,147819
Sun Apr 24 2022,147903
Mon Apr 25 2022,148053
Tue Apr 26 2022,147550
Wed Apr 27 2022,148532
Thu Apr 28 2022,149615
Fri Apr 29 2022,148788
Sat Apr 30 2022,149285
Sun May 01 2022,147358
Mon May 02 2022,146745
Tue May 03 2022,147235
Wed May 04 2022,147716
Thu May 05 2022,147341
Fri May 06 2022,147169
Sat May 07 2022,147470
Sun May 08 2022,148536
Mon May 09 2022,142861
Tue May 10 2022,143951
Wed May 11 2022,145255
Thu May 12 2022,144009
Fri May 13 2022,144350
Sat May 14 2022,144043
Sun May 15 2022,144358
Mon May 16 2022,145330
Tue May 17 2022,145906
Wed May 18 2022,144385
Thu May 19 2022,144818
Fri May 20 2022,142762
Sat May 21 2022,142715
Sun May 22 2022,142837
Mon May 23 2022,142725
Tue May 24 2022,142473
Wed May 25 2022,141897
Thu May 26 2022,141945
Fri May 27 2022,141685
Sat May 28 2022,140527
Sun May 29 2022,141683
Mon May 30 2022,141612
Tue May 31 2022,140358
Wed Jun 01 2022,141251
Thu Jun 02 2022,140935
Fri Jun 03 2022,140114
Sat Jun 04 2022,139612
Sun Jun 05 2022,140707
Mon Jun 06 2022,140585
Tue Jun 07 2022,142147
Wed Jun 08 2022,141827
Thu Jun 09 2022,141748
Fri Jun 10 2022,144243
Sat Jun 11 2022,143007
Sun Jun 12 2022,142246
Mon Jun 13 2022,142181
Tue Jun 14 2022,141017
Wed Jun 15 2022,140982
Thu Jun 16 2022,139098
Fri Jun 17 2022,138574
Sat Jun 18 2022,139444
Sun Jun 19 2022,137500
Mon Jun 20 2022,137932
Tue Jun 21 2022,136325
Wed Jun 22 2022,137243
Thu Jun 23 2022,137049
Fri Jun 24 2022,141642
Sat Jun 25 2022,141861
Sun Jun 26 2022,141421
Mon Jun 27 2022,141425
Tue Jun 28 2022,141593
Wed Jun 29 2022,140511
Thu Jun 30 2022,140003
Fri Jul 01 2022,139670
Sat Jul 02 2022,139855
Sun Jul 03 2022,139299
Mon Jul 04 2022,139079
Tue Jul 05 2022,138836
Wed Jul 06 2022,139221
Thu Jul 07 2022,138185
Fri Jul 08 2022,138887
Sat Jul 09 2022,138315
Sun Jul 10 2022,138305
Mon Jul 11 2022,135563
Tue Jul 12 2022,134643
Wed Jul 13 2022,132868
Thu Jul 14 2022,133458
Fri Jul 15 2022,133098
Sat Jul 16 2022,133559
Sun Jul 17 2022,133376
Mon Jul 18 2022,133948
Tue Jul 19 2022,134325
Wed Jul 20 2022,133979
Thu Jul 21 2022,133134
Fri Jul 22 2022,133995
Sat Jul 23 2022,134139
Sun Jul 24 2022,134891
Mon Jul 25 2022,134113
Tue Jul 26 2022,130004
Wed Jul 27 2022,128918
Thu Jul 28 2022,128939
Fri Jul 29 2022,129634
Sat Jul 30 2022,129555
Sun Jul 31 2022,130397
Mon Aug 01 2022,130425
Tue Aug 02 2022,130917
Wed Aug 03 2022,130662
Thu Aug 04 2022,131426
Fri Aug 05 2022,130681
Sat Aug 06 2022,130455
Sun Aug 07 2022,130408
Mon Aug 08 2022,130344
Tue Aug 09 2022,129182
Wed Aug 10 2022,131183
Thu Aug 11 2022,130970
Fri Aug 12 2022,130203
Sat Aug 13 2022,129601
Sun Aug 14 2022,130004
Mon Aug 15 2022,129414
Tue Aug 16 2022,129752
Wed Aug 17 2022,129423
Thu Aug 18 2022,128364
Fri Aug 19 2022,130005
Sat Aug 20 2022,129688
Sun Aug 21 2022,129638
Mon Aug 22 2022,129610
Tue Aug 23 2022,129341
Wed Aug 24 2022,129298
Thu Aug 25 2022,128956
Fri Aug 26 2022,128956
Sat Aug 27 2022,128211
Sun Aug 28 2022,128780
Mon Aug 29 2022,129136
Tue Aug 30 2022,129209
Wed Aug 31 2022,129516
Thu Sep 01 2022,129632
Fri Sep 02 2022,129752
Sat Sep 03 2022,129363
Sun Sep 04 2022,128198
Mon Sep 05 2022,128296
Tue Sep 06 2022,129399
Wed Sep 07 2022,130618
Thu Sep 08 2022,130104
Fri Sep 09 2022,128128
Sat Sep 10 2022,127932
Sun Sep 11 2022,126295
Mon Sep 12 2022,125874
Tue Sep 13 2022,125917
Wed Sep 14 2022,125982
Thu Sep 15 2022,126237
Fri Sep 16 2022,123804
Sat Sep 17 2022,123792
Sun Sep 18 2022,123839
Mon Sep 19 2022,123756
Tue Sep 20 2022,123716
Wed Sep 21 2022,123086
Thu Sep 22 2022,123545
Fri Sep 23 2022,123707
Sat Sep 24 2022,123749
Sun Sep 25 2022,123822
Mon Sep 26 2022,123001
Tue Sep 27 2022,121121
Wed Sep 28 2022,122121
Thu Sep 29 2022,118399
Fri Sep 30 2022,118003
Sat Oct 01 2022,118021
Sun Oct 02 2022,117896
Mon Oct 03 2022,117925
Tue Oct 04 2022,117810
Wed Oct 05 2022,119005
Thu Oct 06 2022,118152
Fri Oct 07 2022,118159
Sat Oct 08 2022,117639
Sun Oct 09 2022,117721
Mon Oct 10 2022,119284
Tue Oct 11 2022,123966
Wed Oct 12 2022,117509
Thu Oct 13 2022,121828
Fri Oct 14 2022,121962
Sat Oct 15 2022,123327
Sun Oct 16 2022,123106
Mon Oct 17 2022,123287
Tue Oct 18 2022,117949
Wed Oct 19 2022,118443
Thu Oct 20 2022,118642
Fri Oct 21 2022,119155
Sat Oct 22 2022,120162
Sun Oct 23 2022,127607
Mon Oct 24 2022,127680
Tue Oct 25 2022,127832
Wed Oct 26 2022,127769
Thu Oct 27 2022,122722
Fri Oct 28 2022,121490
Sat Oct 29 2022,118897
Sun Oct 30 2022,118742
Mon Oct 31 2022,118808
Tue Nov 01 2022,118852
Wed Nov 02 2022,118582
Thu Nov 03 2022,118719
Fri Nov 04 2022,118587
Sat Nov 05 2022,120979
Sun Nov 06 2022,121524
Mon Nov 07 2022,121479
Tue Nov 08 2022,120736
Wed Nov 09 2022,120293
Thu Nov 10 2022,120199
Fri Nov 11 2022,120113
Sat Nov 12 2022,119933
Sun Nov 13 2022,120485
Mon Nov 14 2022,120110
Tue Nov 15 2022,120022
Wed Nov 16 2022,120747
Thu Nov 17 2022,120893
Fri Nov 18 2022,119751
Sat Nov 19 2022,118045
Sun Nov 20 2022,118656
Mon Nov 21 2022,118458
Tue Nov 22 2022,117091
Wed Nov 23 2022,116999
Thu Nov 24 2022,116991
Fri Nov 25 2022,116992
Sat Nov 26 2022,116461
Sun Nov 27 2022,117661
Mon Nov 28 2022,117467
Tue Nov 29 2022,116321
Wed Nov 30 2022,115694
Thu Dec 01 2022,115857
Fri Dec 02 2022,116087
Sat Dec 03 2022,114753
Sun Dec 04 2022,114469
Mon Dec 05 2022,115619
Tue Dec 06 2022,115979
Wed Dec 07 2022,114955
Thu Dec 08 2022,117377
Fri Dec 09 2022,113905
Sat Dec 10 2022,114628
Sun Dec 11 2022,114338
Mon Dec 12 2022,117495
Tue Dec 13 2022,117399
Wed Dec 14 2022,117228
Thu Dec 15 2022,119370
Fri Dec 16 2022,120167
Sat Dec 17 2022,120761
Sun Dec 18 2022,120686
Mon Dec 19 2022,120599
Tue Dec 20 2022,116800
Wed Dec 21 2022,114762
Thu Dec 22 2022,114642
Fri Dec 23 2022,114576
Sat Dec 24 2022,114511
Sun Dec 25 2022,113848
Mon Dec 26 2022,112628
Tue Dec 27 2022,112575
Wed Dec 28 2022,112249
Thu Dec 29 2022,112177
Fri Dec 30 2022,112371
Sat Dec 31 2022,112549
Sun Jan 01 2023,112481
Mon Jan 02 2023,111890
Tue Jan 03 2023,111784
Wed Jan 04 2023,111634
Thu Jan 05 2023,109776
Fri Jan 06 2023,110323
Sat Jan 07 2023,109736
Sun Jan 08 2023,109927
Mon Jan 09 2023,107978
Tue Jan 10 2023,106073
Wed Jan 11 2023,106194
Thu Jan 12 2023,105804
Fri Jan 13 2023,105897
Sat Jan 14 2023,105864
Sun Jan 15 2023,106618
Mon Jan 16 2023,104757
Tue Jan 17 2023,106781
Wed Jan 18 2023,106608
Thu Jan 19 2023,106187
Fri Jan 20 2023,106385
Sat Jan 21 2023,105036
Sun Jan 22 2023,102129
Mon Jan 23 2023,102085
Tue Jan 24 2023,103732
Wed Jan 25 2023,103692
Thu Jan 26 2023,103860
Fri Jan 27 2023,104032
Sat Jan 28 2023,100803
Sun Jan 29 2023,100084
Mon Jan 30 2023,100078
Tue Jan 31 2023,100549
Wed Feb 01 2023,105221
Thu Feb 02 2023,104611
Fri Feb 03 2023,105632
Sat Feb 04 2023,105590
Sun Feb 05 2023,106993
Mon Feb 06 2023,103763
Tue Feb 07 2023,103796
Wed Feb 08 2023,103785
Thu Feb 09 2023,103752
Fri Feb 10 2023,103744
Sat Feb 11 2023,103995
Sun Feb 12 2023,107605
Mon Feb 13 2023,107592
Tue Feb 14 2023,107644
Wed Feb 15 2023,107886
Thu Feb 16 2023,109771
Fri Feb 17 2023,109774
Sat Feb 18 2023,109857
Sun Feb 19 2023,109487
Mon Feb 20 2023,109862
Tue Feb 21 2023,109877
Wed Feb 22 2023,109845
Thu Feb 23 2023,109731
Fri Feb 24 2023,106765
Sat Feb 25 2023,105808
Sun Feb 26 2023,106685
Mon Feb 27 2023,106756
Tue Feb 28 2023,105667
Wed Mar 01 2023,105660
Thu Mar 02 2023,104657
Fri Mar 03 2023,104809
Sat Mar 04 2023,104066
Sun Mar 05 2023,99580
Mon Mar 06 2023,99638
Tue Mar 07 2023,105492
Wed Mar 08 2023,106109
Thu Mar 09 2023,106559
Fri Mar 10 2023,100388
Sat Mar 11 2023,106509
Sun Mar 12 2023,106114
Mon Mar 13 2023,103986
Tue Mar 14 2023,104423
Wed Mar 15 2023,104768
Thu Mar 16 2023,104970
Fri Mar 17 2023,105187
Sat Mar 18 2023,104498
Sun Mar 19 2023,104450
Mon Mar 20 2023,104432
Tue Mar 21 2023,104168
Wed Mar 22 2023,104253
Thu Mar 23 2023,104396
Fri Mar 24 2023,103528
Sat Mar 25 2023,103685
Sun Mar 26 2023,103494
Mon Mar 27 2023,103428
Tue Mar 28 2023,103287
Wed Mar 29 2023,103568
Thu Mar 30 2023,103866
Fri Mar 31 2023,104808
Sat Apr 01 2023,104156
Sun Apr 02 2023,103680
Mon Apr 03 2023,103589
Tue Apr 04 2023,103520
Wed Apr 05 2023,103458
Thu Apr 06 2023,103953
Fri Apr 07 2023,104725
Sat Apr 08 2023,105985
Sun Apr 09 2023,105862
Mon Apr 10 2023,105783
Tue Apr 11 2023,106787
Wed Apr 12 2023,106947
Thu Apr 13 2023,106565
Fri Apr 14 2023,106476
Sat Apr 15 2023,106680
Sun Apr 16 2023,106542
Mon Apr 17 2023,106409
Tue Apr 18 2023,106195
Wed Apr 19 2023,101054
Thu Apr 20 2023,98068
Fri Apr 21 2023,98124
Sat Apr 22 2023,98021
Sun Apr 23 2023,97762
Mon Apr 24 2023,95816
Tue Apr 25 2023,95709
Wed Apr 26 2023,95541
Thu Apr 27 2023,95236
Fri Apr 28 2023,95718
Sat Apr 29 2023,95276
Sun Apr 30 2023,95200
Mon May 01 2023,94356
Tue May 02 2023,94286
Wed May 03 2023,93703
Thu May 04 2023,93635
Fri May 05 2023,93614
Sat May 06 2023,93248
Sun May 07 2023,93173
Mon May 08 2023,93144
Tue May 09 2023,93206
Wed May 10 2023,93601
Thu May 11 2023,93888
Fri May 12 2023,93514
Sat May 13 2023,93365
Sun May 14 2023,93827
Mon May 15 2023,93313
Tue May 16 2023,93324
Wed May 17 2023,93331
Thu May 18 2023,93838
Fri May 19 2023,93855
Sat May 20 2023,93500
Sun May 21 2023,93518
Mon May 22 2023,94282
Tue May 23 2023,94433
Wed May 24 2023,94459
Thu May 25 2023,94223
Fri May 26 2023,94807
Sat May 27 2023,94857
Sun May 28 2023,94920
Mon May 29 2023,95176
Tue May 30 2023,96119
Wed May 31 2023,95955
Thu Jun 01 2023,96010
Fri Jun 02 2023,96056
Sat Jun 03 2023,96243
Sun Jun 04 2023,96396
Mon Jun 05 2023,96323
Tue Jun 06 2023,96420
Wed Jun 07 2023,95839
Thu Jun 08 2023,96190
Fri Jun 09 2023,96698
Sat Jun 10 2023,96329
Sun Jun 11 2023,95577
Mon Jun 12 2023,95605
Tue Jun 13 2023,95632
Wed Jun 14 2023,95885
Thu Jun 15 2023,97086
Fri Jun 16 2023,97096
Sat Jun 17 2023,96654
Sun Jun 18 2023,96796
Mon Jun 19 2023,96768
Tue Jun 20 2023,96864
Wed Jun 21 2023,96059
Thu Jun 22 2023,96597
Fri Jun 23 2023,96642
Sat Jun 24 2023,98140
Sun Jun 25 2023,98113
Mon Jun 26 2023,98082
Tue Jun 27 2023,98017
Wed Jun 28 2023,98235
Thu Jun 29 2023,97649
Fri Jun 30 2023,97529
Sat Jul 01 2023,98165
Sun Jul 02 2023,97654
Mon Jul 03 2023,97506
Tue Jul 04 2023,94248
Wed Jul 05 2023,97203
Thu Jul 06 2023,97112
Fri Jul 07 2023,96894
Sat Jul 08 2023,96839
Sun Jul 09 2023,96181
Mon Jul 10 2023,96644
Tue Jul 11 2023,92874
Wed Jul 12 2023,93074
Thu Jul 13 2023,93333
Fri Jul 14 2023,95689
Sat Jul 15 2023,95209
Sun Jul 16 2023,95082
Mon Jul 17 2023,95523
Tue Jul 18 2023,96033
Wed Jul 19 2023,96184
Thu Jul 20 2023,95772
Fri Jul 21 2023,95783
Sat Jul 22 2023,95672
Sun Jul 23 2023,95079
Mon Jul 24 2023,94964
Tue Jul 25 2023,94225
Wed Jul 26 2023,95126
Thu Jul 27 2023,93780
Fri Jul 28 2023,92991
Sat Jul 29 2023,90121
Sun Jul 30 2023,90014
Mon Jul 31 2023,90092
Tue Aug 01 2023,90014
Wed Aug 02 2023,89942
Thu Aug 03 2023,89875
Fri Aug 04 2023,90589
Sat Aug 05 2023,90220
Sun Aug 06 2023,90135
Mon Aug 07 2023,90069
Tue Aug 08 2023,90101
Wed Aug 09 2023,90056
Thu Aug 10 2023,89673
Fri Aug 11 2023,89526
Sat Aug 12 2023,89745
Sun Aug 13 2023,89816
Mon Aug 14 2023,89874
Tue Aug 15 2023,89925
Wed Aug 16 2023,89337
Thu Aug 17 2023,89379
Fri Aug 18 2023,89252
Sat Aug 19 2023,89328
Sun Aug 20 2023,90254
Mon Aug 21 2023,89715
Tue Aug 22 2023,90430
Wed Aug 23 2023,90602
Thu Aug 24 2023,90456
Fri Aug 25 2023,90218
Sat Aug 26 2023,90694
Sun Aug 27 2023,90769
Mon Aug 28 2023,90822
Tue Aug 29 2023,90839
Wed Aug 30 2023,91372
Thu Aug 31 2023,91399
Fri Sep 01 2023,91424
Sat Sep 02 2023,91470
Sun Sep 03 2023,91331
Mon Sep 04 2023,91373
Tue Sep 05 2023,91414
Wed Sep 06 2023,91481
Thu Sep 07 2023,92028
Fri Sep 08 2023,91938
Sat Sep 09 2023,91970
Sun Sep 10 2023,91277
Mon Sep 11 2023,91332
Tue Sep 12 2023,91717
Wed Sep 13 2023,92399
Thu Sep 14 2023,93021
Fri Sep 15 2023,93014
Sat Sep 16 2023,91692
Sun Sep 17 2023,91928
Mon Sep 18 2023,92055
Tue Sep 19 2023,92757
Wed Sep 20 2023,91245
Thu Sep 21 2023,91304
Fri Sep 22 2023,91050
Sat Sep 23 2023,90586
Sun Sep 24 2023,90674
Mon Sep 25 2023,90886
Tue Sep 26 2023,90991
Wed Sep 27 2023,90966
Thu Sep 28 2023,91084
Fri Sep 29 2023,91084
Sat Sep 30 2023,90986
Sun Oct 01 2023,90820
Mon Oct 02 2023,90669
Tue Oct 03 2023,92059
Wed Oct 04 2023,92328
Thu Oct 05 2023,95150
Fri Oct 06 2023,94578
Sat Oct 07 2023,92811
Sun Oct 08 2023,92865
Mon Oct 09 2023,92743
Tue Oct 10 2023,92387
Wed Oct 11 2023,92563
Thu Oct 12 2023,91939
Fri Oct 13 2023,92523
Sat Oct 14 2023,93428
Sun Oct 15 2023,93463
Mon Oct 16 2023,93487
Tue Oct 17 2023,94059
Wed Oct 18 2023,93091
Thu Oct 19 2023,92807
Fri Oct 20 2023,91376
Sat Oct 21 2023,91361
Sun Oct 22 2023,91325
Mon Oct 23 2023,91281
Tue Oct 24 2023,90915
Wed Oct 25 2023,91096
Thu Oct 26 2023,88307
Fri Oct 27 2023,91565
Sat Oct 28 2023,91482
Sun Oct 29 2023,91429
Mon Oct 30 2023,91390
Tue Oct 31 2023,91208
Wed Nov 01 2023,90536
Thu Nov 02 2023,90513
Fri Nov 03 2023,89653
Sat Nov 04 2023,88786
Sun Nov 05 2023,88445
Mon Nov 06 2023,88404
Tue Nov 07 2023,88437
Wed Nov 08 2023,89093
Thu Nov 09 2023,89066
Fri Nov 10 2023,88581
Sat Nov 11 2023,89709
Sun Nov 12 2023,89706
Mon Nov 13 2023,88288
Tue Nov 14 2023,88283
Wed Nov 15 2023,88260
Thu Nov 16 2023,87942
Fri Nov 17 2023,87727
Sat Nov 18 2023,87633
Sun Nov 19 2023,87967
Mon Nov 20 2023,88198
Tue Nov 21 2023,87254
Wed Nov 22 2023,87225
Thu Nov 23 2023,86101
Fri Nov 24 2023,85942
Sat Nov 25 2023,85903
Sun Nov 26 2023,85853
Mon Nov 27 2023,85794
Tue Nov 28 2023,85727
Wed Nov 29 2023,84740
Thu Nov 30 2023,84179
Fri Dec 01 2023,84352
Sat Dec 02 2023,84238
Sun Dec 03 2023,84128
Mon Dec 04 2023,83972
Tue Dec 05 2023,83655
Wed Dec 06 2023,82712
Thu Dec 07 2023,82699
Fri Dec 08 2023,82898
Sat Dec 09 2023,82828
Sun Dec 10 2023,82925
Mon Dec 11 2023,82741
Tue Dec 12 2023,82647
Wed Dec 13 2023,82831
Thu Dec 14 2023,82898
Fri Dec 15 2023,81647
Sat Dec 16 2023,81752
Sun Dec 17 2023,81627
Mon Dec 18 2023,80534
Tue Dec 19 2023,80534
Wed Dec 20 2023,80668
Thu Dec 21 2023,78762
Fri Dec 22 2023,78689
Sat Dec 23 2023,78291
Sun Dec 24 2023,78208
Mon Dec 25 2023,78132
Tue Dec 26 2023,77774
Wed Dec 27 2023,77693
Thu Dec 28 2023,77598
Fri Dec 29 2023,77483
Sat Dec 30 2023,77338
Sun Dec 31 2023,77195
Mon Jan 01 2024,77015
Tue Jan 02 2024,76576
Wed Jan 03 2024,76509
Thu Jan 04 2024,76446
Fri Jan 05 2024,76412
Sat Jan 06 2024,76495
Sun Jan 07 2024,76563
Mon Jan 08 2024,76481
Tue Jan 09 2024,76666
Wed Jan 10 2024,77025
Thu Jan 11 2024,76361
Fri Jan 12 2024,78190
Sat Jan 13 2024,78123
Sun Jan 14 2024,78015
Mon Jan 15 2024,78103
Tue Jan 16 2024,78184
Wed Jan 17 2024,78011
Thu Jan 18 2024,78066
Fri Jan 19 2024,78137
Sat Jan 20 2024,78897
Sun Jan 21 2024,78888
Mon Jan 22 2024,78618
Tue Jan 23 2024,79404
Wed Jan 24 2024,79486
Thu Jan 25 2024,79447
Fri Jan 26 2024,79504
Sat Jan 27 2024,78565
Sun Jan 28 2024,78065
Mon Jan 29 2024,78411
Tue Jan 30 2024,78324
Wed Jan 31 2024,77658
Thu Feb 01 2024,78209
Fri Feb 02 2024,77009
Sat Feb 03 2024,77007
Sun Feb 04 2024,77058
Mon Feb 05 2024,77104
Tue Feb 06 2024,77145
Wed Feb 07 2024,77381
Thu Feb 08 2024,78980
Fri Feb 09 2024,79484
Sat Feb 10 2024,79776
Sun Feb 11 2024,78734
Mon Feb 12 2024,79115
Tue Feb 13 2024,79183
Wed Feb 14 2024,78551
Thu Feb 15 2024,78859
Fri Feb 16 2024,78929
Sat Feb 17 2024,78847
Sun Feb 18 2024,78517
Mon Feb 19 2024,78292
Tue Feb 20 2024,78693
Wed Feb 21 2024,78495
Thu Feb 22 2024,76708
Fri Feb 23 2024,76732
Sat Feb 24 2024,79048
Sun Feb 25 2024,79094
Mon Feb 26 2024,78028
Tue Feb 27 2024,77646
Wed Feb 28 2024,78479
Thu Feb 29 2024,78280
Fri Mar 01 2024,78421
Sat Mar 02 2024,78292
Sun Mar 03 2024,78360
Mon Mar 04 2024,78451
Tue Mar 05 2024,78398
Wed Mar 06 2024,80253
Thu Mar 07 2024,80283
Fri Mar 08 2024,78734
Sat Mar 09 2024,79099
Sun Mar 10 2024,79387
Mon Mar 11 2024,79074
Tue Mar 12 2024,78578
Wed Mar 13 2024,78716
Thu Mar 14 2024,77360
Fri Mar 15 2024,77449
Sat Mar 16 2024,77761
Sun Mar 17 2024,78390
Mon Mar 18 2024,78688
Tue Mar 19 2024,78692
Wed Mar 20 2024,78736
Thu Mar 21 2024,78711
Fri Mar 22 2024,78779
Sat Mar 23 2024,78833
Sun Mar 24 2024,76781
Mon Mar 25 2024,76830
Tue Mar 26 2024,76745
Wed Mar 27 2024,76861
Thu Mar 28 2024,76593
Fri Mar 29 2024,77726
Sat Mar 30 2024,77509
Sun Mar 31 2024,77572
Mon Apr 01 2024,77621
Tue Apr 02 2024,77221
Wed Apr 03 2024,77286
Thu Apr 04 2024,77418
Fri Apr 05 2024,77473
Sat Apr 06 2024,77622
Sun Apr 07 2024,77769
Mon Apr 08 2024,77842
Tue Apr 09 2024,78512
Wed Apr 10 2024,78551
Thu Apr 11 2024,78642
Fri Apr 12 2024,78745
Sat Apr 13 2024,78791
Sun Apr 14 2024,78850
Mon Apr 15 2024,78979
Tue Apr 16 2024,79006
Wed Apr 17 2024,78925
Thu Apr 18 2024,79139
Fri Apr 19 2024,79110
Sat Apr 20 2024,79410
Sun Apr 21 2024,79329
Mon Apr 22 2024,79364
Tue Apr 23 2024,79092
Wed Apr 24 2024,79252
Thu Apr 25 2024,79140
Fri Apr 26 2024,79174
Sat Apr 27 2024,79160
Sun Apr 28 2024,79193
Mon Apr 29 2024,79166
Tue Apr 30 2024,79217
Wed May 01 2024,79280
Thu May 02 2024,79328
Fri May 03 2024,79547
Sat May 04 2024,80266
Sun May 05 2024,80219
Mon May 06 2024,80228
Tue May 07 2024,80566
Wed May 08 2024,80140
Thu May 09 2024,80420
Fri May 10 2024,80555
Sat May 11 2024,80550