date,Rolex 116500 (CHF)
Mon May 13 2019,21665
Tue May 14 2019,21669
Wed May 15 2019,21673
Thu May 16 2019,21677
Fri May 17 2019,21773
Sat May 18 2019,21774
Sun May 19 2019,21773
Mon May 20 2019,21836
Tue May 21 2019,21832
Wed May 22 2019,21927
Thu May 23 2019,21923
Fri May 24 2019,21914
Sat May 25 2019,21694
Sun May 26 2019,21680
Mon May 27 2019,22022
Tue May 28 2019,22010
Wed May 29 2019,22013
Thu May 30 2019,21977
Fri May 31 2019,21969
Sat Jun 01 2019,21959
Sun Jun 02 2019,21946
Mon Jun 03 2019,22014
Tue Jun 04 2019,21990
Wed Jun 05 2019,21972
Thu Jun 06 2019,21954
Fri Jun 07 2019,21853
Sat Jun 08 2019,21832
Sun Jun 09 2019,21811
Mon Jun 10 2019,21792
Tue Jun 11 2019,21777
Wed Jun 12 2019,21541
Thu Jun 13 2019,21573
Fri Jun 14 2019,21663
Sat Jun 15 2019,21765
Sun Jun 16 2019,21758
Mon Jun 17 2019,21679
Tue Jun 18 2019,21671
Wed Jun 19 2019,21723
Thu Jun 20 2019,21860
Fri Jun 21 2019,21841
Sat Jun 22 2019,21850
Sun Jun 23 2019,21827
Mon Jun 24 2019,21806
Tue Jun 25 2019,21868
Wed Jun 26 2019,21847
Thu Jun 27 2019,21909
Fri Jun 28 2019,21888
Sat Jun 29 2019,21959
Sun Jun 30 2019,21935
Mon Jul 01 2019,21946
Tue Jul 02 2019,21934
Wed Jul 03 2019,21924
Thu Jul 04 2019,21916
Fri Jul 05 2019,21911
Sat Jul 06 2019,21908
Sun Jul 07 2019,21532
Mon Jul 08 2019,21614
Tue Jul 09 2019,21587
Wed Jul 10 2019,21591
Thu Jul 11 2019,21789
Fri Jul 12 2019,21787
Sat Jul 13 2019,21674
Sun Jul 14 2019,21667
Mon Jul 15 2019,21670
Tue Jul 16 2019,21532
Wed Jul 17 2019,21523
Thu Jul 18 2019,21601
Fri Jul 19 2019,21528
Sat Jul 20 2019,21520
Sun Jul 21 2019,21613
Mon Jul 22 2019,21685
Tue Jul 23 2019,21638
Wed Jul 24 2019,21567
Thu Jul 25 2019,21575
Fri Jul 26 2019,21701
Sat Jul 27 2019,21491
Sun Jul 28 2019,21736
Mon Jul 29 2019,21749
Tue Jul 30 2019,21791
Wed Jul 31 2019,21938
Thu Aug 01 2019,21944
Fri Aug 02 2019,21949
Sat Aug 03 2019,21948
Sun Aug 04 2019,21946
Mon Aug 05 2019,21968
Tue Aug 06 2019,21955
Wed Aug 07 2019,22064
Thu Aug 08 2019,22052
Fri Aug 09 2019,21922
Sat Aug 10 2019,21908
Sun Aug 11 2019,21896
Mon Aug 12 2019,21989
Tue Aug 13 2019,21804
Wed Aug 14 2019,21786
Thu Aug 15 2019,21778
Fri Aug 16 2019,21770
Sat Aug 17 2019,21844
Sun Aug 18 2019,21898
Mon Aug 19 2019,22046
Tue Aug 20 2019,21948
Wed Aug 21 2019,21946
Thu Aug 22 2019,21952
Fri Aug 23 2019,21951
Sat Aug 24 2019,22061
Sun Aug 25 2019,21999
Mon Aug 26 2019,21985
Tue Aug 27 2019,21688
Wed Aug 28 2019,21721
Thu Aug 29 2019,21741
Fri Aug 30 2019,21735
Sat Aug 31 2019,21734
Sun Sep 01 2019,21731
Mon Sep 02 2019,21692
Tue Sep 03 2019,21699
Wed Sep 04 2019,21704
Thu Sep 05 2019,21932
Fri Sep 06 2019,21940
Sat Sep 07 2019,21932
Sun Sep 08 2019,21891
Mon Sep 09 2019,21901
Tue Sep 10 2019,21883
Wed Sep 11 2019,21863
Thu Sep 12 2019,21746
Fri Sep 13 2019,21760
Sat Sep 14 2019,21771
Sun Sep 15 2019,21739
Mon Sep 16 2019,21747
Tue Sep 17 2019,21730
Wed Sep 18 2019,21941
Thu Sep 19 2019,21943
Fri Sep 20 2019,21953
Sat Sep 21 2019,22010
Sun Sep 22 2019,22016
Mon Sep 23 2019,22023
Tue Sep 24 2019,22014
Wed Sep 25 2019,22041
Thu Sep 26 2019,21710
Fri Sep 27 2019,21719
Sat Sep 28 2019,22101
Sun Sep 29 2019,22107
Mon Sep 30 2019,21936
Tue Oct 01 2019,22229
Wed Oct 02 2019,21901
Thu Oct 03 2019,21777
Fri Oct 04 2019,21784
Sat Oct 05 2019,21672
Sun Oct 06 2019,21680
Mon Oct 07 2019,21734
Tue Oct 08 2019,21808
Wed Oct 09 2019,21813
Thu Oct 10 2019,21816
Fri Oct 11 2019,21818
Sat Oct 12 2019,21837
Sun Oct 13 2019,21841
Mon Oct 14 2019,21847
Tue Oct 15 2019,21852
Wed Oct 16 2019,21882
Thu Oct 17 2019,21886
Fri Oct 18 2019,22235
Sat Oct 19 2019,22107
Sun Oct 20 2019,21993
Mon Oct 21 2019,21937
Tue Oct 22 2019,21933
Wed Oct 23 2019,21931
Thu Oct 24 2019,21930
Fri Oct 25 2019,21932
Sat Oct 26 2019,22097
Sun Oct 27 2019,21847
Mon Oct 28 2019,21836
Tue Oct 29 2019,21887
Wed Oct 30 2019,21768
Thu Oct 31 2019,21712
Fri Nov 01 2019,21704
Sat Nov 02 2019,21696
Sun Nov 03 2019,21708
Mon Nov 04 2019,21740
Tue Nov 05 2019,21561
Wed Nov 06 2019,21635
Thu Nov 07 2019,21616
Fri Nov 08 2019,21539
Sat Nov 09 2019,21541
Sun Nov 10 2019,21540
Mon Nov 11 2019,21540
Tue Nov 12 2019,21538
Wed Nov 13 2019,21501
Thu Nov 14 2019,21496
Fri Nov 15 2019,21540
Sat Nov 16 2019,21535
Sun Nov 17 2019,21535
Mon Nov 18 2019,21298
Tue Nov 19 2019,20873
Wed Nov 20 2019,20741
Thu Nov 21 2019,20896
Fri Nov 22 2019,20826
Sat Nov 23 2019,20745
Sun Nov 24 2019,20749
Mon Nov 25 2019,20752
Tue Nov 26 2019,20754
Wed Nov 27 2019,20589
Thu Nov 28 2019,20457
Fri Nov 29 2019,20478
Sat Nov 30 2019,20285
Sun Dec 01 2019,20388
Mon Dec 02 2019,20449
Tue Dec 03 2019,20456
Wed Dec 04 2019,20458
Thu Dec 05 2019,20450
Fri Dec 06 2019,20670
Sat Dec 07 2019,20443
Sun Dec 08 2019,20255
Mon Dec 09 2019,20251
Tue Dec 10 2019,20301
Wed Dec 11 2019,20495
Thu Dec 12 2019,20594
Fri Dec 13 2019,20587
Sat Dec 14 2019,20559
Sun Dec 15 2019,20522
Mon Dec 16 2019,20417
Tue Dec 17 2019,20555
Wed Dec 18 2019,20680
Thu Dec 19 2019,20729
Fri Dec 20 2019,20799
Sat Dec 21 2019,20733
Sun Dec 22 2019,20728
Mon Dec 23 2019,20690
Tue Dec 24 2019,20680
Wed Dec 25 2019,20790
Thu Dec 26 2019,20779
Fri Dec 27 2019,20847
Sat Dec 28 2019,20959
Sun Dec 29 2019,21083
Mon Dec 30 2019,21041
Tue Dec 31 2019,21077
Wed Jan 01 2020,21054
Thu Jan 02 2020,21033
Fri Jan 03 2020,21020
Sat Jan 04 2020,21008
Sun Jan 05 2020,20997
Mon Jan 06 2020,20985
Tue Jan 07 2020,20934
Wed Jan 08 2020,20920
Thu Jan 09 2020,21053
Fri Jan 10 2020,20907
Sat Jan 11 2020,20899
Sun Jan 12 2020,20892
Mon Jan 13 2020,20925
Tue Jan 14 2020,20916
Wed Jan 15 2020,20905
Thu Jan 16 2020,21090
Fri Jan 17 2020,21159
Sat Jan 18 2020,21205
Sun Jan 19 2020,21196
Mon Jan 20 2020,21172
Tue Jan 21 2020,21161
Wed Jan 22 2020,21089
Thu Jan 23 2020,21080
Fri Jan 24 2020,21070
Sat Jan 25 2020,21063
Sun Jan 26 2020,21149
Mon Jan 27 2020,21145
Tue Jan 28 2020,21211
Wed Jan 29 2020,21209
Thu Jan 30 2020,21199
Fri Jan 31 2020,21185
Sat Feb 01 2020,21088
Sun Feb 02 2020,21083
Mon Feb 03 2020,21077
Tue Feb 04 2020,21071
Wed Feb 05 2020,20998
Thu Feb 06 2020,21050
Fri Feb 07 2020,21091
Sat Feb 08 2020,20906
Sun Feb 09 2020,20855
Mon Feb 10 2020,20857
Tue Feb 11 2020,20801
Wed Feb 12 2020,20646
Thu Feb 13 2020,20779
Fri Feb 14 2020,20787
Sat Feb 15 2020,20587
Sun Feb 16 2020,20753
Mon Feb 17 2020,20765
Tue Feb 18 2020,20775
Wed Feb 19 2020,20774
Thu Feb 20 2020,20797
Fri Feb 21 2020,20693
Sat Feb 22 2020,20701
Sun Feb 23 2020,20708
Mon Feb 24 2020,20720
Tue Feb 25 2020,20726
Wed Feb 26 2020,20879
Thu Feb 27 2020,20891
Fri Feb 28 2020,20761
Sat Feb 29 2020,21291
Sun Mar 01 2020,21240
Mon Mar 02 2020,21096
Tue Mar 03 2020,21097
Wed Mar 04 2020,21068
Thu Mar 05 2020,21078
Fri Mar 06 2020,21063
Sat Mar 07 2020,20865
Sun Mar 08 2020,20837
Mon Mar 09 2020,20861
Tue Mar 10 2020,20785
Wed Mar 11 2020,20680
Thu Mar 12 2020,20787
Fri Mar 13 2020,20760
Sat Mar 14 2020,20760
Sun Mar 15 2020,20760
Mon Mar 16 2020,20713
Tue Mar 17 2020,20747
Wed Mar 18 2020,20735
Thu Mar 19 2020,20893
Fri Mar 20 2020,20890
Sat Mar 21 2020,21016
Sun Mar 22 2020,21018
Mon Mar 23 2020,21022
Tue Mar 24 2020,21027
Wed Mar 25 2020,21027
Thu Mar 26 2020,21021
Fri Mar 27 2020,21058
Sat Mar 28 2020,21213
Sun Mar 29 2020,21197
Mon Mar 30 2020,21179
Tue Mar 31 2020,21173
Wed Apr 01 2020,21171
Thu Apr 02 2020,21096
Fri Apr 03 2020,21106
Sat Apr 04 2020,21122
Sun Apr 05 2020,21064
Mon Apr 06 2020,21080
Tue Apr 07 2020,21114
Wed Apr 08 2020,21037
Thu Apr 09 2020,21010
Fri Apr 10 2020,21038
Sat Apr 11 2020,21063
Sun Apr 12 2020,21084
Mon Apr 13 2020,21097
Tue Apr 14 2020,21062
Wed Apr 15 2020,20791
Thu Apr 16 2020,20882
Fri Apr 17 2020,21191
Sat Apr 18 2020,21319
Sun Apr 19 2020,21311
Mon Apr 20 2020,21057
Tue Apr 21 2020,21044
Wed Apr 22 2020,20975
Thu Apr 23 2020,20971
Fri Apr 24 2020,21111
Sat Apr 25 2020,21248
Sun Apr 26 2020,21106
Mon Apr 27 2020,21188
Tue Apr 28 2020,21205
Wed Apr 29 2020,21075
Thu Apr 30 2020,21135
Fri May 01 2020,21105
Sat May 02 2020,21103
Sun May 03 2020,21036
Mon May 04 2020,21035
Tue May 05 2020,21008
Wed May 06 2020,20696
Thu May 07 2020,20693
Fri May 08 2020,20695
Sat May 09 2020,20614
Sun May 10 2020,20560
Mon May 11 2020,20345
Tue May 12 2020,20155
Wed May 13 2020,20182
Thu May 14 2020,20092
Fri May 15 2020,20099
Sat May 16 2020,20106
Sun May 17 2020,20059
Mon May 18 2020,20259
Tue May 19 2020,20266
Wed May 20 2020,20495
Thu May 21 2020,20603
Fri May 22 2020,20624
Sat May 23 2020,20625
Sun May 24 2020,20607
Mon May 25 2020,20604
Tue May 26 2020,20373
Wed May 27 2020,20359
Thu May 28 2020,20102
Fri May 29 2020,20096
Sat May 30 2020,20088
Sun May 31 2020,20205
Mon Jun 01 2020,20549
Tue Jun 02 2020,20268
Wed Jun 03 2020,20110
Thu Jun 04 2020,20191
Fri Jun 05 2020,20139
Sat Jun 06 2020,20129
Sun Jun 07 2020,20078
Mon Jun 08 2020,20253
Tue Jun 09 2020,20246
Wed Jun 10 2020,20084
Thu Jun 11 2020,20066
Fri Jun 12 2020,19993
Sat Jun 13 2020,19977
Sun Jun 14 2020,19976
Mon Jun 15 2020,19963
Tue Jun 16 2020,20174
Wed Jun 17 2020,20214
Thu Jun 18 2020,20180
Fri Jun 19 2020,20165
Sat Jun 20 2020,20154
Sun Jun 21 2020,20138
Mon Jun 22 2020,20125
Tue Jun 23 2020,20164
Wed Jun 24 2020,20092
Thu Jun 25 2020,20074
Fri Jun 26 2020,19941
Sat Jun 27 2020,20042
Sun Jun 28 2020,20451
Mon Jun 29 2020,20441
Tue Jun 30 2020,20431
Wed Jul 01 2020,20423
Thu Jul 02 2020,20413
Fri Jul 03 2020,20401
Sat Jul 04 2020,20390
Sun Jul 05 2020,20069
Mon Jul 06 2020,20323
Tue Jul 07 2020,20257
Wed Jul 08 2020,20243
Thu Jul 09 2020,20279
Fri Jul 10 2020,20268
Sat Jul 11 2020,20264
Sun Jul 12 2020,20263
Mon Jul 13 2020,20265
Tue Jul 14 2020,20358
Wed Jul 15 2020,20217
Thu Jul 16 2020,20211
Fri Jul 17 2020,20259
Sat Jul 18 2020,20402
Sun Jul 19 2020,20394
Mon Jul 20 2020,20355
Tue Jul 21 2020,20335
Wed Jul 22 2020,20323
Thu Jul 23 2020,20353
Fri Jul 24 2020,20411
Sat Jul 25 2020,20394
Sun Jul 26 2020,20374
Mon Jul 27 2020,20329
Tue Jul 28 2020,20309
Wed Jul 29 2020,20288
Thu Jul 30 2020,20263
Fri Jul 31 2020,20443
Sat Aug 01 2020,20544
Sun Aug 02 2020,20711
Mon Aug 03 2020,20880
Tue Aug 04 2020,20822
Wed Aug 05 2020,20800
Thu Aug 06 2020,20703
Fri Aug 07 2020,20857
Sat Aug 08 2020,20836
Sun Aug 09 2020,20817
Mon Aug 10 2020,20795
Tue Aug 11 2020,20529
Wed Aug 12 2020,20509
Thu Aug 13 2020,20658
Fri Aug 14 2020,20635
Sat Aug 15 2020,20669
Sun Aug 16 2020,20643
Mon Aug 17 2020,20619
Tue Aug 18 2020,20659
Wed Aug 19 2020,20634
Thu Aug 20 2020,20568
Fri Aug 21 2020,20746
Sat Aug 22 2020,20898
Sun Aug 23 2020,20933
Mon Aug 24 2020,20924
Tue Aug 25 2020,20828
Wed Aug 26 2020,20820
Thu Aug 27 2020,20812
Fri Aug 28 2020,21041
Sat Aug 29 2020,20995
Sun Aug 30 2020,21024
Mon Aug 31 2020,20979
Tue Sep 01 2020,20986
Wed Sep 02 2020,20942
Thu Sep 03 2020,21032
Fri Sep 04 2020,21036
Sat Sep 05 2020,21108
Sun Sep 06 2020,20898
Mon Sep 07 2020,21172
Tue Sep 08 2020,21407
Wed Sep 09 2020,21410
Thu Sep 10 2020,21459
Fri Sep 11 2020,21454
Sat Sep 12 2020,21457
Sun Sep 13 2020,21441
Mon Sep 14 2020,21440
Tue Sep 15 2020,21455
Wed Sep 16 2020,21454
Thu Sep 17 2020,21461
Fri Sep 18 2020,21466
Sat Sep 19 2020,21587
Sun Sep 20 2020,21610
Mon Sep 21 2020,21611
Tue Sep 22 2020,21546
Wed Sep 23 2020,21707
Thu Sep 24 2020,21758
Fri Sep 25 2020,21799
Sat Sep 26 2020,21813
Sun Sep 27 2020,21829
Mon Sep 28 2020,21837
Tue Sep 29 2020,21854
Wed Sep 30 2020,21867
Thu Oct 01 2020,21909
Fri Oct 02 2020,21893
Sat Oct 03 2020,21949
Sun Oct 04 2020,21992
Mon Oct 05 2020,22048
Tue Oct 06 2020,22022
Wed Oct 07 2020,22008
Thu Oct 08 2020,22012
Fri Oct 09 2020,22027
Sat Oct 10 2020,21992
Sun Oct 11 2020,21997
Mon Oct 12 2020,22007
Tue Oct 13 2020,21992
Wed Oct 14 2020,22133
Thu Oct 15 2020,22186
Fri Oct 16 2020,22215
Sat Oct 17 2020,22140
Sun Oct 18 2020,22112
Mon Oct 19 2020,22116
Tue Oct 20 2020,22081
Wed Oct 21 2020,22109
Thu Oct 22 2020,22152
Fri Oct 23 2020,22229
Sat Oct 24 2020,22220
Sun Oct 25 2020,22221
Mon Oct 26 2020,22291
Tue Oct 27 2020,22307
Wed Oct 28 2020,22278
Thu Oct 29 2020,22334
Fri Oct 30 2020,22362
Sat Oct 31 2020,22394
Sun Nov 01 2020,22471
Mon Nov 02 2020,22435
Tue Nov 03 2020,22403
Wed Nov 04 2020,22410
Thu Nov 05 2020,22380
Fri Nov 06 2020,22392
Sat Nov 07 2020,22301
Sun Nov 08 2020,22328
Mon Nov 09 2020,22283
Tue Nov 10 2020,22275
Wed Nov 11 2020,22347
Thu Nov 12 2020,22353
Fri Nov 13 2020,22442
Sat Nov 14 2020,22316
Sun Nov 15 2020,22313
Mon Nov 16 2020,22308
Tue Nov 17 2020,22115
Wed Nov 18 2020,22147
Thu Nov 19 2020,22137
Fri Nov 20 2020,22156
Sat Nov 21 2020,22190
Sun Nov 22 2020,22173
Mon Nov 23 2020,22164
Tue Nov 24 2020,22121
Wed Nov 25 2020,22123
Thu Nov 26 2020,22140
Fri Nov 27 2020,22157
Sat Nov 28 2020,22163
Sun Nov 29 2020,22164
Mon Nov 30 2020,22165
Tue Dec 01 2020,22110
Wed Dec 02 2020,22103
Thu Dec 03 2020,22087
Fri Dec 04 2020,22068
Sat Dec 05 2020,22050
Sun Dec 06 2020,22125
Mon Dec 07 2020,22103
Tue Dec 08 2020,22123
Wed Dec 09 2020,22054
Thu Dec 10 2020,22012
Fri Dec 11 2020,21967
Sat Dec 12 2020,21993
Sun Dec 13 2020,22040
Mon Dec 14 2020,22046
Tue Dec 15 2020,22071
Wed Dec 16 2020,22062
Thu Dec 17 2020,22046
Fri Dec 18 2020,22043
Sat Dec 19 2020,22176
Sun Dec 20 2020,22153
Mon Dec 21 2020,22121
Tue Dec 22 2020,22064
Wed Dec 23 2020,22145
Thu Dec 24 2020,22110
Fri Dec 25 2020,22129
Sat Dec 26 2020,22122
Sun Dec 27 2020,22082
Mon Dec 28 2020,22125
Tue Dec 29 2020,22147
Wed Dec 30 2020,22149
Thu Dec 31 2020,22120
Fri Jan 01 2021,22095
Sat Jan 02 2021,22095
Sun Jan 03 2021,22077
Mon Jan 04 2021,22058
Tue Jan 05 2021,22034
Wed Jan 06 2021,22005
Thu Jan 07 2021,22044
Fri Jan 08 2021,22054
Sat Jan 09 2021,22136
Sun Jan 10 2021,22268
Mon Jan 11 2021,22295
Tue Jan 12 2021,22337
Wed Jan 13 2021,22337
Thu Jan 14 2021,22367
Fri Jan 15 2021,22359
Sat Jan 16 2021,22422
Sun Jan 17 2021,22449
Mon Jan 18 2021,22394
Tue Jan 19 2021,22440
Wed Jan 20 2021,22500
Thu Jan 21 2021,22537
Fri Jan 22 2021,22500
Sat Jan 23 2021,22563
Sun Jan 24 2021,22583
Mon Jan 25 2021,22601
Tue Jan 26 2021,22629
Wed Jan 27 2021,22678
Thu Jan 28 2021,22734
Fri Jan 29 2021,22728
Sat Jan 30 2021,22786
Sun Jan 31 2021,22813
Mon Feb 01 2021,22837
Tue Feb 02 2021,22828
Wed Feb 03 2021,22860
Thu Feb 04 2021,22876
Fri Feb 05 2021,22908
Sat Feb 06 2021,22939
Sun Feb 07 2021,22965
Mon Feb 08 2021,22950
Tue Feb 09 2021,22905
Wed Feb 10 2021,22947
Thu Feb 11 2021,22956
Fri Feb 12 2021,22971
Sat Feb 13 2021,22973
Sun Feb 14 2021,22978
Mon Feb 15 2021,22977
Tue Feb 16 2021,22998
Wed Feb 17 2021,23040
Thu Feb 18 2021,23053
Fri Feb 19 2021,23082
Sat Feb 20 2021,23096
Sun Feb 21 2021,23116
Mon Feb 22 2021,23113
Tue Feb 23 2021,23391
Wed Feb 24 2021,23422
Thu Feb 25 2021,23425
Fri Feb 26 2021,23440
Sat Feb 27 2021,23503
Sun Feb 28 2021,23554
Mon Mar 01 2021,23650
Tue Mar 02 2021,23681
Wed Mar 03 2021,23726
Thu Mar 04 2021,23653
Fri Mar 05 2021,23701
Sat Mar 06 2021,23827
Sun Mar 07 2021,23989
Mon Mar 08 2021,23973
Tue Mar 09 2021,24106
Wed Mar 10 2021,24168
Thu Mar 11 2021,24269
Fri Mar 12 2021,24543
Sat Mar 13 2021,24600
Sun Mar 14 2021,24657
Mon Mar 15 2021,24649
Tue Mar 16 2021,24812
Wed Mar 17 2021,24851
Thu Mar 18 2021,24950
Fri Mar 19 2021,24964
Sat Mar 20 2021,25028
Sun Mar 21 2021,25115
Mon Mar 22 2021,25171
Tue Mar 23 2021,25187
Wed Mar 24 2021,25187
Thu Mar 25 2021,25260
Fri Mar 26 2021,25348
Sat Mar 27 2021,25450
Sun Mar 28 2021,25498
Mon Mar 29 2021,25507
Tue Mar 30 2021,25527
Wed Mar 31 2021,25560
Thu Apr 01 2021,25667
Fri Apr 02 2021,25856
Sat Apr 03 2021,25763
Sun Apr 04 2021,25697
Mon Apr 05 2021,25694
Tue Apr 06 2021,25799
Wed Apr 07 2021,25792
Thu Apr 08 2021,25935
Fri Apr 09 2021,25930
Sat Apr 10 2021,26048
Sun Apr 11 2021,26055
Mon Apr 12 2021,26119
Tue Apr 13 2021,26256
Wed Apr 14 2021,26484
Thu Apr 15 2021,26297
Fri Apr 16 2021,26353
Sat Apr 17 2021,26456
Sun Apr 18 2021,26755
Mon Apr 19 2021,26883
Tue Apr 20 2021,27030
Wed Apr 21 2021,27473
Thu Apr 22 2021,27761
Fri Apr 23 2021,28097
Sat Apr 24 2021,28248
Sun Apr 25 2021,28283
Mon Apr 26 2021,28446
Tue Apr 27 2021,28472
Wed Apr 28 2021,28550
Thu Apr 29 2021,28645
Fri Apr 30 2021,28805
Sat May 01 2021,28835
Sun May 02 2021,28807
Mon May 03 2021,28611
Tue May 04 2021,29090
Wed May 05 2021,29241
Thu May 06 2021,29053
Fri May 07 2021,29067
Sat May 08 2021,29252
Sun May 09 2021,29378
Mon May 10 2021,28973
Tue May 11 2021,28912
Wed May 12 2021,28769
Thu May 13 2021,28480
Fri May 14 2021,28504
Sat May 15 2021,28881
Sun May 16 2021,28849
Mon May 17 2021,28824
Tue May 18 2021,28665
Wed May 19 2021,28479
Thu May 20 2021,28551
Fri May 21 2021,28563
Sat May 22 2021,28624
Sun May 23 2021,28604
Mon May 24 2021,28585
Tue May 25 2021,28639
Wed May 26 2021,28737
Thu May 27 2021,28733
Fri May 28 2021,28671
Sat May 29 2021,28636
Sun May 30 2021,28626
Mon May 31 2021,28615
Tue Jun 01 2021,28472
Wed Jun 02 2021,28424
Thu Jun 03 2021,28183
Fri Jun 04 2021,28034
Sat Jun 05 2021,28024
Sun Jun 06 2021,28122
Mon Jun 07 2021,28170
Tue Jun 08 2021,28301
Wed Jun 09 2021,28314
Thu Jun 10 2021,28370
Fri Jun 11 2021,28443
Sat Jun 12 2021,28584
Sun Jun 13 2021,28580
Mon Jun 14 2021,28637
Tue Jun 15 2021,28710
Wed Jun 16 2021,28681
Thu Jun 17 2021,28681
Fri Jun 18 2021,28873
Sat Jun 19 2021,28878
Sun Jun 20 2021,28869
Mon Jun 21 2021,28836
Tue Jun 22 2021,28868
Wed Jun 23 2021,28889
Thu Jun 24 2021,28822
Fri Jun 25 2021,28828
Sat Jun 26 2021,28858
Sun Jun 27 2021,28910
Mon Jun 28 2021,28910
Tue Jun 29 2021,29001
Wed Jun 30 2021,29026
Thu Jul 01 2021,29187
Fri Jul 02 2021,29266
Sat Jul 03 2021,29269
Sun Jul 04 2021,29307
Mon Jul 05 2021,29257
Tue Jul 06 2021,29192
Wed Jul 07 2021,29202
Thu Jul 08 2021,29083
Fri Jul 09 2021,29076
Sat Jul 10 2021,29166
Sun Jul 11 2021,29080
Mon Jul 12 2021,29145
Tue Jul 13 2021,29242
Wed Jul 14 2021,29182
Thu Jul 15 2021,29096
Fri Jul 16 2021,29114
Sat Jul 17 2021,29134
Sun Jul 18 2021,29142
Mon Jul 19 2021,29093
Tue Jul 20 2021,29040
Wed Jul 21 2021,29062
Thu Jul 22 2021,29027
Fri Jul 23 2021,29004
Sat Jul 24 2021,29129
Sun Jul 25 2021,29069
Mon Jul 26 2021,29088
Tue Jul 27 2021,29126
Wed Jul 28 2021,29101
Thu Jul 29 2021,29084
Fri Jul 30 2021,29168
Sat Jul 31 2021,29194
Sun Aug 01 2021,29138
Mon Aug 02 2021,29108
Tue Aug 03 2021,29062
Wed Aug 04 2021,29054
Thu Aug 05 2021,29079
Fri Aug 06 2021,29091
Sat Aug 07 2021,29035
Sun Aug 08 2021,29076
Mon Aug 09 2021,29103
Tue Aug 10 2021,29130
Wed Aug 11 2021,29095
Thu Aug 12 2021,29011
Fri Aug 13 2021,29126
Sat Aug 14 2021,29144
Sun Aug 15 2021,29204
Mon Aug 16 2021,29288
Tue Aug 17 2021,29255
Wed Aug 18 2021,29273
Thu Aug 19 2021,29313
Fri Aug 20 2021,29310
Sat Aug 21 2021,29372
Sun Aug 22 2021,29392
Mon Aug 23 2021,29442
Tue Aug 24 2021,29446
Wed Aug 25 2021,29390
Thu Aug 26 2021,29466
Fri Aug 27 2021,29451
Sat Aug 28 2021,29467
Sun Aug 29 2021,29361
Mon Aug 30 2021,29462
Tue Aug 31 2021,29486
Wed Sep 01 2021,29516
Thu Sep 02 2021,29526
Fri Sep 03 2021,29534
Sat Sep 04 2021,29581
Sun Sep 05 2021,29556
Mon Sep 06 2021,29735
Tue Sep 07 2021,29791
Wed Sep 08 2021,29876
Thu Sep 09 2021,29891
Fri Sep 10 2021,29934
Sat Sep 11 2021,29991
Sun Sep 12 2021,30107
Mon Sep 13 2021,30099
Tue Sep 14 2021,30136
Wed Sep 15 2021,30043
Thu Sep 16 2021,30197
Fri Sep 17 2021,30225
Sat Sep 18 2021,30301
Sun Sep 19 2021,30348
Mon Sep 20 2021,30420
Tue Sep 21 2021,30409
Wed Sep 22 2021,30268
Thu Sep 23 2021,30319
Fri Sep 24 2021,30470
Sat Sep 25 2021,30447
Sun Sep 26 2021,30456
Mon Sep 27 2021,30403
Tue Sep 28 2021,30420
Wed Sep 29 2021,30357
Thu Sep 30 2021,30522
Fri Oct 01 2021,30623
Sat Oct 02 2021,30682
Sun Oct 03 2021,30703
Mon Oct 04 2021,30844
Tue Oct 05 2021,30988
Wed Oct 06 2021,30944
Thu Oct 07 2021,31050
Fri Oct 08 2021,30895
Sat Oct 09 2021,30975
Sun Oct 10 2021,30990
Mon Oct 11 2021,30972
Tue Oct 12 2021,30903
Wed Oct 13 2021,30853
Thu Oct 14 2021,31024
Fri Oct 15 2021,30923
Sat Oct 16 2021,30962
Sun Oct 17 2021,30896
Mon Oct 18 2021,30843
Tue Oct 19 2021,30782
Wed Oct 20 2021,30863
Thu Oct 21 2021,30879
Fri Oct 22 2021,30878
Sat Oct 23 2021,30980
Sun Oct 24 2021,30923
Mon Oct 25 2021,30873
Tue Oct 26 2021,30876
Wed Oct 27 2021,30887
Thu Oct 28 2021,31020
Fri Oct 29 2021,31031
Sat Oct 30 2021,30998
Sun Oct 31 2021,30969
Mon Nov 01 2021,30923
Tue Nov 02 2021,30902
Wed Nov 03 2021,30933
Thu Nov 04 2021,30872
Fri Nov 05 2021,30980
Sat Nov 06 2021,31017
Sun Nov 07 2021,31108
Mon Nov 08 2021,31058
Tue Nov 09 2021,31081
Wed Nov 10 2021,31092
Thu Nov 11 2021,31075
Fri Nov 12 2021,31115
Sat Nov 13 2021,31056
Sun Nov 14 2021,31258
Mon Nov 15 2021,31321
Tue Nov 16 2021,31424
Wed Nov 17 2021,31415
Thu Nov 18 2021,31437
Fri Nov 19 2021,31330
Sat Nov 20 2021,31379
Sun Nov 21 2021,31402
Mon Nov 22 2021,31528
Tue Nov 23 2021,31598
Wed Nov 24 2021,31696
Thu Nov 25 2021,31698
Fri Nov 26 2021,31868
Sat Nov 27 2021,31837
Sun Nov 28 2021,31876
Mon Nov 29 2021,31902
Tue Nov 30 2021,32053
Wed Dec 01 2021,32124
Thu Dec 02 2021,32153
Fri Dec 03 2021,32232
Sat Dec 04 2021,32322
Sun Dec 05 2021,32405
Mon Dec 06 2021,32414
Tue Dec 07 2021,32373
Wed Dec 08 2021,32403
Thu Dec 09 2021,32417
Fri Dec 10 2021,32501
Sat Dec 11 2021,32662
Sun Dec 12 2021,32651
Mon Dec 13 2021,32665
Tue Dec 14 2021,32797
Wed Dec 15 2021,32825
Thu Dec 16 2021,32792
Fri Dec 17 2021,32829
Sat Dec 18 2021,32999
Sun Dec 19 2021,33004
Mon Dec 20 2021,33084
Tue Dec 21 2021,33131
Wed Dec 22 2021,33181
Thu Dec 23 2021,33243
Fri Dec 24 2021,33275
Sat Dec 25 2021,33290
Sun Dec 26 2021,33278
Mon Dec 27 2021,33289
Tue Dec 28 2021,33225
Wed Dec 29 2021,33321
Thu Dec 30 2021,33381
Fri Dec 31 2021,33398
Sat Jan 01 2022,33476
Sun Jan 02 2022,33481
Mon Jan 03 2022,33499
Tue Jan 04 2022,33603
Wed Jan 05 2022,33718
Thu Jan 06 2022,33838
Fri Jan 07 2022,33946
Sat Jan 08 2022,34005
Sun Jan 09 2022,34113
Mon Jan 10 2022,34073
Tue Jan 11 2022,34235
Wed Jan 12 2022,34225
Thu Jan 13 2022,34310
Fri Jan 14 2022,34416
Sat Jan 15 2022,34415
Sun Jan 16 2022,34445
Mon Jan 17 2022,34466
Tue Jan 18 2022,34500
Wed Jan 19 2022,34529
Thu Jan 20 2022,34574
Fri Jan 21 2022,34655
Sat Jan 22 2022,34660
Sun Jan 23 2022,34790
Mon Jan 24 2022,34976
Tue Jan 25 2022,35137
Wed Jan 26 2022,35272
Thu Jan 27 2022,35406
Fri Jan 28 2022,35433
Sat Jan 29 2022,35808
Sun Jan 30 2022,36108
Mon Jan 31 2022,36115
Tue Feb 01 2022,36272
Wed Feb 02 2022,36375
Thu Feb 03 2022,36492
Fri Feb 04 2022,36786
Sat Feb 05 2022,37316
Sun Feb 06 2022,37532
Mon Feb 07 2022,37706
Tue Feb 08 2022,37949
Wed Feb 09 2022,38109
Thu Feb 10 2022,38523
Fri Feb 11 2022,38778
Sat Feb 12 2022,39516
Sun Feb 13 2022,40381
Mon Feb 14 2022,40291
Tue Feb 15 2022,40570
Wed Feb 16 2022,40700
Thu Feb 17 2022,41037
Fri Feb 18 2022,41552
Sat Feb 19 2022,41642
Sun Feb 20 2022,41987
Mon Feb 21 2022,42079
Tue Feb 22 2022,42074
Wed Feb 23 2022,41856
Thu Feb 24 2022,41925
Fri Feb 25 2022,41967
Sat Feb 26 2022,42091
Sun Feb 27 2022,42405
Mon Feb 28 2022,42636
Tue Mar 01 2022,42603
Wed Mar 02 2022,42556
Thu Mar 03 2022,42569
Fri Mar 04 2022,42569
Sat Mar 05 2022,42474
Sun Mar 06 2022,42568
Mon Mar 07 2022,42581
Tue Mar 08 2022,42639
Wed Mar 09 2022,42616
Thu Mar 10 2022,42614
Fri Mar 11 2022,42743
Sat Mar 12 2022,42582
Sun Mar 13 2022,42450
Mon Mar 14 2022,42486
Tue Mar 15 2022,42420
Wed Mar 16 2022,42367
Thu Mar 17 2022,42367
Fri Mar 18 2022,42264
Sat Mar 19 2022,42262
Sun Mar 20 2022,42158
Mon Mar 21 2022,42187
Tue Mar 22 2022,41985
Wed Mar 23 2022,42069
Thu Mar 24 2022,42134
Fri Mar 25 2022,42171
Sat Mar 26 2022,42220
Sun Mar 27 2022,42089
Mon Mar 28 2022,42011
Tue Mar 29 2022,41860
Wed Mar 30 2022,41647
Thu Mar 31 2022,41694
Fri Apr 01 2022,41640
Sat Apr 02 2022,41515
Sun Apr 03 2022,41688
Mon Apr 04 2022,41672
Tue Apr 05 2022,41491
Wed Apr 06 2022,41422
Thu Apr 07 2022,41340
Fri Apr 08 2022,41249
Sat Apr 09 2022,41153
Sun Apr 10 2022,40890
Mon Apr 11 2022,40859
Tue Apr 12 2022,40831
Wed Apr 13 2022,40474
Thu Apr 14 2022,40577
Fri Apr 15 2022,40670
Sat Apr 16 2022,40493
Sun Apr 17 2022,40523
Mon Apr 18 2022,40633
Tue Apr 19 2022,40637
Wed Apr 20 2022,40486
Thu Apr 21 2022,40504
Fri Apr 22 2022,40535
Sat Apr 23 2022,40422
Sun Apr 24 2022,40314
Mon Apr 25 2022,40171
Tue Apr 26 2022,40145
Wed Apr 27 2022,39996
Thu Apr 28 2022,39781
Fri Apr 29 2022,39894
Sat Apr 30 2022,39814
Sun May 01 2022,39833
Mon May 02 2022,40068
Tue May 03 2022,39688
Wed May 04 2022,39626
Thu May 05 2022,39536
Fri May 06 2022,39523
Sat May 07 2022,39489
Sun May 08 2022,39425
Mon May 09 2022,39449
Tue May 10 2022,39494
Wed May 11 2022,39546
Thu May 12 2022,39460
Fri May 13 2022,39559
Sat May 14 2022,39216
Sun May 15 2022,39189
Mon May 16 2022,39253
Tue May 17 2022,39271
Wed May 18 2022,39062
Thu May 19 2022,38814
Fri May 20 2022,38768
Sat May 21 2022,38677
Sun May 22 2022,38595
Mon May 23 2022,38612
Tue May 24 2022,38494
Wed May 25 2022,38215
Thu May 26 2022,38238
Fri May 27 2022,38114
Sat May 28 2022,38173
Sun May 29 2022,38194
Mon May 30 2022,38123
Tue May 31 2022,38045
Wed Jun 01 2022,37628
Thu Jun 02 2022,37501
Fri Jun 03 2022,37514
Sat Jun 04 2022,37278
Sun Jun 05 2022,37190
Mon Jun 06 2022,36942
Tue Jun 07 2022,36899
Wed Jun 08 2022,36803
Thu Jun 09 2022,36761
Fri Jun 10 2022,36675
Sat Jun 11 2022,36549
Sun Jun 12 2022,36559
Mon Jun 13 2022,36510
Tue Jun 14 2022,36455
Wed Jun 15 2022,36399
Thu Jun 16 2022,36212
Fri Jun 17 2022,36149
Sat Jun 18 2022,36038
Sun Jun 19 2022,35814
Mon Jun 20 2022,35802
Tue Jun 21 2022,35739
Wed Jun 22 2022,35617
Thu Jun 23 2022,35545
Fri Jun 24 2022,35481
Sat Jun 25 2022,35430
Sun Jun 26 2022,35429
Mon Jun 27 2022,35367
Tue Jun 28 2022,35130
Wed Jun 29 2022,34957
Thu Jun 30 2022,34846
Fri Jul 01 2022,34829
Sat Jul 02 2022,34757
Sun Jul 03 2022,34736
Mon Jul 04 2022,34911
Tue Jul 05 2022,34997
Wed Jul 06 2022,35029
Thu Jul 07 2022,34921
Fri Jul 08 2022,34909
Sat Jul 09 2022,34834
Sun Jul 10 2022,34741
Mon Jul 11 2022,34719
Tue Jul 12 2022,34611
Wed Jul 13 2022,34459
Thu Jul 14 2022,34361
Fri Jul 15 2022,34224
Sat Jul 16 2022,34137
Sun Jul 17 2022,34150
Mon Jul 18 2022,34228
Tue Jul 19 2022,34139
Wed Jul 20 2022,33972
Thu Jul 21 2022,33935
Fri Jul 22 2022,33932
Sat Jul 23 2022,33847
Sun Jul 24 2022,33777
Mon Jul 25 2022,33797
Tue Jul 26 2022,33669
Wed Jul 27 2022,33556
Thu Jul 28 2022,33552
Fri Jul 29 2022,33445
Sat Jul 30 2022,33408
Sun Jul 31 2022,33357
Mon Aug 01 2022,33398
Tue Aug 02 2022,33328
Wed Aug 03 2022,33307
Thu Aug 04 2022,33233
Fri Aug 05 2022,33137
Sat Aug 06 2022,33199
Sun Aug 07 2022,33140
Mon Aug 08 2022,33130
Tue Aug 09 2022,33061
Wed Aug 10 2022,32954
Thu Aug 11 2022,32883
Fri Aug 12 2022,32773
Sat Aug 13 2022,32680
Sun Aug 14 2022,32605
Mon Aug 15 2022,32543
Tue Aug 16 2022,32154
Wed Aug 17 2022,32089
Thu Aug 18 2022,32133
Fri Aug 19 2022,32194
Sat Aug 20 2022,32089
Sun Aug 21 2022,32157
Mon Aug 22 2022,32075
Tue Aug 23 2022,32052
Wed Aug 24 2022,31966
Thu Aug 25 2022,31868
Fri Aug 26 2022,31789
Sat Aug 27 2022,31700
Sun Aug 28 2022,31756
Mon Aug 29 2022,31789
Tue Aug 30 2022,31710
Wed Aug 31 2022,31644
Thu Sep 01 2022,31547
Fri Sep 02 2022,31541
Sat Sep 03 2022,31541
Sun Sep 04 2022,31693
Mon Sep 05 2022,31616
Tue Sep 06 2022,31635
Wed Sep 07 2022,31535
Thu Sep 08 2022,31469
Fri Sep 09 2022,31469
Sat Sep 10 2022,31438
Sun Sep 11 2022,31493
Mon Sep 12 2022,31426
Tue Sep 13 2022,31466
Wed Sep 14 2022,31556
Thu Sep 15 2022,31660
Fri Sep 16 2022,31728
Sat Sep 17 2022,31721
Sun Sep 18 2022,31770
Mon Sep 19 2022,31751
Tue Sep 20 2022,31686
Wed Sep 21 2022,31777
Thu Sep 22 2022,31686
Fri Sep 23 2022,31617
Sat Sep 24 2022,31683
Sun Sep 25 2022,31571
Mon Sep 26 2022,31629
Tue Sep 27 2022,31647
Wed Sep 28 2022,31668
Thu Sep 29 2022,31584
Fri Sep 30 2022,31585
Sat Oct 01 2022,31673
Sun Oct 02 2022,31621
Mon Oct 03 2022,31600
Tue Oct 04 2022,31512
Wed Oct 05 2022,31491
Thu Oct 06 2022,31446
Fri Oct 07 2022,31505
Sat Oct 08 2022,31559
Sun Oct 09 2022,31551
Mon Oct 10 2022,31641
Tue Oct 11 2022,31634
Wed Oct 12 2022,31609
Thu Oct 13 2022,31592
Fri Oct 14 2022,31336
Sat Oct 15 2022,31299
Sun Oct 16 2022,31261
Mon Oct 17 2022,31444
Tue Oct 18 2022,31452
Wed Oct 19 2022,31323
Thu Oct 20 2022,31479
Fri Oct 21 2022,31350
Sat Oct 22 2022,31416
Sun Oct 23 2022,31552
Mon Oct 24 2022,31504
Tue Oct 25 2022,31557
Wed Oct 26 2022,31432
Thu Oct 27 2022,31374
Fri Oct 28 2022,31371
Sat Oct 29 2022,31444
Sun Oct 30 2022,31417
Mon Oct 31 2022,31462
Tue Nov 01 2022,31474
Wed Nov 02 2022,31560
Thu Nov 03 2022,31579
Fri Nov 04 2022,31585
Sat Nov 05 2022,31437
Sun Nov 06 2022,31512
Mon Nov 07 2022,31527
Tue Nov 08 2022,31396
Wed Nov 09 2022,31401
Thu Nov 10 2022,31292
Fri Nov 11 2022,31302
Sat Nov 12 2022,31258
Sun Nov 13 2022,31190
Mon Nov 14 2022,31033
Tue Nov 15 2022,30934
Wed Nov 16 2022,30626
Thu Nov 17 2022,30365
Fri Nov 18 2022,30348
Sat Nov 19 2022,30277
Sun Nov 20 2022,30341
Mon Nov 21 2022,30204
Tue Nov 22 2022,30159
Wed Nov 23 2022,30072
Thu Nov 24 2022,29984
Fri Nov 25 2022,29909
Sat Nov 26 2022,29910
Sun Nov 27 2022,29817
Mon Nov 28 2022,29719
Tue Nov 29 2022,29618
Wed Nov 30 2022,29365
Thu Dec 01 2022,29233
Fri Dec 02 2022,29104
Sat Dec 03 2022,28971
Sun Dec 04 2022,28888
Mon Dec 05 2022,28989
Tue Dec 06 2022,28940
Wed Dec 07 2022,28911
Thu Dec 08 2022,28948
Fri Dec 09 2022,28847
Sat Dec 10 2022,28812
Sun Dec 11 2022,28760
Mon Dec 12 2022,28745
Tue Dec 13 2022,28574
Wed Dec 14 2022,28566
Thu Dec 15 2022,28589
Fri Dec 16 2022,28615
Sat Dec 17 2022,28725
Sun Dec 18 2022,28691
Mon Dec 19 2022,28639
Tue Dec 20 2022,28436
Wed Dec 21 2022,28500
Thu Dec 22 2022,28507
Fri Dec 23 2022,28424
Sat Dec 24 2022,28372
Sun Dec 25 2022,28360
Mon Dec 26 2022,28322
Tue Dec 27 2022,28206
Wed Dec 28 2022,28058
Thu Dec 29 2022,28123
Fri Dec 30 2022,28156
Sat Dec 31 2022,28185
Sun Jan 01 2023,28019
Mon Jan 02 2023,28024
Tue Jan 03 2023,27945
Wed Jan 04 2023,27876
Thu Jan 05 2023,27781
Fri Jan 06 2023,27766
Sat Jan 07 2023,27774
Sun Jan 08 2023,27739
Mon Jan 09 2023,27636
Tue Jan 10 2023,27576
Wed Jan 11 2023,27616
Thu Jan 12 2023,27729
Fri Jan 13 2023,27676
Sat Jan 14 2023,27681
Sun Jan 15 2023,27660
Mon Jan 16 2023,27538
Tue Jan 17 2023,27465
Wed Jan 18 2023,27437
Thu Jan 19 2023,27521
Fri Jan 20 2023,27505
Sat Jan 21 2023,27444
Sun Jan 22 2023,27430
Mon Jan 23 2023,27422
Tue Jan 24 2023,27465
Wed Jan 25 2023,27504
Thu Jan 26 2023,27528
Fri Jan 27 2023,27642
Sat Jan 28 2023,27728
Sun Jan 29 2023,27784
Mon Jan 30 2023,27733
Tue Jan 31 2023,27789
Wed Feb 01 2023,27784
Thu Feb 02 2023,27889
Fri Feb 03 2023,27838
Sat Feb 04 2023,27812
Sun Feb 05 2023,27848
Mon Feb 06 2023,27897
Tue Feb 07 2023,27855
Wed Feb 08 2023,27887
Thu Feb 09 2023,27814
Fri Feb 10 2023,27704
Sat Feb 11 2023,27585
Sun Feb 12 2023,27617
Mon Feb 13 2023,27613
Tue Feb 14 2023,27669
Wed Feb 15 2023,27763
Thu Feb 16 2023,27798
Fri Feb 17 2023,27767
Sat Feb 18 2023,27806
Sun Feb 19 2023,27804
Mon Feb 20 2023,27689
Tue Feb 21 2023,27709
Wed Feb 22 2023,27765
Thu Feb 23 2023,27768
Fri Feb 24 2023,27804
Sat Feb 25 2023,27757
Sun Feb 26 2023,27739
Mon Feb 27 2023,27840
Tue Feb 28 2023,27882
Wed Mar 01 2023,27950
Thu Mar 02 2023,27909
Fri Mar 03 2023,27963
Sat Mar 04 2023,27951
Sun Mar 05 2023,27913
Mon Mar 06 2023,27961
Tue Mar 07 2023,27938
Wed Mar 08 2023,28004
Thu Mar 09 2023,27977
Fri Mar 10 2023,27980
Sat Mar 11 2023,28056
Sun Mar 12 2023,28100
Mon Mar 13 2023,28155
Tue Mar 14 2023,28128
Wed Mar 15 2023,27986
Thu Mar 16 2023,27969
Fri Mar 17 2023,27935
Sat Mar 18 2023,27950
Sun Mar 19 2023,27974
Mon Mar 20 2023,27954
Tue Mar 21 2023,27951
Wed Mar 22 2023,27923
Thu Mar 23 2023,27844
Fri Mar 24 2023,27907
Sat Mar 25 2023,27666
Sun Mar 26 2023,27631
Mon Mar 27 2023,27724
Tue Mar 28 2023,27699
Wed Mar 29 2023,27687
Thu Mar 30 2023,27694
Fri Mar 31 2023,27810
Sat Apr 01 2023,27839
Sun Apr 02 2023,27842
Mon Apr 03 2023,27748
Tue Apr 04 2023,27809
Wed Apr 05 2023,27807
Thu Apr 06 2023,27915
Fri Apr 07 2023,27966
Sat Apr 08 2023,28009
Sun Apr 09 2023,28011
Mon Apr 10 2023,27996
Tue Apr 11 2023,28162
Wed Apr 12 2023,28092
Thu Apr 13 2023,28106
Fri Apr 14 2023,28153
Sat Apr 15 2023,28136
Sun Apr 16 2023,28167
Mon Apr 17 2023,28183
Tue Apr 18 2023,28200
Wed Apr 19 2023,28223
Thu Apr 20 2023,28182
Fri Apr 21 2023,28187
Sat Apr 22 2023,28309
Sun Apr 23 2023,28324
Mon Apr 24 2023,28356
Tue Apr 25 2023,28317
Wed Apr 26 2023,28289
Thu Apr 27 2023,28360
Fri Apr 28 2023,28335
Sat Apr 29 2023,28284
Sun Apr 30 2023,28219
Mon May 01 2023,28195
Tue May 02 2023,28315
Wed May 03 2023,28367
Thu May 04 2023,28286
Fri May 05 2023,28268
Sat May 06 2023,28180
Sun May 07 2023,28111
Mon May 08 2023,27978
Tue May 09 2023,27969
Wed May 10 2023,27980
Thu May 11 2023,27910
Fri May 12 2023,27910
Sat May 13 2023,27944
Sun May 14 2023,27841
Mon May 15 2023,27824
Tue May 16 2023,27772
Wed May 17 2023,27762
Thu May 18 2023,27720
Fri May 19 2023,27627
Sat May 20 2023,27581
Sun May 21 2023,27520
Mon May 22 2023,27297
Tue May 23 2023,27191
Wed May 24 2023,27313
Thu May 25 2023,27309
Fri May 26 2023,27286
Sat May 27 2023,27169
Sun May 28 2023,27154
Mon May 29 2023,27177
Tue May 30 2023,27152
Wed May 31 2023,27157
Thu Jun 01 2023,27148
Fri Jun 02 2023,27189
Sat Jun 03 2023,27190
Sun Jun 04 2023,27202
Mon Jun 05 2023,27148
Tue Jun 06 2023,27041
Wed Jun 07 2023,27151
Thu Jun 08 2023,27227
Fri Jun 09 2023,27176
Sat Jun 10 2023,27070
Sun Jun 11 2023,26966
Mon Jun 12 2023,26934
Tue Jun 13 2023,26949
Wed Jun 14 2023,26924
Thu Jun 15 2023,26891
Fri Jun 16 2023,26757
Sat Jun 17 2023,26769
Sun Jun 18 2023,26778
Mon Jun 19 2023,26752
Tue Jun 20 2023,26750
Wed Jun 21 2023,26905
Thu Jun 22 2023,26946
Fri Jun 23 2023,26827
Sat Jun 24 2023,26801
Sun Jun 25 2023,26783
Mon Jun 26 2023,26758
Tue Jun 27 2023,26666
Wed Jun 28 2023,26652
Thu Jun 29 2023,26736
Fri Jun 30 2023,26733
Sat Jul 01 2023,26670
Sun Jul 02 2023,26543
Mon Jul 03 2023,26561
Tue Jul 04 2023,26532
Wed Jul 05 2023,26472
Thu Jul 06 2023,26567
Fri Jul 07 2023,26573
Sat Jul 08 2023,26485
Sun Jul 09 2023,26476
Mon Jul 10 2023,26440
Tue Jul 11 2023,26467
Wed Jul 12 2023,26429
Thu Jul 13 2023,26452
Fri Jul 14 2023,26395
Sat Jul 15 2023,26294
Sun Jul 16 2023,26339
Mon Jul 17 2023,26295
Tue Jul 18 2023,26243
Wed Jul 19 2023,26269
Thu Jul 20 2023,26242
Fri Jul 21 2023,26172
Sat Jul 22 2023,26153
Sun Jul 23 2023,26216
Mon Jul 24 2023,26231
Tue Jul 25 2023,26180
Wed Jul 26 2023,26142
Thu Jul 27 2023,26174
Fri Jul 28 2023,26124
Sat Jul 29 2023,26012
Sun Jul 30 2023,25977
Mon Jul 31 2023,25937
Tue Aug 01 2023,26025
Wed Aug 02 2023,25983
Thu Aug 03 2023,25903
Fri Aug 04 2023,25789
Sat Aug 05 2023,25758
Sun Aug 06 2023,25594
Mon Aug 07 2023,25588
Tue Aug 08 2023,25509
Wed Aug 09 2023,25444
Thu Aug 10 2023,25451
Fri Aug 11 2023,25462
Sat Aug 12 2023,25452
Sun Aug 13 2023,25460
Mon Aug 14 2023,25438
Tue Aug 15 2023,25376
Wed Aug 16 2023,25323
Thu Aug 17 2023,25325
Fri Aug 18 2023,25373
Sat Aug 19 2023,25369
Sun Aug 20 2023,25330
Mon Aug 21 2023,25295
Tue Aug 22 2023,25309
Wed Aug 23 2023,25239
Thu Aug 24 2023,25308
Fri Aug 25 2023,25329
Sat Aug 26 2023,25150
Sun Aug 27 2023,25154
Mon Aug 28 2023,25194
Tue Aug 29 2023,25089
Wed Aug 30 2023,25105
Thu Aug 31 2023,24991
Fri Sep 01 2023,24947
Sat Sep 02 2023,25033
Sun Sep 03 2023,25020
Mon Sep 04 2023,24974
Tue Sep 05 2023,24999
Wed Sep 06 2023,24973
Thu Sep 07 2023,25024
Fri Sep 08 2023,25069
Sat Sep 09 2023,25009
Sun Sep 10 2023,24970
Mon Sep 11 2023,24983
Tue Sep 12 2023,24961
Wed Sep 13 2023,25031
Thu Sep 14 2023,24968
Fri Sep 15 2023,25030
Sat Sep 16 2023,25037
Sun Sep 17 2023,24978
Mon Sep 18 2023,24979
Tue Sep 19 2023,24990
Wed Sep 20 2023,25009
Thu Sep 21 2023,25022
Fri Sep 22 2023,25048
Sat Sep 23 2023,24995
Sun Sep 24 2023,25015
Mon Sep 25 2023,24993
Tue Sep 26 2023,24955
Wed Sep 27 2023,25005
Thu Sep 28 2023,24986
Fri Sep 29 2023,25001
Sat Sep 30 2023,25034
Sun Oct 01 2023,25067
Mon Oct 02 2023,25024
Tue Oct 03 2023,25152
Wed Oct 04 2023,25165
Thu Oct 05 2023,25186
Fri Oct 06 2023,25210
Sat Oct 07 2023,25271
Sun Oct 08 2023,25286
Mon Oct 09 2023,25279
Tue Oct 10 2023,25303
Wed Oct 11 2023,25256
Thu Oct 12 2023,25293
Fri Oct 13 2023,25273
Sat Oct 14 2023,25340
Sun Oct 15 2023,25285
Mon Oct 16 2023,25379
Tue Oct 17 2023,25295
Wed Oct 18 2023,25335
Thu Oct 19 2023,25319
Fri Oct 20 2023,25253
Sat Oct 21 2023,25163
Sun Oct 22 2023,25094
Mon Oct 23 2023,25114
Tue Oct 24 2023,25198
Wed Oct 25 2023,25323
Thu Oct 26 2023,25345
Fri Oct 27 2023,25291
Sat Oct 28 2023,25268
Sun Oct 29 2023,25270
Mon Oct 30 2023,25286
Tue Oct 31 2023,25340
Wed Nov 01 2023,25308
Thu Nov 02 2023,25318
Fri Nov 03 2023,25342
Sat Nov 04 2023,25235
Sun Nov 05 2023,25172
Mon Nov 06 2023,25146
Tue Nov 07 2023,25134
Wed Nov 08 2023,25150
Thu Nov 09 2023,25142
Fri Nov 10 2023,25181
Sat Nov 11 2023,25166
Sun Nov 12 2023,25154
Mon Nov 13 2023,25178
Tue Nov 14 2023,25197
Wed Nov 15 2023,25093
Thu Nov 16 2023,25136
Fri Nov 17 2023,25134
Sat Nov 18 2023,25015
Sun Nov 19 2023,25057
Mon Nov 20 2023,25028
Tue Nov 21 2023,25022
Wed Nov 22 2023,25145
Thu Nov 23 2023,25117
Fri Nov 24 2023,25016
Sat Nov 25 2023,25009
Sun Nov 26 2023,24982
Mon Nov 27 2023,25019
Tue Nov 28 2023,25024
Wed Nov 29 2023,24969
Thu Nov 30 2023,25006
Fri Dec 01 2023,24900
Sat Dec 02 2023,24849
Sun Dec 03 2023,24896
Mon Dec 04 2023,24866
Tue Dec 05 2023,24848
Wed Dec 06 2023,24823
Thu Dec 07 2023,24754
Fri Dec 08 2023,24693
Sat Dec 09 2023,24665
Sun Dec 10 2023,24535
Mon Dec 11 2023,24525
Tue Dec 12 2023,24469
Wed Dec 13 2023,24461
Thu Dec 14 2023,24426
Fri Dec 15 2023,24441
Sat Dec 16 2023,24493
Sun Dec 17 2023,24477
Mon Dec 18 2023,24551
Tue Dec 19 2023,24562
Wed Dec 20 2023,24505
Thu Dec 21 2023,24491
Fri Dec 22 2023,24371
Sat Dec 23 2023,24315
Sun Dec 24 2023,24310
Mon Dec 25 2023,24300
Tue Dec 26 2023,24262
Wed Dec 27 2023,24147
Thu Dec 28 2023,24135
Fri Dec 29 2023,24064
Sat Dec 30 2023,24041
Sun Dec 31 2023,24029
Mon Jan 01 2024,23865
Tue Jan 02 2024,23815
Wed Jan 03 2024,23841
Thu Jan 04 2024,23822
Fri Jan 05 2024,23735
Sat Jan 06 2024,23747
Sun Jan 07 2024,23831
Mon Jan 08 2024,23825
Tue Jan 09 2024,23799
Wed Jan 10 2024,23760
Thu Jan 11 2024,23769
Fri Jan 12 2024,23714
Sat Jan 13 2024,23754
Sun Jan 14 2024,23780
Mon Jan 15 2024,23658
Tue Jan 16 2024,23609
Wed Jan 17 2024,23576
Thu Jan 18 2024,23564
Fri Jan 19 2024,23644
Sat Jan 20 2024,23591
Sun Jan 21 2024,23554
Mon Jan 22 2024,23723
Tue Jan 23 2024,23723
Wed Jan 24 2024,23759
Thu Jan 25 2024,23790
Fri Jan 26 2024,23877
Sat Jan 27 2024,23887
Sun Jan 28 2024,23932
Mon Jan 29 2024,24018
Tue Jan 30 2024,24031
Wed Jan 31 2024,24153
Thu Feb 01 2024,24122
Fri Feb 02 2024,24118
Sat Feb 03 2024,24090
Sun Feb 04 2024,24174
Mon Feb 05 2024,24207
Tue Feb 06 2024,24177
Wed Feb 07 2024,24197
Thu Feb 08 2024,24218
Fri Feb 09 2024,24149
Sat Feb 10 2024,24161
Sun Feb 11 2024,24188
Mon Feb 12 2024,24213
Tue Feb 13 2024,24303
Wed Feb 14 2024,24363
Thu Feb 15 2024,24310
Fri Feb 16 2024,24320
Sat Feb 17 2024,24358
Sun Feb 18 2024,24330
Mon Feb 19 2024,24413
Tue Feb 20 2024,24447
Wed Feb 21 2024,24298
Thu Feb 22 2024,24370
Fri Feb 23 2024,24328
Sat Feb 24 2024,24320
Sun Feb 25 2024,24344
Mon Feb 26 2024,24397
Tue Feb 27 2024,24336
Wed Feb 28 2024,24342
Thu Feb 29 2024,24401
Fri Mar 01 2024,24367
Sat Mar 02 2024,24443
Sun Mar 03 2024,24437
Mon Mar 04 2024,24526
Tue Mar 05 2024,24554
Wed Mar 06 2024,24520
Thu Mar 07 2024,24573
Fri Mar 08 2024,24552
Sat Mar 09 2024,24587
Sun Mar 10 2024,24702
Mon Mar 11 2024,24641
Tue Mar 12 2024,24629
Wed Mar 13 2024,24623
Thu Mar 14 2024,24645
Fri Mar 15 2024,24566
Sat Mar 16 2024,24603
Sun Mar 17 2024,24655
Mon Mar 18 2024,24635
Tue Mar 19 2024,24669
Wed Mar 20 2024,24673
Thu Mar 21 2024,24732
Fri Mar 22 2024,24700
Sat Mar 23 2024,24685
Sun Mar 24 2024,24701
Mon Mar 25 2024,24775
Tue Mar 26 2024,24761
Wed Mar 27 2024,24791
Thu Mar 28 2024,24846
Fri Mar 29 2024,24902
Sat Mar 30 2024,24862
Sun Mar 31 2024,24867
Mon Apr 01 2024,24651
Tue Apr 02 2024,24716
Wed Apr 03 2024,24807
Thu Apr 04 2024,24842
Fri Apr 05 2024,24903
Sat Apr 06 2024,25034
Sun Apr 07 2024,25012
Mon Apr 08 2024,25063
Tue Apr 09 2024,25094
Wed Apr 10 2024,25119
Thu Apr 11 2024,25151
Fri Apr 12 2024,25125
Sat Apr 13 2024,25190
Sun Apr 14 2024,25280
Mon Apr 15 2024,25347
Tue Apr 16 2024,25375
Wed Apr 17 2024,25367
Thu Apr 18 2024,25389
Fri Apr 19 2024,25345
Sat Apr 20 2024,25321
Sun Apr 21 2024,25161
Mon Apr 22 2024,25187
Tue Apr 23 2024,25201
Wed Apr 24 2024,25198
Thu Apr 25 2024,25143
Fri Apr 26 2024,25087
Sat Apr 27 2024,25075
Sun Apr 28 2024,25073
Mon Apr 29 2024,25042
Tue Apr 30 2024,25028
Wed May 01 2024,24985
Thu May 02 2024,24981
Fri May 03 2024,24973
Sat May 04 2024,24991
Sun May 05 2024,24993
Mon May 06 2024,24871
Tue May 07 2024,24868
Wed May 08 2024,24863
Thu May 09 2024,24852
Fri May 10 2024,24855
Sat May 11 2024,24817