date,Breitling RB0127 (CHF)
Wed May 22 2019,0
Thu May 23 2019,0
Fri May 24 2019,0
Sat May 25 2019,0
Sun May 26 2019,0
Mon May 27 2019,0
Tue May 28 2019,0
Wed May 29 2019,0
Thu May 30 2019,0
Fri May 31 2019,0
Sat Jun 01 2019,0
Sun Jun 02 2019,0
Mon Jun 03 2019,0
Tue Jun 04 2019,0
Wed Jun 05 2019,0
Thu Jun 06 2019,0
Fri Jun 07 2019,0
Sat Jun 08 2019,0
Sun Jun 09 2019,0
Mon Jun 10 2019,0
Tue Jun 11 2019,0
Wed Jun 12 2019,0
Thu Jun 13 2019,0
Fri Jun 14 2019,0
Sat Jun 15 2019,0
Sun Jun 16 2019,0
Mon Jun 17 2019,0
Tue Jun 18 2019,0
Wed Jun 19 2019,0
Thu Jun 20 2019,0
Fri Jun 21 2019,0
Sat Jun 22 2019,0
Sun Jun 23 2019,0
Mon Jun 24 2019,0
Tue Jun 25 2019,0
Wed Jun 26 2019,0
Thu Jun 27 2019,0
Fri Jun 28 2019,0
Sat Jun 29 2019,0
Sun Jun 30 2019,0
Mon Jul 01 2019,0
Tue Jul 02 2019,0
Wed Jul 03 2019,0
Thu Jul 04 2019,0
Fri Jul 05 2019,0
Sat Jul 06 2019,0
Sun Jul 07 2019,0
Mon Jul 08 2019,0
Tue Jul 09 2019,0
Wed Jul 10 2019,0
Thu Jul 11 2019,0
Fri Jul 12 2019,0
Sat Jul 13 2019,0
Sun Jul 14 2019,0
Mon Jul 15 2019,0
Tue Jul 16 2019,0
Wed Jul 17 2019,0
Thu Jul 18 2019,0
Fri Jul 19 2019,0
Sat Jul 20 2019,0
Sun Jul 21 2019,0
Mon Jul 22 2019,0
Tue Jul 23 2019,0
Wed Jul 24 2019,0
Thu Jul 25 2019,0
Fri Jul 26 2019,0
Sat Jul 27 2019,0
Sun Jul 28 2019,0
Mon Jul 29 2019,0
Tue Jul 30 2019,0
Wed Jul 31 2019,0
Thu Aug 01 2019,0
Fri Aug 02 2019,0
Sat Aug 03 2019,0
Sun Aug 04 2019,0
Mon Aug 05 2019,0
Tue Aug 06 2019,0
Wed Aug 07 2019,0
Thu Aug 08 2019,0
Fri Aug 09 2019,0
Sat Aug 10 2019,0
Sun Aug 11 2019,0
Mon Aug 12 2019,0
Tue Aug 13 2019,0
Wed Aug 14 2019,0
Thu Aug 15 2019,0
Fri Aug 16 2019,0
Sat Aug 17 2019,0
Sun Aug 18 2019,0
Mon Aug 19 2019,0
Tue Aug 20 2019,0
Wed Aug 21 2019,0
Thu Aug 22 2019,0
Fri Aug 23 2019,0
Sat Aug 24 2019,0
Sun Aug 25 2019,0
Mon Aug 26 2019,0
Tue Aug 27 2019,0
Wed Aug 28 2019,0
Thu Aug 29 2019,0
Fri Aug 30 2019,0
Sat Aug 31 2019,0
Sun Sep 01 2019,0
Mon Sep 02 2019,0
Tue Sep 03 2019,0
Wed Sep 04 2019,0
Thu Sep 05 2019,0
Fri Sep 06 2019,0
Sat Sep 07 2019,0
Sun Sep 08 2019,0
Mon Sep 09 2019,0
Tue Sep 10 2019,0
Wed Sep 11 2019,0
Thu Sep 12 2019,0
Fri Sep 13 2019,0
Sat Sep 14 2019,0
Sun Sep 15 2019,0
Mon Sep 16 2019,0
Tue Sep 17 2019,0
Wed Sep 18 2019,0
Thu Sep 19 2019,0
Fri Sep 20 2019,0
Sat Sep 21 2019,0
Sun Sep 22 2019,0
Mon Sep 23 2019,0
Tue Sep 24 2019,0
Wed Sep 25 2019,0
Thu Sep 26 2019,0
Fri Sep 27 2019,0
Sat Sep 28 2019,0
Sun Sep 29 2019,0
Mon Sep 30 2019,0
Tue Oct 01 2019,0
Wed Oct 02 2019,0
Thu Oct 03 2019,0
Fri Oct 04 2019,0
Sat Oct 05 2019,0
Sun Oct 06 2019,0
Mon Oct 07 2019,0
Tue Oct 08 2019,0
Wed Oct 09 2019,0
Thu Oct 10 2019,0
Fri Oct 11 2019,0
Sat Oct 12 2019,0
Sun Oct 13 2019,0
Mon Oct 14 2019,0
Tue Oct 15 2019,0
Wed Oct 16 2019,0
Thu Oct 17 2019,0
Fri Oct 18 2019,0
Sat Oct 19 2019,0
Sun Oct 20 2019,0
Mon Oct 21 2019,0
Tue Oct 22 2019,0
Wed Oct 23 2019,0
Thu Oct 24 2019,0
Fri Oct 25 2019,0
Sat Oct 26 2019,0
Sun Oct 27 2019,0
Mon Oct 28 2019,0
Tue Oct 29 2019,0
Wed Oct 30 2019,0
Thu Oct 31 2019,0
Fri Nov 01 2019,0
Sat Nov 02 2019,0
Sun Nov 03 2019,0
Mon Nov 04 2019,0
Tue Nov 05 2019,0
Wed Nov 06 2019,0
Thu Nov 07 2019,0
Fri Nov 08 2019,0
Sat Nov 09 2019,0
Sun Nov 10 2019,0
Mon Nov 11 2019,0
Tue Nov 12 2019,0
Wed Nov 13 2019,0
Thu Nov 14 2019,0
Fri Nov 15 2019,0
Sat Nov 16 2019,0
Sun Nov 17 2019,0
Mon Nov 18 2019,0
Tue Nov 19 2019,0
Wed Nov 20 2019,0
Thu Nov 21 2019,0
Fri Nov 22 2019,0
Sat Nov 23 2019,0
Sun Nov 24 2019,0
Mon Nov 25 2019,0
Tue Nov 26 2019,0
Wed Nov 27 2019,0
Thu Nov 28 2019,0
Fri Nov 29 2019,0
Sat Nov 30 2019,0
Sun Dec 01 2019,0
Mon Dec 02 2019,0
Tue Dec 03 2019,0
Wed Dec 04 2019,0
Thu Dec 05 2019,0
Fri Dec 06 2019,0
Sat Dec 07 2019,0
Sun Dec 08 2019,0
Mon Dec 09 2019,0
Tue Dec 10 2019,0
Wed Dec 11 2019,0
Thu Dec 12 2019,0
Fri Dec 13 2019,0
Sat Dec 14 2019,0
Sun Dec 15 2019,0
Mon Dec 16 2019,0
Tue Dec 17 2019,0
Wed Dec 18 2019,0
Thu Dec 19 2019,0
Fri Dec 20 2019,0
Sat Dec 21 2019,0
Sun Dec 22 2019,0
Mon Dec 23 2019,0
Tue Dec 24 2019,0
Wed Dec 25 2019,0
Thu Dec 26 2019,0
Fri Dec 27 2019,0
Sat Dec 28 2019,0
Sun Dec 29 2019,0
Mon Dec 30 2019,0
Tue Dec 31 2019,0
Wed Jan 01 2020,0
Thu Jan 02 2020,0
Fri Jan 03 2020,0
Sat Jan 04 2020,0
Sun Jan 05 2020,0
Mon Jan 06 2020,0
Tue Jan 07 2020,0
Wed Jan 08 2020,0
Thu Jan 09 2020,0
Fri Jan 10 2020,0
Sat Jan 11 2020,0
Sun Jan 12 2020,0
Mon Jan 13 2020,0
Tue Jan 14 2020,0
Wed Jan 15 2020,0
Thu Jan 16 2020,0
Fri Jan 17 2020,0
Sat Jan 18 2020,0
Sun Jan 19 2020,0
Mon Jan 20 2020,0
Tue Jan 21 2020,0
Wed Jan 22 2020,0
Thu Jan 23 2020,0
Fri Jan 24 2020,0
Sat Jan 25 2020,0
Sun Jan 26 2020,0
Mon Jan 27 2020,0
Tue Jan 28 2020,0
Wed Jan 29 2020,0
Thu Jan 30 2020,0
Fri Jan 31 2020,0
Sat Feb 01 2020,0
Sun Feb 02 2020,0
Mon Feb 03 2020,0
Tue Feb 04 2020,0
Wed Feb 05 2020,0
Thu Feb 06 2020,0
Fri Feb 07 2020,0
Sat Feb 08 2020,0
Sun Feb 09 2020,0
Mon Feb 10 2020,0
Tue Feb 11 2020,0
Wed Feb 12 2020,0
Thu Feb 13 2020,0
Fri Feb 14 2020,0
Sat Feb 15 2020,0
Sun Feb 16 2020,0
Mon Feb 17 2020,0
Tue Feb 18 2020,0
Wed Feb 19 2020,0
Thu Feb 20 2020,0
Fri Feb 21 2020,0
Sat Feb 22 2020,0
Sun Feb 23 2020,0
Mon Feb 24 2020,0
Tue Feb 25 2020,0
Wed Feb 26 2020,0
Thu Feb 27 2020,0
Fri Feb 28 2020,0
Sat Feb 29 2020,0
Sun Mar 01 2020,0
Mon Mar 02 2020,0
Tue Mar 03 2020,0
Wed Mar 04 2020,0
Thu Mar 05 2020,0
Fri Mar 06 2020,0
Sat Mar 07 2020,0
Sun Mar 08 2020,0
Mon Mar 09 2020,0
Tue Mar 10 2020,0
Wed Mar 11 2020,0
Thu Mar 12 2020,0
Fri Mar 13 2020,0
Sat Mar 14 2020,0
Sun Mar 15 2020,0
Tue Mar 17 2020,0
Wed Mar 18 2020,0
Thu Mar 19 2020,0
Fri Mar 20 2020,0
Sat Mar 21 2020,0
Sun Mar 22 2020,0
Mon Mar 23 2020,0
Tue Mar 24 2020,0
Wed Mar 25 2020,0
Thu Mar 26 2020,0
Fri Mar 27 2020,0
Sat Mar 28 2020,0
Sun Mar 29 2020,0
Mon Mar 30 2020,0
Tue Mar 31 2020,0
Wed Apr 01 2020,0
Thu Apr 02 2020,0
Fri Apr 03 2020,0
Sat Apr 04 2020,0
Sun Apr 05 2020,0
Mon Apr 06 2020,0
Tue Apr 07 2020,0
Wed Apr 08 2020,0
Thu Apr 09 2020,0
Fri Apr 10 2020,0
Sat Apr 11 2020,0
Sun Apr 12 2020,0
Mon Apr 13 2020,0
Tue Apr 14 2020,0
Wed Apr 15 2020,0
Thu Apr 16 2020,0
Fri Apr 17 2020,0
Sat Apr 18 2020,0
Sun Apr 19 2020,0
Mon Apr 20 2020,0
Tue Apr 21 2020,0
Wed Apr 22 2020,0
Thu Apr 23 2020,0
Fri Apr 24 2020,0
Sat Apr 25 2020,0
Sun Apr 26 2020,0
Mon Apr 27 2020,0
Tue Apr 28 2020,0
Wed Apr 29 2020,0
Thu Apr 30 2020,0
Fri May 01 2020,0
Sat May 02 2020,0
Sun May 03 2020,0
Mon May 04 2020,0
Tue May 05 2020,0
Wed May 06 2020,0
Thu May 07 2020,0
Fri May 08 2020,0
Sat May 09 2020,0
Sun May 10 2020,0
Mon May 11 2020,0
Tue May 12 2020,0
Wed May 13 2020,0
Thu May 14 2020,0
Fri May 15 2020,0
Sat May 16 2020,0
Sun May 17 2020,0
Mon May 18 2020,0
Tue May 19 2020,0
Wed May 20 2020,0
Thu May 21 2020,0
Fri May 22 2020,0
Sat May 23 2020,0
Sun May 24 2020,0
Mon May 25 2020,0
Tue May 26 2020,0
Wed May 27 2020,0
Thu May 28 2020,0
Fri May 29 2020,0
Sat May 30 2020,0
Sun May 31 2020,0
Mon Jun 01 2020,0
Tue Jun 02 2020,0
Wed Jun 03 2020,0
Thu Jun 04 2020,0
Fri Jun 05 2020,0
Sat Jun 06 2020,0
Sun Jun 07 2020,0
Mon Jun 08 2020,0
Tue Jun 09 2020,0
Wed Jun 10 2020,0
Thu Jun 11 2020,0
Fri Jun 12 2020,0
Sat Jun 13 2020,0
Sun Jun 14 2020,0
Mon Jun 15 2020,0
Tue Jun 16 2020,0
Wed Jun 17 2020,0
Thu Jun 18 2020,0
Fri Jun 19 2020,0
Sat Jun 20 2020,0
Sun Jun 21 2020,0
Mon Jun 22 2020,0
Tue Jun 23 2020,0
Wed Jun 24 2020,0
Thu Jun 25 2020,0
Fri Jun 26 2020,0
Sat Jun 27 2020,0
Sun Jun 28 2020,0
Mon Jun 29 2020,0
Tue Jun 30 2020,0
Wed Jul 01 2020,0
Thu Jul 02 2020,0
Fri Jul 03 2020,0
Sat Jul 04 2020,0
Sun Jul 05 2020,0
Mon Jul 06 2020,0
Tue Jul 07 2020,0
Wed Jul 08 2020,0
Thu Jul 09 2020,0
Fri Jul 10 2020,0
Sat Jul 11 2020,0
Sun Jul 12 2020,0
Mon Jul 13 2020,0
Tue Jul 14 2020,0
Wed Jul 15 2020,0
Thu Jul 16 2020,0
Fri Jul 17 2020,0
Sat Jul 18 2020,0
Sun Jul 19 2020,0
Mon Jul 20 2020,0
Tue Jul 21 2020,0
Wed Jul 22 2020,0
Thu Jul 23 2020,0
Fri Jul 24 2020,0
Sat Jul 25 2020,0
Sun Jul 26 2020,0
Mon Jul 27 2020,0
Tue Jul 28 2020,0
Wed Jul 29 2020,0
Thu Jul 30 2020,0
Fri Jul 31 2020,0
Sat Aug 01 2020,0
Sun Aug 02 2020,0
Mon Aug 03 2020,0
Tue Aug 04 2020,0
Wed Aug 05 2020,0
Thu Aug 06 2020,0
Fri Aug 07 2020,0
Sat Aug 08 2020,0
Sun Aug 09 2020,0
Mon Aug 10 2020,0
Tue Aug 11 2020,0
Wed Aug 12 2020,0
Thu Aug 13 2020,0
Fri Aug 14 2020,0
Sat Aug 15 2020,0
Sun Aug 16 2020,0
Mon Aug 17 2020,0
Tue Aug 18 2020,0
Wed Aug 19 2020,0
Thu Aug 20 2020,0
Fri Aug 21 2020,0
Sat Aug 22 2020,0
Sun Aug 23 2020,0
Mon Aug 24 2020,0
Tue Aug 25 2020,0
Wed Aug 26 2020,0
Thu Aug 27 2020,0
Fri Aug 28 2020,0
Sat Aug 29 2020,0
Sun Aug 30 2020,0
Mon Aug 31 2020,0
Tue Sep 01 2020,0
Wed Sep 02 2020,0
Thu Sep 03 2020,0
Fri Sep 04 2020,0
Sat Sep 05 2020,0
Sun Sep 06 2020,0
Mon Sep 07 2020,0
Tue Sep 08 2020,0
Wed Sep 09 2020,0
Thu Sep 10 2020,0
Fri Sep 11 2020,0
Sat Sep 12 2020,0
Sun Sep 13 2020,0
Mon Sep 14 2020,0
Tue Sep 15 2020,0
Wed Sep 16 2020,0
Thu Sep 17 2020,0
Fri Sep 18 2020,0
Sat Sep 19 2020,0
Sun Sep 20 2020,0
Mon Sep 21 2020,0
Tue Sep 22 2020,0
Wed Sep 23 2020,0
Thu Sep 24 2020,0
Fri Sep 25 2020,0
Sat Sep 26 2020,0
Sun Sep 27 2020,0
Mon Sep 28 2020,0
Tue Sep 29 2020,0
Wed Sep 30 2020,0
Thu Oct 01 2020,0
Fri Oct 02 2020,0
Sat Oct 03 2020,12814
Sun Oct 04 2020,12818
Mon Oct 05 2020,12822
Tue Oct 06 2020,12823
Wed Oct 07 2020,12824
Thu Oct 08 2020,12825
Fri Oct 09 2020,12825
Sat Oct 10 2020,12824
Sun Oct 11 2020,12824
Mon Oct 12 2020,12824
Tue Oct 13 2020,12822
Wed Oct 14 2020,12822
Thu Oct 15 2020,12016
Fri Oct 16 2020,12018
Sat Oct 17 2020,12020
Sun Oct 18 2020,12021
Mon Oct 19 2020,12023
Tue Oct 20 2020,12023
Wed Oct 21 2020,12022
Thu Oct 22 2020,12019
Fri Oct 23 2020,12015
Sat Oct 24 2020,12009
Sun Oct 25 2020,12001
Mon Oct 26 2020,11992
Tue Oct 27 2020,11983
Wed Oct 28 2020,11975
Thu Oct 29 2020,11969
Fri Oct 30 2020,11966
Sat Oct 31 2020,11964
Sun Nov 01 2020,11963
Mon Nov 02 2020,11963
Tue Nov 03 2020,11962
Wed Nov 04 2020,11960
Thu Nov 05 2020,11959
Fri Nov 06 2020,11946
Sat Nov 07 2020,11940
Sun Nov 08 2020,11933
Mon Nov 09 2020,11928
Tue Nov 10 2020,11927
Wed Nov 11 2020,11928
Thu Nov 12 2020,11931
Fri Nov 13 2020,11932
Sat Nov 14 2020,11080
Sun Nov 15 2020,11078
Mon Nov 16 2020,11076
Tue Nov 17 2020,11075
Wed Nov 18 2020,11073
Thu Nov 19 2020,11073
Fri Nov 20 2020,11074
Sat Nov 21 2020,11077
Sun Nov 22 2020,11078
Mon Nov 23 2020,11080
Tue Nov 24 2020,11083
Wed Nov 25 2020,11086
Thu Nov 26 2020,11088
Fri Nov 27 2020,11088
Sat Nov 28 2020,11086
Sun Nov 29 2020,11083
Mon Nov 30 2020,11078
Tue Dec 01 2020,11073
Wed Dec 02 2020,11067
Thu Dec 03 2020,11059
Fri Dec 04 2020,11049
Sat Dec 05 2020,11040
Sun Dec 06 2020,11034
Mon Dec 07 2020,11030
Tue Dec 08 2020,11179
Wed Dec 09 2020,11175
Thu Dec 10 2020,11169
Fri Dec 11 2020,11158
Sat Dec 12 2020,11146
Sun Dec 13 2020,11136
Mon Dec 14 2020,11126
Tue Dec 15 2020,11115
Wed Dec 16 2020,11104
Thu Dec 17 2020,11093
Fri Dec 18 2020,11082
Sat Dec 19 2020,11071
Sun Dec 20 2020,11060
Mon Dec 21 2020,11048
Tue Dec 22 2020,11038
Wed Dec 23 2020,11029
Thu Dec 24 2020,11020
Fri Dec 25 2020,11011
Sat Dec 26 2020,11003
Sun Dec 27 2020,10995
Mon Dec 28 2020,10991
Tue Dec 29 2020,10985
Wed Dec 30 2020,10977
Thu Dec 31 2020,10968
Fri Jan 01 2021,10959
Sat Jan 02 2021,10958
Sun Jan 03 2021,10957
Mon Jan 04 2021,10956
Tue Jan 05 2021,10952
Wed Jan 06 2021,10947
Thu Jan 07 2021,10942
Fri Jan 08 2021,10939
Sat Jan 09 2021,10841
Sun Jan 10 2021,10840
Mon Jan 11 2021,10839
Tue Jan 12 2021,10839
Wed Jan 13 2021,10839
Thu Jan 14 2021,10839
Fri Jan 15 2021,10840
Sat Jan 16 2021,10841
Sun Jan 17 2021,10844
Mon Jan 18 2021,10847
Tue Jan 19 2021,10850
Wed Jan 20 2021,10852
Thu Jan 21 2021,10854
Fri Jan 22 2021,10853
Sat Jan 23 2021,10852
Sun Jan 24 2021,10850
Mon Jan 25 2021,10848
Tue Jan 26 2021,10709
Wed Jan 27 2021,10706
Thu Jan 28 2021,11303
Fri Jan 29 2021,11305
Sat Jan 30 2021,11308
Sun Jan 31 2021,11311
Mon Feb 01 2021,11310
Tue Feb 02 2021,11312
Wed Feb 03 2021,11315
Thu Feb 04 2021,11323
Fri Feb 05 2021,11332
Sat Feb 06 2021,11342
Sun Feb 07 2021,11349
Mon Feb 08 2021,11355
Tue Feb 09 2021,11361
Wed Feb 10 2021,11365
Thu Feb 11 2021,11365
Fri Feb 12 2021,11366
Sat Feb 13 2021,11368
Sun Feb 14 2021,11369
Mon Feb 15 2021,11370
Tue Feb 16 2021,11370
Wed Feb 17 2021,11369
Thu Feb 18 2021,11372
Fri Feb 19 2021,11375
Sat Feb 20 2021,11378
Sun Feb 21 2021,11382
Mon Feb 22 2021,11387
Tue Feb 23 2021,11392
Wed Feb 24 2021,11398
Thu Feb 25 2021,11406
Fri Feb 26 2021,11414
Sat Feb 27 2021,11422
Sun Feb 28 2021,11430
Mon Mar 01 2021,11484
Tue Mar 02 2021,11493
Wed Mar 03 2021,11504
Thu Mar 04 2021,11514
Fri Mar 05 2021,11525
Sat Mar 06 2021,11538
Sun Mar 07 2021,11550
Mon Mar 08 2021,11561
Tue Mar 09 2021,11576
Wed Mar 10 2021,11590
Thu Mar 11 2021,11602
Fri Mar 12 2021,11616
Sat Mar 13 2021,11632
Sun Mar 14 2021,11649
Mon Mar 15 2021,11665
Tue Mar 16 2021,11681
Wed Mar 17 2021,11696
Thu Mar 18 2021,11767
Fri Mar 19 2021,11783
Sat Mar 20 2021,11797
Sun Mar 21 2021,11811
Mon Mar 22 2021,11826
Tue Mar 23 2021,11839
Wed Mar 24 2021,11854
Thu Mar 25 2021,11870
Fri Mar 26 2021,11886
Sat Mar 27 2021,11900
Sun Mar 28 2021,11915
Mon Mar 29 2021,11929
Tue Mar 30 2021,11942
Wed Mar 31 2021,11957
Thu Apr 01 2021,11989
Fri Apr 02 2021,12002
Sat Apr 03 2021,12012
Sun Apr 04 2021,12020
Mon Apr 05 2021,12026
Tue Apr 06 2021,12030
Wed Apr 07 2021,12032
Thu Apr 08 2021,12030
Fri Apr 09 2021,12028
Sat Apr 10 2021,12025
Sun Apr 11 2021,12024
Mon Apr 12 2021,12023
Tue Apr 13 2021,12020
Wed Apr 14 2021,12017
Thu Apr 15 2021,11931
Fri Apr 16 2021,11930
Sat Apr 17 2021,11927
Sun Apr 18 2021,11925
Mon Apr 19 2021,11921
Tue Apr 20 2021,11915
Wed Apr 21 2021,11909
Thu Apr 22 2021,11905
Fri Apr 23 2021,11899
Sat Apr 24 2021,11891
Sun Apr 25 2021,11881
Mon Apr 26 2021,11870
Tue Apr 27 2021,11859
Wed Apr 28 2021,11848
Thu Apr 29 2021,11838
Fri Apr 30 2021,11824
Sat May 01 2021,11810
Sun May 02 2021,11797
Mon May 03 2021,11785
Tue May 04 2021,11772
Wed May 05 2021,11760
Thu May 06 2021,11749
Fri May 07 2021,11738
Sat May 08 2021,11731
Sun May 09 2021,11720
Mon May 10 2021,11709
Tue May 11 2021,11699
Wed May 12 2021,11789
Thu May 13 2021,11781
Fri May 14 2021,11775
Sat May 15 2021,11399
Sun May 16 2021,11390
Mon May 17 2021,11221
Tue May 18 2021,11222
Wed May 19 2021,11214
Thu May 20 2021,11207
Fri May 21 2021,11201
Sat May 22 2021,11193
Sun May 23 2021,11185
Mon May 24 2021,11178
Tue May 25 2021,11444
Wed May 26 2021,11437
Thu May 27 2021,11435
Fri May 28 2021,11428
Sat May 29 2021,11421
Sun May 30 2021,11417
Mon May 31 2021,11413
Tue Jun 01 2021,11259
Wed Jun 02 2021,11253
Thu Jun 03 2021,11247
Fri Jun 04 2021,11242
Sat Jun 05 2021,11237
Sun Jun 06 2021,11232
Mon Jun 07 2021,11230
Tue Jun 08 2021,11254
Wed Jun 09 2021,11253
Thu Jun 10 2021,11251
Fri Jun 11 2021,11248
Sat Jun 12 2021,11244
Sun Jun 13 2021,11240
Mon Jun 14 2021,11238
Tue Jun 15 2021,11237
Wed Jun 16 2021,11236
Thu Jun 17 2021,11235
Fri Jun 18 2021,11241
Sat Jun 19 2021,11250
Sun Jun 20 2021,11121
Mon Jun 21 2021,11131
Tue Jun 22 2021,11140
Wed Jun 23 2021,11149
Thu Jun 24 2021,11157
Fri Jun 25 2021,11131
Sat Jun 26 2021,11140
Sun Jun 27 2021,11148
Mon Jun 28 2021,11155
Tue Jun 29 2021,11163
Wed Jun 30 2021,11171
Thu Jul 01 2021,11181
Fri Jul 02 2021,11192
Sat Jul 03 2021,11203
Sun Jul 04 2021,11211
Mon Jul 05 2021,11219
Tue Jul 06 2021,11228
Wed Jul 07 2021,11238
Thu Jul 08 2021,11249
Fri Jul 09 2021,11258
Sat Jul 10 2021,11266
Sun Jul 11 2021,11273
Mon Jul 12 2021,11281
Tue Jul 13 2021,11288
Wed Jul 14 2021,11295
Thu Jul 15 2021,11303
Fri Jul 16 2021,11310
Sat Jul 17 2021,11318
Sun Jul 18 2021,11320
Mon Jul 19 2021,11319
Tue Jul 20 2021,11326
Wed Jul 21 2021,11325
Thu Jul 22 2021,11325
Fri Jul 23 2021,11324
Sat Jul 24 2021,11325
Sun Jul 25 2021,11326
Mon Jul 26 2021,11327
Tue Jul 27 2021,11327
Wed Jul 28 2021,11326
Thu Jul 29 2021,11324
Fri Jul 30 2021,11318
Sat Jul 31 2021,11311
Sun Aug 01 2021,11303
Mon Aug 02 2021,11295
Tue Aug 03 2021,11289
Wed Aug 04 2021,11282
Thu Aug 05 2021,11275
Fri Aug 06 2021,11268
Sat Aug 07 2021,11263
Sun Aug 08 2021,11261
Mon Aug 09 2021,11261
Tue Aug 10 2021,11326
Wed Aug 11 2021,11329
Thu Aug 12 2021,11332
Fri Aug 13 2021,11334
Sat Aug 14 2021,11335
Sun Aug 15 2021,11335
Mon Aug 16 2021,11333
Tue Aug 17 2021,11331
Wed Aug 18 2021,11329
Thu Aug 19 2021,11327
Fri Aug 20 2021,11327
Sat Aug 21 2021,11326
Sun Aug 22 2021,11325
Mon Aug 23 2021,11355
Tue Aug 24 2021,11353
Wed Aug 25 2021,11350
Thu Aug 26 2021,11349
Fri Aug 27 2021,11349
Sat Aug 28 2021,11350
Sun Aug 29 2021,11352
Mon Aug 30 2021,11354
Tue Aug 31 2021,11358
Wed Sep 01 2021,11428
Thu Sep 02 2021,11432
Fri Sep 03 2021,11437
Sat Sep 04 2021,11441
Sun Sep 05 2021,11444
Mon Sep 06 2021,11445
Tue Sep 07 2021,11445
Wed Sep 08 2021,11630
Thu Sep 09 2021,11631
Fri Sep 10 2021,11630
Sat Sep 11 2021,11627
Sun Sep 12 2021,11625
Mon Sep 13 2021,11625
Tue Sep 14 2021,11627
Wed Sep 15 2021,11705
Thu Sep 16 2021,11708
Fri Sep 17 2021,11713
Sat Sep 18 2021,11718
Sun Sep 19 2021,11724
Mon Sep 20 2021,11731
Tue Sep 21 2021,11736
Wed Sep 22 2021,11707
Thu Sep 23 2021,11711
Fri Sep 24 2021,11716
Sat Sep 25 2021,11720
Sun Sep 26 2021,11723
Mon Sep 27 2021,11727
Tue Sep 28 2021,11733
Wed Sep 29 2021,11740
Thu Sep 30 2021,11763
Fri Oct 01 2021,11772
Sat Oct 02 2021,11779
Sun Oct 03 2021,11785
Mon Oct 04 2021,11792
Tue Oct 05 2021,11798
Wed Oct 06 2021,11803
Thu Oct 07 2021,11809
Fri Oct 08 2021,11814
Sat Oct 09 2021,11817
Sun Oct 10 2021,11821
Mon Oct 11 2021,11826
Tue Oct 12 2021,11830
Wed Oct 13 2021,11835
Thu Oct 14 2021,11837
Fri Oct 15 2021,11838
Sat Oct 16 2021,11840
Sun Oct 17 2021,11839
Mon Oct 18 2021,11837
Tue Oct 19 2021,11834
Wed Oct 20 2021,11829
Thu Oct 21 2021,11825
Fri Oct 22 2021,11904
Sat Oct 23 2021,11901
Sun Oct 24 2021,11897
Mon Oct 25 2021,11894
Tue Oct 26 2021,11891
Wed Oct 27 2021,11890
Thu Oct 28 2021,11887
Fri Oct 29 2021,11881
Sat Oct 30 2021,11857
Sun Oct 31 2021,11849
Mon Nov 01 2021,11842
Tue Nov 02 2021,11835
Wed Nov 03 2021,11827
Thu Nov 04 2021,11821
Fri Nov 05 2021,11815
Sat Nov 06 2021,11808
Sun Nov 07 2021,11802
Mon Nov 08 2021,11795
Tue Nov 09 2021,11789
Wed Nov 10 2021,11782
Thu Nov 11 2021,11777
Fri Nov 12 2021,11773
Sat Nov 13 2021,11771
Sun Nov 14 2021,11771
Mon Nov 15 2021,11769
Tue Nov 16 2021,11769
Wed Nov 17 2021,11770
Thu Nov 18 2021,11773
Fri Nov 19 2021,11775
Sat Nov 20 2021,11777
Sun Nov 21 2021,11782
Mon Nov 22 2021,11787
Tue Nov 23 2021,11793
Wed Nov 24 2021,11800
Thu Nov 25 2021,11807
Fri Nov 26 2021,11813
Sat Nov 27 2021,11816
Sun Nov 28 2021,11819
Mon Nov 29 2021,11824
Tue Nov 30 2021,11828
Wed Dec 01 2021,11830
Thu Dec 02 2021,11833
Fri Dec 03 2021,11836
Sat Dec 04 2021,11839
Sun Dec 05 2021,11841
Mon Dec 06 2021,11843
Tue Dec 07 2021,11845
Wed Dec 08 2021,11851
Thu Dec 09 2021,11831
Fri Dec 10 2021,11835
Sat Dec 11 2021,11839
Sun Dec 12 2021,11839
Mon Dec 13 2021,11838
Tue Dec 14 2021,11839
Wed Dec 15 2021,11840
Thu Dec 16 2021,11841
Fri Dec 17 2021,11911
Sat Dec 18 2021,11907
Sun Dec 19 2021,11906
Mon Dec 20 2021,11905
Tue Dec 21 2021,11902
Wed Dec 22 2021,11900
Thu Dec 23 2021,11913
Fri Dec 24 2021,11907
Sat Dec 25 2021,11900
Sun Dec 26 2021,11894
Mon Dec 27 2021,11891
Tue Dec 28 2021,11889
Wed Dec 29 2021,11886
Thu Dec 30 2021,11899
Fri Dec 31 2021,11974
Sat Jan 01 2022,11971
Sun Jan 02 2022,11967
Mon Jan 03 2022,11963
Tue Jan 04 2022,11963
Wed Jan 05 2022,11963
Thu Jan 06 2022,11960
Fri Jan 07 2022,11957
Sat Jan 08 2022,11956
Sun Jan 09 2022,11954
Mon Jan 10 2022,12703
Tue Jan 11 2022,12704
Wed Jan 12 2022,12706
Thu Jan 13 2022,12705
Fri Jan 14 2022,12700
Sat Jan 15 2022,12694
Sun Jan 16 2022,12690
Mon Jan 17 2022,12687
Tue Jan 18 2022,12683
Wed Jan 19 2022,12679
Thu Jan 20 2022,12676
Fri Jan 21 2022,12673
Sat Jan 22 2022,12651
Sun Jan 23 2022,12647
Mon Jan 24 2022,12644
Tue Jan 25 2022,12641
Wed Jan 26 2022,11959
Thu Jan 27 2022,11960
Fri Jan 28 2022,11965
Sat Jan 29 2022,11954
Sun Jan 30 2022,11961
Mon Jan 31 2022,11969
Tue Feb 01 2022,11977
Wed Feb 02 2022,11982
Thu Feb 03 2022,11984
Fri Feb 04 2022,11985
Sat Feb 05 2022,11988
Sun Feb 06 2022,11991
Mon Feb 07 2022,12045
Tue Feb 08 2022,12160
Wed Feb 09 2022,12696
Thu Feb 10 2022,12948
Fri Feb 11 2022,12948
Sat Feb 12 2022,12817
Sun Feb 13 2022,12823
Mon Feb 14 2022,12830
Tue Feb 15 2022,12835
Wed Feb 16 2022,12840
Thu Feb 17 2022,12844
Fri Feb 18 2022,12847
Sat Feb 19 2022,12849
Sun Feb 20 2022,12852
Mon Feb 21 2022,12855
Tue Feb 22 2022,12858
Wed Feb 23 2022,12862
Thu Feb 24 2022,13068
Fri Feb 25 2022,13070
Sat Feb 26 2022,13073
Sun Feb 27 2022,13071
Mon Feb 28 2022,13069
Tue Mar 01 2022,13065
Wed Mar 02 2022,13059
Thu Mar 03 2022,13054
Fri Mar 04 2022,13052
Sat Mar 05 2022,13052
Sun Mar 06 2022,13230
Mon Mar 07 2022,13227
Tue Mar 08 2022,12720
Wed Mar 09 2022,12721
Thu Mar 10 2022,12723
Fri Mar 11 2022,12724
Sat Mar 12 2022,12728
Sun Mar 13 2022,12733
Mon Mar 14 2022,12736
Tue Mar 15 2022,12741
Wed Mar 16 2022,12747
Thu Mar 17 2022,12754
Fri Mar 18 2022,12761
Sat Mar 19 2022,12766
Sun Mar 20 2022,12771
Mon Mar 21 2022,12776
Tue Mar 22 2022,12781
Wed Mar 23 2022,12787
Thu Mar 24 2022,12794
Fri Mar 25 2022,12800
Sat Mar 26 2022,12746
Sun Mar 27 2022,12750
Mon Mar 28 2022,12751
Tue Mar 29 2022,12755
Wed Mar 30 2022,12863
Thu Mar 31 2022,12864
Fri Apr 01 2022,12867
Sat Apr 02 2022,12869
Sun Apr 03 2022,12872
Mon Apr 04 2022,12875
Tue Apr 05 2022,12880
Wed Apr 06 2022,12885
Thu Apr 07 2022,12889
Fri Apr 08 2022,12892
Sat Apr 09 2022,12895
Sun Apr 10 2022,12898
Mon Apr 11 2022,13248
Tue Apr 12 2022,13247
Wed Apr 13 2022,12835
Thu Apr 14 2022,12834
Fri Apr 15 2022,12833
Sat Apr 16 2022,12834
Sun Apr 17 2022,12836
Mon Apr 18 2022,12840
Tue Apr 19 2022,12845
Wed Apr 20 2022,12852
Thu Apr 21 2022,12860
Fri Apr 22 2022,12867
Sat Apr 23 2022,12877
Sun Apr 24 2022,12889
Mon Apr 25 2022,12902
Tue Apr 26 2022,12915
Wed Apr 27 2022,12929
Thu Apr 28 2022,12943
Fri Apr 29 2022,12960
Sat Apr 30 2022,12981
Sun May 01 2022,13004
Mon May 02 2022,13026
Tue May 03 2022,13048
Wed May 04 2022,13072
Thu May 05 2022,13096
Fri May 06 2022,13120
Sat May 07 2022,13145
Sun May 08 2022,13170
Mon May 09 2022,13195
Tue May 10 2022,13221
Wed May 11 2022,13248
Thu May 12 2022,13262
Fri May 13 2022,13294
Sat May 14 2022,13324
Sun May 15 2022,13354
Mon May 16 2022,13380
Tue May 17 2022,13408
Wed May 18 2022,13433
Thu May 19 2022,13455
Fri May 20 2022,13470
Sat May 21 2022,13481
Sun May 22 2022,13493
Mon May 23 2022,13502
Tue May 24 2022,13506
Wed May 25 2022,13509
Thu May 26 2022,13711
Fri May 27 2022,13711
Sat May 28 2022,13707
Sun May 29 2022,13700
Mon May 30 2022,13693
Tue May 31 2022,13686
Wed Jun 01 2022,13679
Thu Jun 02 2022,13673
Fri Jun 03 2022,13664
Sat Jun 04 2022,13655
Sun Jun 05 2022,13647
Mon Jun 06 2022,13635
Tue Jun 07 2022,13624
Wed Jun 08 2022,13617
Thu Jun 09 2022,13610
Fri Jun 10 2022,13603
Sat Jun 11 2022,13598
Sun Jun 12 2022,13594
Mon Jun 13 2022,13588
Tue Jun 14 2022,13584
Wed Jun 15 2022,13582
Thu Jun 16 2022,13580
Fri Jun 17 2022,13572
Sat Jun 18 2022,13561
Sun Jun 19 2022,13558
Mon Jun 20 2022,13557
Tue Jun 21 2022,13553
Wed Jun 22 2022,13549
Thu Jun 23 2022,13547
Fri Jun 24 2022,13547
Sat Jun 25 2022,13545
Sun Jun 26 2022,13544
Mon Jun 27 2022,13545
Tue Jun 28 2022,13545
Wed Jun 29 2022,13545
Thu Jun 30 2022,13574
Fri Jul 01 2022,13572
Sat Jul 02 2022,13571
Sun Jul 03 2022,13570
Mon Jul 04 2022,13570
Tue Jul 05 2022,13569
Wed Jul 06 2022,13571
Thu Jul 07 2022,13573
Fri Jul 08 2022,13572
Sat Jul 09 2022,13572
Sun Jul 10 2022,13571
Mon Jul 11 2022,14215
Tue Jul 12 2022,14211
Wed Jul 13 2022,14209
Thu Jul 14 2022,14202
Fri Jul 15 2022,14196
Sat Jul 16 2022,14187
Sun Jul 17 2022,14186
Mon Jul 18 2022,14143
Tue Jul 19 2022,14146
Wed Jul 20 2022,14146
Thu Jul 21 2022,14147
Fri Jul 22 2022,14149
Sat Jul 23 2022,14149
Sun Jul 24 2022,14149
Mon Jul 25 2022,14151
Tue Jul 26 2022,14154
Wed Jul 27 2022,14156
Thu Jul 28 2022,14158
Fri Jul 29 2022,14159
Sat Jul 30 2022,14158
Sun Jul 31 2022,14156
Mon Aug 01 2022,14153
Tue Aug 02 2022,14148
Wed Aug 03 2022,14145
Thu Aug 04 2022,14145
Fri Aug 05 2022,14145
Sat Aug 06 2022,14139
Sun Aug 07 2022,14134
Mon Aug 08 2022,14127
Tue Aug 09 2022,14118
Wed Aug 10 2022,14340
Thu Aug 11 2022,14324
Fri Aug 12 2022,14303
Sat Aug 13 2022,14284
Sun Aug 14 2022,14264
Mon Aug 15 2022,14245
Tue Aug 16 2022,14229
Wed Aug 17 2022,14215
Thu Aug 18 2022,14203
Fri Aug 19 2022,14194
Sat Aug 20 2022,14189
Sun Aug 21 2022,14183
Mon Aug 22 2022,14180
Tue Aug 23 2022,14180
Wed Aug 24 2022,14181
Thu Aug 25 2022,14182
Fri Aug 26 2022,14182
Sat Aug 27 2022,14183
Sun Aug 28 2022,14187
Mon Aug 29 2022,14193
Tue Aug 30 2022,14201
Wed Aug 31 2022,14211
Thu Sep 01 2022,14223
Fri Sep 02 2022,14237
Sat Sep 03 2022,14247
Sun Sep 04 2022,14258
Mon Sep 05 2022,14269
Tue Sep 06 2022,14278
Wed Sep 07 2022,14288
Thu Sep 08 2022,14300
Fri Sep 09 2022,14310
Sat Sep 10 2022,14317
Sun Sep 11 2022,14326
Mon Sep 12 2022,14335
Tue Sep 13 2022,14341
Wed Sep 14 2022,14349
Thu Sep 15 2022,14358
Fri Sep 16 2022,14364
Sat Sep 17 2022,14370
Sun Sep 18 2022,14376
Mon Sep 19 2022,14378
Tue Sep 20 2022,14381
Wed Sep 21 2022,14384
Thu Sep 22 2022,14346
Fri Sep 23 2022,14351
Sat Sep 24 2022,14359
Sun Sep 25 2022,14367
Mon Sep 26 2022,14376
Tue Sep 27 2022,14387
Wed Sep 28 2022,14399
Thu Sep 29 2022,14407
Fri Sep 30 2022,14411
Sat Oct 01 2022,14413
Sun Oct 02 2022,14417
Mon Oct 03 2022,14421
Tue Oct 04 2022,14425
Wed Oct 05 2022,14427
Thu Oct 06 2022,14427
Fri Oct 07 2022,14429
Sat Oct 08 2022,14434
Sun Oct 09 2022,14444
Mon Oct 10 2022,14460
Tue Oct 11 2022,14479
Wed Oct 12 2022,14499
Thu Oct 13 2022,14519
Fri Oct 14 2022,14541
Sat Oct 15 2022,14562
Sun Oct 16 2022,14584
Mon Oct 17 2022,14605
Tue Oct 18 2022,14622
Wed Oct 19 2022,14779
Thu Oct 20 2022,14797
Fri Oct 21 2022,14816
Sat Oct 22 2022,14837
Sun Oct 23 2022,14848
Mon Oct 24 2022,14857
Tue Oct 25 2022,14866
Wed Oct 26 2022,14875
Thu Oct 27 2022,14876
Fri Oct 28 2022,14875
Sat Oct 29 2022,14939
Sun Oct 30 2022,14947
Mon Oct 31 2022,14956
Tue Nov 01 2022,14961
Wed Nov 02 2022,14966
Thu Nov 03 2022,15105
Fri Nov 04 2022,15118
Sat Nov 05 2022,15128
Sun Nov 06 2022,14974
Mon Nov 07 2022,14977
Tue Nov 08 2022,14975
Wed Nov 09 2022,14972
Thu Nov 10 2022,14965
Fri Nov 11 2022,14955
Sat Nov 12 2022,14932
Sun Nov 13 2022,14902
Mon Nov 14 2022,14870
Tue Nov 15 2022,14838
Wed Nov 16 2022,14806
Thu Nov 17 2022,14776
Fri Nov 18 2022,14753
Sat Nov 19 2022,14728
Sun Nov 20 2022,14704
Mon Nov 21 2022,14679
Tue Nov 22 2022,14658
Wed Nov 23 2022,14637
Thu Nov 24 2022,14610
Fri Nov 25 2022,14582
Sat Nov 26 2022,14559
Sun Nov 27 2022,14538
Mon Nov 28 2022,14514
Tue Nov 29 2022,14489
Wed Nov 30 2022,14467
Thu Dec 01 2022,14442
Fri Dec 02 2022,14413
Sat Dec 03 2022,14364
Sun Dec 04 2022,14328
Mon Dec 05 2022,14297
Tue Dec 06 2022,14267
Wed Dec 07 2022,14240
Thu Dec 08 2022,14215
Fri Dec 09 2022,14191
Sat Dec 10 2022,14166
Sun Dec 11 2022,14146
Mon Dec 12 2022,14136
Tue Dec 13 2022,14133
Wed Dec 14 2022,14129
Thu Dec 15 2022,14119
Fri Dec 16 2022,14111
Sat Dec 17 2022,14105
Sun Dec 18 2022,14096
Mon Dec 19 2022,14086
Tue Dec 20 2022,14074
Wed Dec 21 2022,14061
Thu Dec 22 2022,14046
Fri Dec 23 2022,14032
Sat Dec 24 2022,14024
Sun Dec 25 2022,14020
Mon Dec 26 2022,14014
Tue Dec 27 2022,14008
Wed Dec 28 2022,14000
Thu Dec 29 2022,13991
Fri Dec 30 2022,13978
Sat Dec 31 2022,13965
Sun Jan 01 2023,13957
Mon Jan 02 2023,13950
Tue Jan 03 2023,13945
Wed Jan 04 2023,13943
Thu Jan 05 2023,13939
Fri Jan 06 2023,13934
Sat Jan 07 2023,13931
Sun Jan 08 2023,13925
Mon Jan 09 2023,13922
Tue Jan 10 2023,13916
Wed Jan 11 2023,13909
Thu Jan 12 2023,13905
Fri Jan 13 2023,13904
Sat Jan 14 2023,13905
Sun Jan 15 2023,13905
Mon Jan 16 2023,13904
Tue Jan 17 2023,13900
Wed Jan 18 2023,13896
Thu Jan 19 2023,13889
Fri Jan 20 2023,13883
Sat Jan 21 2023,13879
Sun Jan 22 2023,13876
Mon Jan 23 2023,13869
Tue Jan 24 2023,13863
Wed Jan 25 2023,13858
Thu Jan 26 2023,13852
Fri Jan 27 2023,13846
Sat Jan 28 2023,13843
Sun Jan 29 2023,13841
Mon Jan 30 2023,13841
Tue Jan 31 2023,13744
Wed Feb 01 2023,13743
Thu Feb 02 2023,13738
Fri Feb 03 2023,13727
Sat Feb 04 2023,13722
Sun Feb 05 2023,13719
Mon Feb 06 2023,13715
Tue Feb 07 2023,13714
Wed Feb 08 2023,13713
Thu Feb 09 2023,13712
Fri Feb 10 2023,13711
Sat Feb 11 2023,13709
Sun Feb 12 2023,13446
Mon Feb 13 2023,13444
Tue Feb 14 2023,13442
Wed Feb 15 2023,13438
Thu Feb 16 2023,13437
Fri Feb 17 2023,13437
Sat Feb 18 2023,13443
Sun Feb 19 2023,13447
Mon Feb 20 2023,13450
Tue Feb 21 2023,13452
Wed Feb 22 2023,13454
Thu Feb 23 2023,13458
Fri Feb 24 2023,13463
Sat Feb 25 2023,13471
Sun Feb 26 2023,13481
Mon Feb 27 2023,13490
Tue Feb 28 2023,13498
Wed Mar 01 2023,13506
Thu Mar 02 2023,13514
Fri Mar 03 2023,13523
Sat Mar 04 2023,13535
Sun Mar 05 2023,13545
Mon Mar 06 2023,13553
Tue Mar 07 2023,13557
Wed Mar 08 2023,13562
Thu Mar 09 2023,13569
Fri Mar 10 2023,13575
Sat Mar 11 2023,13578
Sun Mar 12 2023,13587
Mon Mar 13 2023,13447
Tue Mar 14 2023,13441
Wed Mar 15 2023,13436
Thu Mar 16 2023,13435
Fri Mar 17 2023,13440
Sat Mar 18 2023,13442
Sun Mar 19 2023,13442
Mon Mar 20 2023,13279
Tue Mar 21 2023,13280
Wed Mar 22 2023,13281
Thu Mar 23 2023,13279
Fri Mar 24 2023,13276
Sat Mar 25 2023,13271
Sun Mar 26 2023,13265
Mon Mar 27 2023,13256
Tue Mar 28 2023,13245
Wed Mar 29 2023,13234
Thu Mar 30 2023,13224
Fri Mar 31 2023,13213
Sat Apr 01 2023,13201
Sun Apr 02 2023,13188
Mon Apr 03 2023,13176
Tue Apr 04 2023,13167
Wed Apr 05 2023,13159
Thu Apr 06 2023,13146
Fri Apr 07 2023,13132
Sat Apr 08 2023,13114
Sun Apr 09 2023,13099
Mon Apr 10 2023,13089
Tue Apr 11 2023,13082
Wed Apr 12 2023,13075
Thu Apr 13 2023,13068
Fri Apr 14 2023,13057
Sat Apr 15 2023,13042
Sun Apr 16 2023,13025
Mon Apr 17 2023,13009
Tue Apr 18 2023,12996
Wed Apr 19 2023,12983
Thu Apr 20 2023,13275
Fri Apr 21 2023,13260
Sat Apr 22 2023,13246
Sun Apr 23 2023,13236
Mon Apr 24 2023,13223
Tue Apr 25 2023,13209
Wed Apr 26 2023,13194
Thu Apr 27 2023,13181
Fri Apr 28 2023,13169
Sat Apr 29 2023,13157
Sun Apr 30 2023,13147
Mon May 01 2023,13137
Tue May 02 2023,13127
Wed May 03 2023,13118
Thu May 04 2023,13105
Fri May 05 2023,13093
Sat May 06 2023,13085
Sun May 07 2023,13081
Mon May 08 2023,13077
Tue May 09 2023,13069
Wed May 10 2023,13063
Thu May 11 2023,13054
Fri May 12 2023,13048
Sat May 13 2023,13046
Sun May 14 2023,13049
Mon May 15 2023,13053
Tue May 16 2023,13054
Wed May 17 2023,13043
Thu May 18 2023,13044
Fri May 19 2023,13046
Sat May 20 2023,13048
Sun May 21 2023,13050
Mon May 22 2023,13054
Tue May 23 2023,13056
Wed May 24 2023,13060
Thu May 25 2023,13066
Fri May 26 2023,13074
Sat May 27 2023,13081
Sun May 28 2023,13087
Mon May 29 2023,13093
Tue May 30 2023,13098
Wed May 31 2023,13103
Thu Jun 01 2023,13110
Fri Jun 02 2023,13264
Sat Jun 03 2023,13273
Sun Jun 04 2023,13717
Mon Jun 05 2023,13726
Tue Jun 06 2023,13732
Wed Jun 07 2023,13737
Thu Jun 08 2023,13747
Fri Jun 09 2023,13754
Sat Jun 10 2023,13760
Sun Jun 11 2023,13765
Mon Jun 12 2023,13769
Tue Jun 13 2023,13773
Wed Jun 14 2023,13777
Thu Jun 15 2023,13780
Fri Jun 16 2023,13781
Sat Jun 17 2023,13779
Sun Jun 18 2023,13774
Mon Jun 19 2023,13770
Tue Jun 20 2023,13768
Wed Jun 21 2023,13767
Thu Jun 22 2023,13766
Fri Jun 23 2023,13763
Sat Jun 24 2023,13760
Sun Jun 25 2023,13756
Mon Jun 26 2023,13752
Tue Jun 27 2023,13746
Wed Jun 28 2023,13740
Thu Jun 29 2023,13736
Fri Jun 30 2023,13733
Sat Jul 01 2023,13726
Sun Jul 02 2023,13719
Mon Jul 03 2023,13713
Tue Jul 04 2023,13707
Wed Jul 05 2023,13700
Thu Jul 06 2023,13695
Fri Jul 07 2023,13690
Sat Jul 08 2023,13682
Sun Jul 09 2023,13674
Mon Jul 10 2023,13667
Tue Jul 11 2023,13637
Wed Jul 12 2023,13626
Thu Jul 13 2023,13609
Fri Jul 14 2023,13586
Sat Jul 15 2023,13564
Sun Jul 16 2023,13546
Mon Jul 17 2023,13530
Tue Jul 18 2023,13513
Wed Jul 19 2023,13494
Thu Jul 20 2023,13475
Fri Jul 21 2023,13456
Sat Jul 22 2023,13441
Sun Jul 23 2023,13426
Mon Jul 24 2023,13410
Tue Jul 25 2023,13397
Wed Jul 26 2023,13382
Thu Jul 27 2023,13366
Fri Jul 28 2023,13350
Sat Jul 29 2023,13337
Sun Jul 30 2023,13321
Mon Jul 31 2023,13306
Tue Aug 01 2023,13295
Wed Aug 02 2023,13250
Thu Aug 03 2023,13002
Fri Aug 04 2023,12993
Sat Aug 05 2023,12981
Sun Aug 06 2023,12969
Mon Aug 07 2023,12960
Tue Aug 08 2023,12902
Wed Aug 09 2023,12891
Thu Aug 10 2023,12885
Fri Aug 11 2023,12881
Sat Aug 12 2023,12883
Sun Aug 13 2023,12890
Mon Aug 14 2023,12899
Tue Aug 15 2023,12906
Wed Aug 16 2023,12913
Thu Aug 17 2023,12922
Fri Aug 18 2023,12933
Sat Aug 19 2023,12944
Sun Aug 20 2023,12954
Mon Aug 21 2023,12962
Tue Aug 22 2023,12969
Wed Aug 23 2023,12975
Thu Aug 24 2023,12981
Fri Aug 25 2023,12988
Sat Aug 26 2023,12999
Sun Aug 27 2023,13010
Mon Aug 28 2023,13018
Tue Aug 29 2023,13026
Wed Aug 30 2023,13033
Thu Aug 31 2023,13037
Fri Sep 01 2023,13041
Sat Sep 02 2023,13044
Sun Sep 03 2023,13049
Mon Sep 04 2023,13043
Tue Sep 05 2023,13049
Wed Sep 06 2023,13057
Thu Sep 07 2023,13065
Fri Sep 08 2023,13073
Sat Sep 09 2023,13081
Sun Sep 10 2023,13089
Mon Sep 11 2023,13097
Tue Sep 12 2023,13104
Wed Sep 13 2023,13112
Thu Sep 14 2023,13119
Fri Sep 15 2023,13127
Sat Sep 16 2023,13136
Sun Sep 17 2023,13145
Mon Sep 18 2023,13153
Tue Sep 19 2023,13160
Wed Sep 20 2023,13168
Thu Sep 21 2023,13176
Fri Sep 22 2023,13188
Sat Sep 23 2023,13201
Sun Sep 24 2023,13214
Mon Sep 25 2023,13224
Tue Sep 26 2023,13237
Wed Sep 27 2023,13251
Thu Sep 28 2023,13268
Fri Sep 29 2023,13285
Sat Sep 30 2023,13303
Sun Oct 01 2023,13306
Mon Oct 02 2023,13321
Tue Oct 03 2023,13409
Wed Oct 04 2023,13426
Thu Oct 05 2023,13443
Fri Oct 06 2023,13456
Sat Oct 07 2023,13467
Sun Oct 08 2023,13476
Mon Oct 09 2023,13485
Tue Oct 10 2023,13493
Wed Oct 11 2023,13499
Thu Oct 12 2023,13505
Fri Oct 13 2023,13511
Sat Oct 14 2023,13518
Sun Oct 15 2023,13523
Mon Oct 16 2023,13526
Tue Oct 17 2023,13529
Wed Oct 18 2023,13530
Thu Oct 19 2023,13531
Fri Oct 20 2023,13530
Sat Oct 21 2023,13528
Sun Oct 22 2023,13523
Mon Oct 23 2023,13516
Tue Oct 24 2023,13509
Wed Oct 25 2023,13502
Thu Oct 26 2023,13495
Fri Oct 27 2023,13487
Sat Oct 28 2023,13478
Sun Oct 29 2023,13470
Mon Oct 30 2023,13465
Tue Oct 31 2023,13458
Wed Nov 01 2023,14204
Thu Nov 02 2023,15048
Fri Nov 03 2023,15040
Sat Nov 04 2023,15031
Sun Nov 05 2023,15023
Mon Nov 06 2023,15016
Tue Nov 07 2023,15010
Wed Nov 08 2023,15004
Thu Nov 09 2023,15000
Fri Nov 10 2023,14997
Sat Nov 11 2023,14997
Sun Nov 12 2023,14996
Mon Nov 13 2023,14995
Tue Nov 14 2023,14994
Wed Nov 15 2023,14990
Thu Nov 16 2023,14983
Fri Nov 17 2023,14976
Sat Nov 18 2023,14969
Sun Nov 19 2023,14963
Mon Nov 20 2023,14960
Tue Nov 21 2023,14955
Wed Nov 22 2023,14950
Thu Nov 23 2023,14945
Fri Nov 24 2023,14940
Sat Nov 25 2023,14933
Sun Nov 26 2023,14924
Mon Nov 27 2023,14914
Tue Nov 28 2023,14902
Wed Nov 29 2023,14889
Thu Nov 30 2023,14875
Fri Dec 01 2023,14857
Sat Dec 02 2023,14837
Sun Dec 03 2023,14817
Mon Dec 04 2023,14799
Tue Dec 05 2023,14784
Wed Dec 06 2023,14815
Thu Dec 07 2023,14802
Fri Dec 08 2023,14788
Sat Dec 09 2023,14775
Sun Dec 10 2023,14764
Mon Dec 11 2023,14752
Tue Dec 12 2023,14739
Wed Dec 13 2023,14724
Thu Dec 14 2023,14710
Fri Dec 15 2023,14693
Sat Dec 16 2023,14682
Sun Dec 17 2023,14672
Mon Dec 18 2023,14662
Tue Dec 19 2023,14652
Wed Dec 20 2023,14640
Thu Dec 21 2023,14627
Fri Dec 22 2023,14614
Sat Dec 23 2023,14598
Sun Dec 24 2023,14583
Mon Dec 25 2023,14568
Tue Dec 26 2023,14553
Wed Dec 27 2023,14538
Thu Dec 28 2023,14520
Fri Dec 29 2023,14498
Sat Dec 30 2023,14478
Sun Dec 31 2023,14459
Mon Jan 01 2024,14441
Tue Jan 02 2024,14427
Wed Jan 03 2024,14416
Thu Jan 04 2024,14404
Fri Jan 05 2024,14391
Sat Jan 06 2024,14378
Sun Jan 07 2024,14363
Mon Jan 08 2024,14348
Tue Jan 09 2024,14332
Wed Jan 10 2024,14315
Thu Jan 11 2024,14300
Fri Jan 12 2024,14286
Sat Jan 13 2024,14346
Sun Jan 14 2024,14338
Mon Jan 15 2024,14350
Tue Jan 16 2024,14341
Wed Jan 17 2024,14336
Thu Jan 18 2024,14334
Fri Jan 19 2024,14335
Sat Jan 20 2024,14339
Sun Jan 21 2024,14343
Mon Jan 22 2024,14429
Tue Jan 23 2024,14436
Wed Jan 24 2024,14565
Thu Jan 25 2024,14570
Fri Jan 26 2024,14576
Sat Jan 27 2024,14584
Sun Jan 28 2024,14598
Mon Jan 29 2024,14611
Tue Jan 30 2024,14713
Wed Jan 31 2024,14725
Thu Feb 01 2024,14736
Fri Feb 02 2024,14743
Sat Feb 03 2024,14749
Sun Feb 04 2024,14759
Mon Feb 05 2024,14769
Tue Feb 06 2024,14780
Wed Feb 07 2024,14792
Thu Feb 08 2024,14805
Fri Feb 09 2024,14819
Sat Feb 10 2024,14832
Sun Feb 11 2024,14845
Mon Feb 12 2024,14858
Tue Feb 13 2024,14871
Wed Feb 14 2024,14867
Thu Feb 15 2024,14885
Fri Feb 16 2024,14899
Sat Feb 17 2024,14908
Sun Feb 18 2024,14916
Mon Feb 19 2024,14923
Tue Feb 20 2024,14931
Wed Feb 21 2024,14855
Thu Feb 22 2024,14862
Fri Feb 23 2024,14788
Sat Feb 24 2024,14797
Sun Feb 25 2024,14805
Mon Feb 26 2024,14814
Tue Feb 27 2024,14824
Wed Feb 28 2024,14833
Thu Feb 29 2024,14842
Fri Mar 01 2024,14853
Sat Mar 02 2024,14866
Sun Mar 03 2024,14879
Mon Mar 04 2024,14893
Tue Mar 05 2024,14902
Wed Mar 06 2024,14912
Thu Mar 07 2024,14921
Fri Mar 08 2024,14926
Sat Mar 09 2024,14929
Sun Mar 10 2024,14931
Mon Mar 11 2024,14932
Tue Mar 12 2024,14934
Wed Mar 13 2024,14935
Thu Mar 14 2024,14937
Fri Mar 15 2024,14936
Sat Mar 16 2024,14935
Sun Mar 17 2024,14936
Mon Mar 18 2024,14938
Tue Mar 19 2024,14940
Wed Mar 20 2024,14945
Thu Mar 21 2024,14949
Fri Mar 22 2024,14955
Sat Mar 23 2024,14965
Sun Mar 24 2024,14976
Mon Mar 25 2024,14985
Tue Mar 26 2024,14995
Wed Mar 27 2024,15007
Thu Mar 28 2024,15021
Fri Mar 29 2024,15034
Sat Mar 30 2024,15047
Sun Mar 31 2024,15059
Mon Apr 01 2024,15068
Tue Apr 02 2024,14652
Wed Apr 03 2024,14665
Thu Apr 04 2024,14677
Fri Apr 05 2024,14687
Sat Apr 06 2024,14698
Sun Apr 07 2024,14710
Mon Apr 08 2024,14724
Tue Apr 09 2024,14738
Wed Apr 10 2024,14753
Thu Apr 11 2024,14770
Fri Apr 12 2024,14789
Sat Apr 13 2024,14808
Sun Apr 14 2024,14826
Mon Apr 15 2024,14843
Tue Apr 16 2024,14859
Wed Apr 17 2024,14874
Thu Apr 18 2024,14889
Fri Apr 19 2024,14901
Sat Apr 20 2024,14913
Sun Apr 21 2024,14922
Mon Apr 22 2024,14929
Tue Apr 23 2024,14936
Wed Apr 24 2024,14944
Thu Apr 25 2024,14952
Fri Apr 26 2024,14958
Sat Apr 27 2024,14963
Sun Apr 28 2024,14969
Mon Apr 29 2024,15873
Tue Apr 30 2024,15610
Wed May 01 2024,15618
Thu May 02 2024,15627
Fri May 03 2024,15630
Sat May 04 2024,15630
Sun May 05 2024,15631
Mon May 06 2024,15632
Tue May 07 2024,15634
Wed May 08 2024,15638
Thu May 09 2024,15640
Fri May 10 2024,15642
Sat May 11 2024,15641
Sun May 12 2024,15638
Mon May 13 2024,15700
Tue May 14 2024,15705
Wed May 15 2024,15701
Thu May 16 2024,14973
Fri May 17 2024,15323
Sat May 18 2024,15321
Sun May 19 2024,15320
Mon May 20 2024,15321
