date,Omega 310 (CHF)
Wed May 22 2019,0
Thu May 23 2019,0
Fri May 24 2019,0
Sat May 25 2019,0
Sun May 26 2019,0
Mon May 27 2019,0
Tue May 28 2019,0
Wed May 29 2019,0
Thu May 30 2019,0
Fri May 31 2019,0
Sat Jun 01 2019,0
Sun Jun 02 2019,0
Mon Jun 03 2019,0
Tue Jun 04 2019,0
Wed Jun 05 2019,0
Thu Jun 06 2019,0
Fri Jun 07 2019,0
Sat Jun 08 2019,0
Sun Jun 09 2019,0
Mon Jun 10 2019,0
Tue Jun 11 2019,0
Wed Jun 12 2019,0
Thu Jun 13 2019,0
Fri Jun 14 2019,0
Sat Jun 15 2019,0
Sun Jun 16 2019,0
Mon Jun 17 2019,0
Tue Jun 18 2019,0
Wed Jun 19 2019,0
Thu Jun 20 2019,0
Fri Jun 21 2019,0
Sat Jun 22 2019,0
Sun Jun 23 2019,0
Mon Jun 24 2019,0
Tue Jun 25 2019,0
Wed Jun 26 2019,0
Thu Jun 27 2019,0
Fri Jun 28 2019,0
Sat Jun 29 2019,0
Sun Jun 30 2019,0
Mon Jul 01 2019,0
Tue Jul 02 2019,0
Wed Jul 03 2019,0
Thu Jul 04 2019,0
Sat Jul 06 2019,0
Sun Jul 07 2019,0
Mon Jul 08 2019,0
Tue Jul 09 2019,0
Wed Jul 10 2019,0
Thu Jul 11 2019,0
Fri Jul 12 2019,0
Sat Jul 13 2019,0
Sun Jul 14 2019,0
Mon Jul 15 2019,0
Tue Jul 16 2019,0
Wed Jul 17 2019,0
Thu Jul 18 2019,0
Fri Jul 19 2019,0
Sat Jul 20 2019,0
Sun Jul 21 2019,0
Mon Jul 22 2019,0
Tue Jul 23 2019,0
Wed Jul 24 2019,0
Thu Jul 25 2019,0
Fri Jul 26 2019,0
Sat Jul 27 2019,0
Sun Jul 28 2019,0
Mon Jul 29 2019,0
Tue Jul 30 2019,0
Wed Jul 31 2019,0
Thu Aug 01 2019,0
Fri Aug 02 2019,0
Sat Aug 03 2019,0
Sun Aug 04 2019,0
Tue Aug 06 2019,0
Wed Aug 07 2019,0
Thu Aug 08 2019,0
Fri Aug 09 2019,0
Sat Aug 10 2019,0
Sun Aug 11 2019,0
Mon Aug 12 2019,0
Tue Aug 13 2019,0
Wed Aug 14 2019,0
Thu Aug 15 2019,0
Fri Aug 16 2019,0
Sat Aug 17 2019,0
Sun Aug 18 2019,0
Mon Aug 19 2019,0
Tue Aug 20 2019,0
Wed Aug 21 2019,0
Thu Aug 22 2019,0
Fri Aug 23 2019,0
Sat Aug 24 2019,0
Sun Aug 25 2019,0
Mon Aug 26 2019,0
Wed Aug 28 2019,0
Thu Aug 29 2019,0
Fri Aug 30 2019,0
Sat Aug 31 2019,0
Sun Sep 01 2019,0
Mon Sep 02 2019,0
Wed Sep 04 2019,0
Thu Sep 05 2019,0
Fri Sep 06 2019,0
Sat Sep 07 2019,0
Sun Sep 08 2019,0
Mon Sep 09 2019,0
Tue Sep 10 2019,0
Wed Sep 11 2019,0
Thu Sep 12 2019,0
Fri Sep 13 2019,0
Sat Sep 14 2019,12256
Sun Sep 15 2019,12312
Mon Sep 16 2019,12316
Tue Sep 17 2019,12322
Wed Sep 18 2019,12328
Thu Sep 19 2019,12334
Fri Sep 20 2019,12340
Sat Sep 21 2019,12491
Sun Sep 22 2019,12494
Mon Sep 23 2019,12498
Tue Sep 24 2019,12505
Wed Sep 25 2019,12511
Thu Sep 26 2019,12516
Fri Sep 27 2019,12521
Sat Sep 28 2019,12526
Sun Sep 29 2019,12529
Mon Sep 30 2019,12530
Tue Oct 01 2019,12532
Wed Oct 02 2019,12535
Thu Oct 03 2019,12537
Fri Oct 04 2019,12541
Sat Oct 05 2019,12546
Sun Oct 06 2019,12551
Mon Oct 07 2019,12555
Tue Oct 08 2019,12558
Wed Oct 09 2019,12560
Thu Oct 10 2019,12562
Fri Oct 11 2019,12366
Sat Oct 12 2019,12367
Sun Oct 13 2019,12370
Mon Oct 14 2019,12373
Tue Oct 15 2019,12376
Wed Oct 16 2019,12379
Thu Oct 17 2019,12382
Fri Oct 18 2019,12380
Sat Oct 19 2019,12377
Sun Oct 20 2019,12372
Mon Oct 21 2019,12369
Tue Oct 22 2019,12367
Wed Oct 23 2019,12366
Thu Oct 24 2019,12366
Fri Oct 25 2019,12367
Sat Oct 26 2019,12369
Sun Oct 27 2019,12369
Mon Oct 28 2019,12370
Tue Oct 29 2019,12372
Wed Oct 30 2019,12374
Thu Oct 31 2019,12372
Fri Nov 01 2019,12368
Sat Nov 02 2019,12364
Sun Nov 03 2019,12359
Mon Nov 04 2019,12354
Tue Nov 05 2019,12351
Wed Nov 06 2019,12349
Thu Nov 07 2019,12530
Fri Nov 08 2019,12530
Sat Nov 09 2019,12531
Sun Nov 10 2019,12532
Mon Nov 11 2019,12532
Tue Nov 12 2019,12531
Wed Nov 13 2019,12530
Thu Nov 14 2019,12527
Fri Nov 15 2019,12524
Sat Nov 16 2019,12521
Sun Nov 17 2019,12520
Mon Nov 18 2019,12522
Tue Nov 19 2019,12524
Wed Nov 20 2019,12527
Thu Nov 21 2019,12529
Fri Nov 22 2019,12531
Sat Nov 23 2019,12533
Sun Nov 24 2019,12535
Mon Nov 25 2019,12537
Tue Nov 26 2019,12538
Wed Nov 27 2019,12539
Thu Nov 28 2019,12541
Fri Nov 29 2019,12543
Sat Nov 30 2019,12546
Sun Dec 01 2019,12551
Mon Dec 02 2019,12557
Tue Dec 03 2019,12601
Wed Dec 04 2019,12602
Thu Dec 05 2019,12601
Fri Dec 06 2019,12599
Sat Dec 07 2019,12598
Sun Dec 08 2019,12596
Mon Dec 09 2019,12594
Tue Dec 10 2019,12591
Wed Dec 11 2019,12586
Thu Dec 12 2019,12582
Fri Dec 13 2019,12577
Sat Dec 14 2019,12575
Sun Dec 15 2019,12573
Mon Dec 16 2019,12570
Tue Dec 17 2019,12568
Wed Dec 18 2019,12564
Thu Dec 19 2019,12561
Fri Dec 20 2019,12404
Sat Dec 21 2019,12400
Sun Dec 22 2019,12396
Mon Dec 23 2019,12391
Tue Dec 24 2019,12384
Wed Dec 25 2019,12378
Thu Dec 26 2019,12371
Fri Dec 27 2019,12364
Sat Dec 28 2019,12355
Sun Dec 29 2019,12345
Mon Dec 30 2019,12335
Tue Dec 31 2019,12323
Wed Jan 01 2020,12309
Thu Jan 02 2020,12298
Fri Jan 03 2020,12290
Sat Jan 04 2020,12283
Sun Jan 05 2020,12276
Mon Jan 06 2020,12269
Tue Jan 07 2020,12261
Wed Jan 08 2020,12252
Thu Jan 09 2020,12245
Fri Jan 10 2020,12240
Sat Jan 11 2020,12235
Sun Jan 12 2020,12231
Mon Jan 13 2020,12226
Tue Jan 14 2020,12221
Wed Jan 15 2020,12215
Thu Jan 16 2020,12207
Fri Jan 17 2020,12200
Sat Jan 18 2020,12194
Sun Jan 19 2020,12189
Mon Jan 20 2020,12183
Tue Jan 21 2020,12177
Wed Jan 22 2020,12171
Thu Jan 23 2020,12166
Fri Jan 24 2020,12161
Sat Jan 25 2020,12157
Sun Jan 26 2020,12153
Mon Jan 27 2020,12150
Tue Jan 28 2020,12148
Wed Jan 29 2020,12132
Thu Jan 30 2020,12133
Fri Jan 31 2020,12135
Sat Feb 01 2020,12134
Sun Feb 02 2020,12132
Mon Feb 03 2020,12128
Tue Feb 04 2020,12125
Wed Feb 05 2020,12123
Thu Feb 06 2020,12124
Fri Feb 07 2020,12126
Sat Feb 08 2020,12128
Sun Feb 09 2020,11999
Mon Feb 10 2020,12000
Tue Feb 11 2020,11934
Wed Feb 12 2020,11936
Thu Feb 13 2020,11938
Fri Feb 14 2020,11942
Sat Feb 15 2020,11948
Sun Feb 16 2020,11848
Mon Feb 17 2020,11741
Tue Feb 18 2020,11747
Wed Feb 19 2020,11752
Thu Feb 20 2020,11758
Fri Feb 21 2020,11765
Sat Feb 22 2020,11553
Sun Feb 23 2020,11557
Mon Feb 24 2020,11561
Tue Feb 25 2020,11564
Wed Feb 26 2020,11567
Thu Feb 27 2020,11569
Fri Feb 28 2020,11569
Sat Feb 29 2020,11566
Sun Mar 01 2020,11512
Mon Mar 02 2020,11511
Tue Mar 03 2020,11509
Wed Mar 04 2020,11507
Thu Mar 05 2020,11503
Fri Mar 06 2020,11496
Sat Mar 07 2020,11483
Sun Mar 08 2020,11468
Mon Mar 09 2020,11452
Tue Mar 10 2020,11431
Wed Mar 11 2020,11414
Thu Mar 12 2020,11314
Fri Mar 13 2020,11299
Sat Mar 14 2020,11290
Sun Mar 15 2020,11290
Mon Mar 16 2020,11264
Tue Mar 17 2020,11264
Wed Mar 18 2020,11258
Thu Mar 19 2020,11251
Fri Mar 20 2020,11249
Sat Mar 21 2020,11249
Sun Mar 22 2020,11250
Mon Mar 23 2020,11181
Tue Mar 24 2020,11183
Wed Mar 25 2020,11183
Thu Mar 26 2020,11183
Fri Mar 27 2020,11179
Sat Mar 28 2020,11171
Sun Mar 29 2020,11163
Mon Mar 30 2020,11156
Tue Mar 31 2020,11153
Wed Apr 01 2020,11152
Thu Apr 02 2020,11154
Fri Apr 03 2020,11160
Sat Apr 04 2020,11115
Sun Apr 05 2020,11126
Mon Apr 06 2020,11142
Tue Apr 07 2020,11153
Wed Apr 08 2020,11169
Thu Apr 09 2020,11177
Fri Apr 10 2020,11192
Sat Apr 11 2020,11205
Sun Apr 12 2020,11217
Mon Apr 13 2020,11223
Tue Apr 14 2020,11222
Wed Apr 15 2020,11218
Thu Apr 16 2020,11216
Fri Apr 17 2020,11218
Sat Apr 18 2020,11220
Sun Apr 19 2020,11215
Mon Apr 20 2020,11209
Tue Apr 21 2020,11152
Wed Apr 22 2020,11146
Thu Apr 23 2020,11140
Fri Apr 24 2020,11139
Sat Apr 25 2020,11137
Sun Apr 26 2020,11139
Mon Apr 27 2020,11145
Tue Apr 28 2020,11154
Wed Apr 29 2020,11163
Thu Apr 30 2020,11109
Fri May 01 2020,11032
Sat May 02 2020,10983
Sun May 03 2020,10979
Mon May 04 2020,10978
Tue May 05 2020,10973
Wed May 06 2020,10970
Thu May 07 2020,10969
Fri May 08 2020,10970
Sat May 09 2020,10881
Sun May 10 2020,10881
Mon May 11 2020,10883
Tue May 12 2020,10886
Wed May 13 2020,10888
Thu May 14 2020,10889
Fri May 15 2020,10893
Sat May 16 2020,10896
Sun May 17 2020,10898
Mon May 18 2020,10899
Tue May 19 2020,10901
Wed May 20 2020,10903
Thu May 21 2020,10902
Fri May 22 2020,10902
Sat May 23 2020,10902
Sun May 24 2020,10901
Mon May 25 2020,10899
Tue May 26 2020,10899
Wed May 27 2020,10896
Thu May 28 2020,10894
Fri May 29 2020,10891
Sat May 30 2020,10887
Sun May 31 2020,10884
Mon Jun 01 2020,10890
Tue Jun 02 2020,10816
Wed Jun 03 2020,10816
Thu Jun 04 2020,10815
Fri Jun 05 2020,10767
Sat Jun 06 2020,10762
Sun Jun 07 2020,10757
Mon Jun 08 2020,10752
Tue Jun 09 2020,10748
Wed Jun 10 2020,10741
Thu Jun 11 2020,10732
Fri Jun 12 2020,10721
Sat Jun 13 2020,10713
Sun Jun 14 2020,10705
Mon Jun 15 2020,10698
Tue Jun 16 2020,10690
Wed Jun 17 2020,10681
Thu Jun 18 2020,10673
Fri Jun 19 2020,10666
Sat Jun 20 2020,10481
Sun Jun 21 2020,10476
Mon Jun 22 2020,10469
Tue Jun 23 2020,10461
Wed Jun 24 2020,10451
Thu Jun 25 2020,10442
Fri Jun 26 2020,10460
Sat Jun 27 2020,10453
Sun Jun 28 2020,10446
Mon Jun 29 2020,10440
Tue Jun 30 2020,10436
Wed Jul 01 2020,10431
Thu Jul 02 2020,10350
Fri Jul 03 2020,10344
Sat Jul 04 2020,10338
Sun Jul 05 2020,10334
Mon Jul 06 2020,10329
Tue Jul 07 2020,10321
Wed Jul 08 2020,10314
Thu Jul 09 2020,10307
Fri Jul 10 2020,10302
Sat Jul 11 2020,10284
Sun Jul 12 2020,10284
Mon Jul 13 2020,10281
Tue Jul 14 2020,10277
Wed Jul 15 2020,10273
Thu Jul 16 2020,10270
Fri Jul 17 2020,10269
Sat Jul 18 2020,10265
Sun Jul 19 2020,10261
Mon Jul 20 2020,10257
Tue Jul 21 2020,10252
Wed Jul 22 2020,10246
Thu Jul 23 2020,10240
Fri Jul 24 2020,10233
Sat Jul 25 2020,10224
Sun Jul 26 2020,10214
Mon Jul 27 2020,10204
Tue Jul 28 2020,10194
Wed Jul 29 2020,10183
Thu Jul 30 2020,10171
Fri Jul 31 2020,10145
Sat Aug 01 2020,10132
Sun Aug 02 2020,10114
Mon Aug 03 2020,10102
Tue Aug 04 2020,10130
Wed Aug 05 2020,10119
Thu Aug 06 2020,10107
Fri Aug 07 2020,10096
Sat Aug 08 2020,10085
Sun Aug 09 2020,10076
Mon Aug 10 2020,10066
Tue Aug 11 2020,10056
Wed Aug 12 2020,10047
Thu Aug 13 2020,10037
Fri Aug 14 2020,10026
Sat Aug 15 2020,10015
Sun Aug 16 2020,10002
Mon Aug 17 2020,9990
Tue Aug 18 2020,9979
Wed Aug 19 2020,9967
Thu Aug 20 2020,9955
Fri Aug 21 2020,9947
Sat Aug 22 2020,9939
Sun Aug 23 2020,9933
Mon Aug 24 2020,9929
Tue Aug 25 2020,9926
Wed Aug 26 2020,9921
Thu Aug 27 2020,9918
Fri Aug 28 2020,9914
Sat Aug 29 2020,9910
Sun Aug 30 2020,9907
Mon Aug 31 2020,9902
Tue Sep 01 2020,9899
Wed Sep 02 2020,9896
Thu Sep 03 2020,9893
Fri Sep 04 2020,9892
Sat Sep 05 2020,9893
Sun Sep 06 2020,9894
Mon Sep 07 2020,9894
Tue Sep 08 2020,9895
Wed Sep 09 2020,9900
Thu Sep 10 2020,9900
Fri Sep 11 2020,9898
Sat Sep 12 2020,9897
Sun Sep 13 2020,9896
Mon Sep 14 2020,9896
Tue Sep 15 2020,9895
Wed Sep 16 2020,9895
Thu Sep 17 2020,9895
Fri Sep 18 2020,9909
Sat Sep 19 2020,9910
Sun Sep 20 2020,9910
Mon Sep 21 2020,9910
Tue Sep 22 2020,9912
Wed Sep 23 2020,9917
Thu Sep 24 2020,9938
Fri Sep 25 2020,9943
Sat Sep 26 2020,9950
Sun Sep 27 2020,9957
Mon Sep 28 2020,9965
Tue Sep 29 2020,9973
Wed Sep 30 2020,9979
Thu Oct 01 2020,10042
Fri Oct 02 2020,10047
Sat Oct 03 2020,10042
Sun Oct 04 2020,10038
Mon Oct 05 2020,10021
Tue Oct 06 2020,10017
Wed Oct 07 2020,10032
Thu Oct 08 2020,10033
Fri Oct 09 2020,10033
Sat Oct 10 2020,10032
Sun Oct 11 2020,10018
Mon Oct 12 2020,10018
Tue Oct 13 2020,10027
Wed Oct 14 2020,10060
Thu Oct 15 2020,10101
Fri Oct 16 2020,10082
Sat Oct 17 2020,10057
Sun Oct 18 2020,10065
Mon Oct 19 2020,10108
Tue Oct 20 2020,10108
Wed Oct 21 2020,10108
Thu Oct 22 2020,10105
Fri Oct 23 2020,10102
Sat Oct 24 2020,10123
Sun Oct 25 2020,10116
Mon Oct 26 2020,10087
Tue Oct 27 2020,10059
Wed Oct 28 2020,10065
Thu Oct 29 2020,10076
Fri Oct 30 2020,10086
Sat Oct 31 2020,10016
Sun Nov 01 2020,10015
Mon Nov 02 2020,10038
Tue Nov 03 2020,10038
Wed Nov 04 2020,10026
Thu Nov 05 2020,10023
Fri Nov 06 2020,10002
Sat Nov 07 2020,9942
Sun Nov 08 2020,9936
Mon Nov 09 2020,9981
Tue Nov 10 2020,9979
Wed Nov 11 2020,9981
Thu Nov 12 2020,9983
Fri Nov 13 2020,9988
Sat Nov 14 2020,9939
Sun Nov 15 2020,9937
Mon Nov 16 2020,9935
Tue Nov 17 2020,9937
Wed Nov 18 2020,9930
Thu Nov 19 2020,9942
Fri Nov 20 2020,9944
Sat Nov 21 2020,9946
Sun Nov 22 2020,9947
Mon Nov 23 2020,9955
Tue Nov 24 2020,9957
Wed Nov 25 2020,9960
Thu Nov 26 2020,9968
Fri Nov 27 2020,9952
Sat Nov 28 2020,10141
Sun Nov 29 2020,10041
Mon Nov 30 2020,9960
Tue Dec 01 2020,9933
Wed Dec 02 2020,9928
Thu Dec 03 2020,9930
Fri Dec 04 2020,9921
Sat Dec 05 2020,9913
Sun Dec 06 2020,9907
Mon Dec 07 2020,9877
Tue Dec 08 2020,9866
Wed Dec 09 2020,9864
Thu Dec 10 2020,9858
Fri Dec 11 2020,9850
Sat Dec 12 2020,9860
Sun Dec 13 2020,9836
Mon Dec 14 2020,9731
Tue Dec 15 2020,9719
Wed Dec 16 2020,9749
Thu Dec 17 2020,9749
Fri Dec 18 2020,9702
Sat Dec 19 2020,9693
Sun Dec 20 2020,9714
Mon Dec 21 2020,9692
Tue Dec 22 2020,9778
Wed Dec 23 2020,9750
Thu Dec 24 2020,9782
Fri Dec 25 2020,9774
Sat Dec 26 2020,9724
Sun Dec 27 2020,9717
Mon Dec 28 2020,9719
Tue Dec 29 2020,9717
Wed Dec 30 2020,9732
Thu Dec 31 2020,9724
Fri Jan 01 2021,9716
Sat Jan 02 2021,9715
Sun Jan 03 2021,9714
Mon Jan 04 2021,9714
Tue Jan 05 2021,9675
Wed Jan 06 2021,9666
Thu Jan 07 2021,9662
Fri Jan 08 2021,9659
Sat Jan 09 2021,9657
Sun Jan 10 2021,9656
Mon Jan 11 2021,9644
Tue Jan 12 2021,9644
Wed Jan 13 2021,9602
Thu Jan 14 2021,9649
Fri Jan 15 2021,9645
Sat Jan 16 2021,9646
Sun Jan 17 2021,9648
Mon Jan 18 2021,9627
Tue Jan 19 2021,9539
Wed Jan 20 2021,9543
Thu Jan 21 2021,9612
Fri Jan 22 2021,9644
Sat Jan 23 2021,9642
Sun Jan 24 2021,9632
Mon Jan 25 2021,9652
Tue Jan 26 2021,9676
Wed Jan 27 2021,9685
Thu Jan 28 2021,9657
Fri Jan 29 2021,9701
Sat Jan 30 2021,9741
Sun Jan 31 2021,9744
Mon Feb 01 2021,9738
Tue Feb 02 2021,9681
Wed Feb 03 2021,9657
Thu Feb 04 2021,9679
Fri Feb 05 2021,9697
Sat Feb 06 2021,9705
Sun Feb 07 2021,9711
Mon Feb 08 2021,9716
Tue Feb 09 2021,9721
Wed Feb 10 2021,9714
Thu Feb 11 2021,9691
Fri Feb 12 2021,9691
Sat Feb 13 2021,9693
Sun Feb 14 2021,9694
Mon Feb 15 2021,9695
Tue Feb 16 2021,9722
Wed Feb 17 2021,9694
Thu Feb 18 2021,9763
Fri Feb 19 2021,9766
Sat Feb 20 2021,9791
Sun Feb 21 2021,9932
Mon Feb 22 2021,9936
Tue Feb 23 2021,9998
Wed Feb 24 2021,10021
Thu Feb 25 2021,10028
Fri Feb 26 2021,10035
Sat Feb 27 2021,10042
Sun Feb 28 2021,10049
Mon Mar 01 2021,10052
Tue Mar 02 2021,10060
Wed Mar 03 2021,10101
Thu Mar 04 2021,10109
Fri Mar 05 2021,10105
Sat Mar 06 2021,10099
Sun Mar 07 2021,10109
Mon Mar 08 2021,10120
Tue Mar 09 2021,10139
Wed Mar 10 2021,10151
Thu Mar 11 2021,10162
Fri Mar 12 2021,10143
Sat Mar 13 2021,10157
Sun Mar 14 2021,10168
Mon Mar 15 2021,10182
Tue Mar 16 2021,10345
Wed Mar 17 2021,10358
Thu Mar 18 2021,10510
Fri Mar 19 2021,10524
Sat Mar 20 2021,10537
Sun Mar 21 2021,10552
Mon Mar 22 2021,10565
Tue Mar 23 2021,10577
Wed Mar 24 2021,10523
Thu Mar 25 2021,10506
Fri Mar 26 2021,10540
Sat Mar 27 2021,10436
Sun Mar 28 2021,10375
Mon Mar 29 2021,10324
Tue Mar 30 2021,10294
Wed Mar 31 2021,10306
Thu Apr 01 2021,10470
Fri Apr 02 2021,10480
Sat Apr 03 2021,10473
Sun Apr 04 2021,10388
Mon Apr 05 2021,10393
Tue Apr 06 2021,10391
Wed Apr 07 2021,10392
Thu Apr 08 2021,10415
Fri Apr 09 2021,10448
Sat Apr 10 2021,10500
Sun Apr 11 2021,10499
Mon Apr 12 2021,10498
Tue Apr 13 2021,10495
Wed Apr 14 2021,10536
Thu Apr 15 2021,10514
Fri Apr 16 2021,10467
Sat Apr 17 2021,10481
Sun Apr 18 2021,10479
Mon Apr 19 2021,10476
Tue Apr 20 2021,10470
Wed Apr 21 2021,10421
Thu Apr 22 2021,10119
Fri Apr 23 2021,10186
Sat Apr 24 2021,10178
Sun Apr 25 2021,10170
Mon Apr 26 2021,10103
Tue Apr 27 2021,10062
Wed Apr 28 2021,10053
Thu Apr 29 2021,9999
Fri Apr 30 2021,9983
Sat May 01 2021,9988
Sun May 02 2021,10000
Mon May 03 2021,10033
Tue May 04 2021,10022
Wed May 05 2021,9822
Thu May 06 2021,9813
Fri May 07 2021,9946
Sat May 08 2021,9941
Sun May 09 2021,9911
Mon May 10 2021,9902
Tue May 11 2021,9883
Wed May 12 2021,9875
Thu May 13 2021,9807
Fri May 14 2021,9893
Sat May 15 2021,9887
Sun May 16 2021,9891
Mon May 17 2021,9913
Tue May 18 2021,9907
Wed May 19 2021,9939
Thu May 20 2021,9968
Fri May 21 2021,9962
Sat May 22 2021,9955
Sun May 23 2021,9948
Mon May 24 2021,10018
Tue May 25 2021,10012
Wed May 26 2021,10007
Thu May 27 2021,9953
Fri May 28 2021,10001
Sat May 29 2021,10017
Sun May 30 2021,10014
Mon May 31 2021,10010
Tue Jun 01 2021,10007
Wed Jun 02 2021,9978
Thu Jun 03 2021,9935
Fri Jun 04 2021,9884
Sat Jun 05 2021,9903
Sun Jun 06 2021,9899
Mon Jun 07 2021,9918
Tue Jun 08 2021,10014
Wed Jun 09 2021,10013
Thu Jun 10 2021,10011
Fri Jun 11 2021,10008
Sat Jun 12 2021,10005
Sun Jun 13 2021,10279
Mon Jun 14 2021,10287
Tue Jun 15 2021,10333
Wed Jun 16 2021,10297
Thu Jun 17 2021,10338
Fri Jun 18 2021,10304
Sat Jun 19 2021,10263
Sun Jun 20 2021,10310
Mon Jun 21 2021,10255
Tue Jun 22 2021,10240
Wed Jun 23 2021,10287
Thu Jun 24 2021,10346
Fri Jun 25 2021,10354
Sat Jun 26 2021,10364
Sun Jun 27 2021,10372
Mon Jun 28 2021,10400
Tue Jun 29 2021,10288
Wed Jun 30 2021,10236
Thu Jul 01 2021,10313
Fri Jul 02 2021,10323
Sat Jul 03 2021,10383
Sun Jul 04 2021,10370
Mon Jul 05 2021,10334
Tue Jul 06 2021,10341
Wed Jul 07 2021,10280
Thu Jul 08 2021,10290
Fri Jul 09 2021,10318
Sat Jul 10 2021,10325
Sun Jul 11 2021,10297
Mon Jul 12 2021,10259
Tue Jul 13 2021,10265
Wed Jul 14 2021,10272
Thu Jul 15 2021,10269
Fri Jul 16 2021,10276
Sat Jul 17 2021,10246
Sun Jul 18 2021,10173
Mon Jul 19 2021,10170
Tue Jul 20 2021,10169
Wed Jul 21 2021,10168
Thu Jul 22 2021,10168
Fri Jul 23 2021,10167
Sat Jul 24 2021,10264
Sun Jul 25 2021,10166
Mon Jul 26 2021,10167
Tue Jul 27 2021,10293
Wed Jul 28 2021,10277
Thu Jul 29 2021,10275
Fri Jul 30 2021,10259
Sat Jul 31 2021,10167
Sun Aug 01 2021,10160
Mon Aug 02 2021,10153
Tue Aug 03 2021,10335
Wed Aug 04 2021,10329
Thu Aug 05 2021,10196
Fri Aug 06 2021,10324
Sat Aug 07 2021,10319
Sun Aug 08 2021,10318
Mon Aug 09 2021,10318
Tue Aug 10 2021,10319
Wed Aug 11 2021,10304
Thu Aug 12 2021,10307
Fri Aug 13 2021,10254
Sat Aug 14 2021,10255
Sun Aug 15 2021,10254
Mon Aug 16 2021,10253
Tue Aug 17 2021,10136
Wed Aug 18 2021,10134
Thu Aug 19 2021,10178
Fri Aug 20 2021,10238
Sat Aug 21 2021,10237
Sun Aug 22 2021,10236
Mon Aug 23 2021,10264
Tue Aug 24 2021,10243
Wed Aug 25 2021,10249
Thu Aug 26 2021,10378
Fri Aug 27 2021,10378
Sat Aug 28 2021,10379
Sun Aug 29 2021,10381
Mon Aug 30 2021,10383
Tue Aug 31 2021,10390
Wed Sep 01 2021,10428
Thu Sep 02 2021,10675
Fri Sep 03 2021,10680
Sat Sep 04 2021,10683
Sun Sep 05 2021,10694
Mon Sep 06 2021,10696
Tue Sep 07 2021,10696
Wed Sep 08 2021,10639
Thu Sep 09 2021,10640
Fri Sep 10 2021,10639
Sat Sep 11 2021,10503
Sun Sep 12 2021,10534
Mon Sep 13 2021,10533
Tue Sep 14 2021,10535
Wed Sep 15 2021,10537
Thu Sep 16 2021,10559
Fri Sep 17 2021,10563
Sat Sep 18 2021,10568
Sun Sep 19 2021,10573
Mon Sep 20 2021,10545
Tue Sep 21 2021,10573
Wed Sep 22 2021,10547
Thu Sep 23 2021,9288
Fri Sep 24 2021,9269
Sat Sep 25 2021,9272
Sun Sep 26 2021,9275
Mon Sep 27 2021,9157
Tue Sep 28 2021,9168
Wed Sep 29 2021,9174
Thu Sep 30 2021,9276
Fri Oct 01 2021,9282
Sat Oct 02 2021,9287
Sun Oct 03 2021,9292
Mon Oct 04 2021,9363
Tue Oct 05 2021,9367
Wed Oct 06 2021,10824
Thu Oct 07 2021,10829
Fri Oct 08 2021,10834
Sat Oct 09 2021,10836
Sun Oct 10 2021,10850
Mon Oct 11 2021,10762
Tue Oct 12 2021,10773
Wed Oct 13 2021,10777
Thu Oct 14 2021,10779
Fri Oct 15 2021,10828
Sat Oct 16 2021,10830
Sun Oct 17 2021,11010
Mon Oct 18 2021,11008
Tue Oct 19 2021,11004
Wed Oct 20 2021,11129
Thu Oct 21 2021,11126
Fri Oct 22 2021,11123
Sat Oct 23 2021,11120
Sun Oct 24 2021,11117
Mon Oct 25 2021,11113
Tue Oct 26 2021,10919
Wed Oct 27 2021,10918
Thu Oct 28 2021,10915
Fri Oct 29 2021,11070
Sat Oct 30 2021,11048
Sun Oct 31 2021,10759
Mon Nov 01 2021,10753
Tue Nov 02 2021,10746
Wed Nov 03 2021,10739
Thu Nov 04 2021,10733
Fri Nov 05 2021,10797
Sat Nov 06 2021,10791
Sun Nov 07 2021,10756
Mon Nov 08 2021,10713
Tue Nov 09 2021,10708
Wed Nov 10 2021,10749
Thu Nov 11 2021,10693
Fri Nov 12 2021,10695
Sat Nov 13 2021,10693
Sun Nov 14 2021,10807
Mon Nov 15 2021,10806
Tue Nov 16 2021,10805
Wed Nov 17 2021,10807
Thu Nov 18 2021,11100
Fri Nov 19 2021,11102
Sat Nov 20 2021,11104
Sun Nov 21 2021,11108
Mon Nov 22 2021,11113
Tue Nov 23 2021,11150
Wed Nov 24 2021,11157
Thu Nov 25 2021,11256
Fri Nov 26 2021,11265
Sat Nov 27 2021,11311
Sun Nov 28 2021,11314
Mon Nov 29 2021,11318
Tue Nov 30 2021,11347
Wed Dec 01 2021,11345
Thu Dec 02 2021,11367
Fri Dec 03 2021,11370
Sat Dec 04 2021,11372
Sun Dec 05 2021,11374
Mon Dec 06 2021,11484
Tue Dec 07 2021,11489
Wed Dec 08 2021,11492
Thu Dec 09 2021,11501
Fri Dec 10 2021,11515
Sat Dec 11 2021,11553
Sun Dec 12 2021,11825
Mon Dec 13 2021,11825
Tue Dec 14 2021,12005
Wed Dec 15 2021,12053
Thu Dec 16 2021,12060
Fri Dec 17 2021,12084
Sat Dec 18 2021,12080
Sun Dec 19 2021,12079
Mon Dec 20 2021,12206
Tue Dec 21 2021,12144
Wed Dec 22 2021,12142
Thu Dec 23 2021,12155
Fri Dec 24 2021,12149
Sat Dec 25 2021,12142
Sun Dec 26 2021,12136
Mon Dec 27 2021,12133
Tue Dec 28 2021,12173
Wed Dec 29 2021,12369
Thu Dec 30 2021,12383
Fri Dec 31 2021,12380
Sat Jan 01 2022,12377
Sun Jan 02 2022,12373
Mon Jan 03 2022,12415
Tue Jan 04 2022,12414
Wed Jan 05 2022,12444
Thu Jan 06 2022,12441
Fri Jan 07 2022,12438
Sat Jan 08 2022,12437
Sun Jan 09 2022,12436
Mon Jan 10 2022,12421
Tue Jan 11 2022,12423
Wed Jan 12 2022,12404
Thu Jan 13 2022,12444
Fri Jan 14 2022,12439
Sat Jan 15 2022,12433
Sun Jan 16 2022,12430
Mon Jan 17 2022,12427
Tue Jan 18 2022,12417
Wed Jan 19 2022,12414
Thu Jan 20 2022,12479
Fri Jan 21 2022,12476
Sat Jan 22 2022,12454
Sun Jan 23 2022,12451
Mon Jan 24 2022,12462
Tue Jan 25 2022,12459
Wed Jan 26 2022,12460
Thu Jan 27 2022,12438
Fri Jan 28 2022,12447
Sat Jan 29 2022,12436
Sun Jan 30 2022,12443
Mon Jan 31 2022,12514
Tue Feb 01 2022,12523
Wed Feb 02 2022,12525
Thu Feb 03 2022,12527
Fri Feb 04 2022,12529
Sat Feb 05 2022,12532
Sun Feb 06 2022,12534
Mon Feb 07 2022,12604
Tue Feb 08 2022,12646
Wed Feb 09 2022,12674
Thu Feb 10 2022,12723
Fri Feb 11 2022,12744
Sat Feb 12 2022,12747
Sun Feb 13 2022,12778
Mon Feb 14 2022,12785
Tue Feb 15 2022,12815
Wed Feb 16 2022,12802
Thu Feb 17 2022,12784
Fri Feb 18 2022,12787
Sat Feb 19 2022,12789
Sun Feb 20 2022,12792
Mon Feb 21 2022,12795
Tue Feb 22 2022,12753
Wed Feb 23 2022,12757
Thu Feb 24 2022,12759
Fri Feb 25 2022,12858
Sat Feb 26 2022,12901
Sun Feb 27 2022,12900
Mon Feb 28 2022,12886
Tue Mar 01 2022,12882
Wed Mar 02 2022,12873
Thu Mar 03 2022,12869
Fri Mar 04 2022,12902
Sat Mar 05 2022,12901
Sun Mar 06 2022,12899
Mon Mar 07 2022,12813
Tue Mar 08 2022,12812
Wed Mar 09 2022,12845
Thu Mar 10 2022,12819
Fri Mar 11 2022,12791
Sat Mar 12 2022,12877
Sun Mar 13 2022,12881
Mon Mar 14 2022,12885
Tue Mar 15 2022,12890
Wed Mar 16 2022,12912
Thu Mar 17 2022,12919
Fri Mar 18 2022,12925
Sat Mar 19 2022,12930
Sun Mar 20 2022,12936
Mon Mar 21 2022,12959
Tue Mar 22 2022,12964
Wed Mar 23 2022,12970
Thu Mar 24 2022,12978
Fri Mar 25 2022,12984
Sat Mar 26 2022,12988
Sun Mar 27 2022,12991
Mon Mar 28 2022,12972
Tue Mar 29 2022,12976
Wed Mar 30 2022,12982
Thu Mar 31 2022,12965
Fri Apr 01 2022,12974
Sat Apr 02 2022,12976
Sun Apr 03 2022,12979
Mon Apr 04 2022,13010
Tue Apr 05 2022,13015
Wed Apr 06 2022,13131
Thu Apr 07 2022,13126
Fri Apr 08 2022,13159
Sat Apr 09 2022,13204
Sun Apr 10 2022,13207
Mon Apr 11 2022,13209
Tue Apr 12 2022,13208
Wed Apr 13 2022,13206
Thu Apr 14 2022,13205
Fri Apr 15 2022,13111
Sat Apr 16 2022,13112
Sun Apr 17 2022,13114
Mon Apr 18 2022,13106
Tue Apr 19 2022,13112
Wed Apr 20 2022,13139
Thu Apr 21 2022,13146
Fri Apr 22 2022,13165
Sat Apr 23 2022,13148
Sun Apr 24 2022,13160
Mon Apr 25 2022,13214
Tue Apr 26 2022,13228
Wed Apr 27 2022,13241
Thu Apr 28 2022,13263
Fri Apr 29 2022,13280
Sat Apr 30 2022,13302
Sun May 01 2022,13333
Mon May 02 2022,13355
Tue May 03 2022,13333
Wed May 04 2022,13269
Thu May 05 2022,13294
Fri May 06 2022,13369
Sat May 07 2022,13394
Sun May 08 2022,13435
Mon May 09 2022,13460
Tue May 10 2022,13428
Wed May 11 2022,13500
Thu May 12 2022,13527
Fri May 13 2022,13559
Sat May 14 2022,13591
Sun May 15 2022,13772
Mon May 16 2022,13799
Tue May 17 2022,13837
Wed May 18 2022,13863
Thu May 19 2022,13887
Fri May 20 2022,13775
Sat May 21 2022,13768
Sun May 22 2022,13780
Mon May 23 2022,13789
Tue May 24 2022,13823
Wed May 25 2022,13876
Thu May 26 2022,13902
Fri May 27 2022,13902
Sat May 28 2022,13898
Sun May 29 2022,13891
Mon May 30 2022,13884
Tue May 31 2022,13876
Wed Jun 01 2022,13852
Thu Jun 02 2022,13846
Fri Jun 03 2022,13935
Sat Jun 04 2022,13943
Sun Jun 05 2022,13934
Mon Jun 06 2022,13875
Tue Jun 07 2022,13787
Wed Jun 08 2022,13780
Thu Jun 09 2022,13778
Fri Jun 10 2022,13770
Sat Jun 11 2022,13766
Sun Jun 12 2022,13728
Mon Jun 13 2022,13721
Tue Jun 14 2022,13718
Wed Jun 15 2022,13716
Thu Jun 16 2022,13661
Fri Jun 17 2022,13653
Sat Jun 18 2022,13642
Sun Jun 19 2022,13639
Mon Jun 20 2022,13638
Tue Jun 21 2022,13636
Wed Jun 22 2022,13484
Thu Jun 23 2022,13559
Fri Jun 24 2022,13625
Sat Jun 25 2022,13624
Sun Jun 26 2022,13650
Mon Jun 27 2022,13651
Tue Jun 28 2022,13656
Wed Jun 29 2022,13655
Thu Jun 30 2022,13654
Fri Jul 01 2022,13652
Sat Jul 02 2022,13650
Sun Jul 03 2022,13650
Mon Jul 04 2022,13753
Tue Jul 05 2022,13752
Wed Jul 06 2022,13754
Thu Jul 07 2022,13756
Fri Jul 08 2022,13755
Sat Jul 09 2022,13756
Sun Jul 10 2022,13755
Mon Jul 11 2022,13668
Tue Jul 12 2022,13665
Wed Jul 13 2022,13658
Thu Jul 14 2022,13652
Fri Jul 15 2022,13646
Sat Jul 16 2022,13638
Sun Jul 17 2022,13637
Mon Jul 18 2022,13678
Tue Jul 19 2022,13680
Wed Jul 20 2022,13680
Thu Jul 21 2022,13784
Fri Jul 22 2022,13825
Sat Jul 23 2022,13796
Sun Jul 24 2022,13796
Mon Jul 25 2022,13798
Tue Jul 26 2022,13800
Wed Jul 27 2022,13803
Thu Jul 28 2022,14106
Fri Jul 29 2022,14107
Sat Jul 30 2022,14177
Sun Jul 31 2022,14175
Mon Aug 01 2022,14170
Tue Aug 02 2022,14157
Wed Aug 03 2022,14154
Thu Aug 04 2022,14154
Fri Aug 05 2022,14150
Sat Aug 06 2022,14145
Sun Aug 07 2022,14140
Mon Aug 08 2022,14133
Tue Aug 09 2022,14124
Wed Aug 10 2022,14138
Thu Aug 11 2022,14150
Fri Aug 12 2022,14130
Sat Aug 13 2022,14124
Sun Aug 14 2022,14103
Mon Aug 15 2022,14043
Tue Aug 16 2022,14027
Wed Aug 17 2022,14013
Thu Aug 18 2022,13996
Fri Aug 19 2022,13988
Sat Aug 20 2022,13983
Sun Aug 21 2022,13956
Mon Aug 22 2022,13953
Tue Aug 23 2022,13953
Wed Aug 24 2022,13923
Thu Aug 25 2022,13866
Fri Aug 26 2022,13866
Sat Aug 27 2022,13867
Sun Aug 28 2022,13871
Mon Aug 29 2022,13877
Tue Aug 30 2022,13885
Wed Aug 31 2022,13886
Thu Sep 01 2022,13899
Fri Sep 02 2022,13912
Sat Sep 03 2022,13951
Sun Sep 04 2022,13962
Mon Sep 05 2022,13972
Tue Sep 06 2022,14003
Wed Sep 07 2022,14012
Thu Sep 08 2022,14024
Fri Sep 09 2022,14033
Sat Sep 10 2022,14042
Sun Sep 11 2022,14050
Mon Sep 12 2022,14048
Tue Sep 13 2022,14043
Wed Sep 14 2022,14050
Thu Sep 15 2022,14084
Fri Sep 16 2022,14098
Sat Sep 17 2022,14100
Sun Sep 18 2022,14105
Mon Sep 19 2022,14122
Tue Sep 20 2022,14126
Wed Sep 21 2022,14163
Thu Sep 22 2022,14164
Fri Sep 23 2022,14053
Sat Sep 24 2022,14075
Sun Sep 25 2022,14083
Mon Sep 26 2022,14091
Tue Sep 27 2022,14102
Wed Sep 28 2022,14114
Thu Sep 29 2022,14122
Fri Sep 30 2022,14077
Sat Oct 01 2022,14079
Sun Oct 02 2022,14092
Mon Oct 03 2022,14096
Tue Oct 04 2022,14011
Wed Oct 05 2022,13983
Thu Oct 06 2022,13984
Fri Oct 07 2022,13993
Sat Oct 08 2022,13998
Sun Oct 09 2022,14007
Mon Oct 10 2022,14023
Tue Oct 11 2022,13720
Wed Oct 12 2022,13739
Thu Oct 13 2022,13758
Fri Oct 14 2022,13779
Sat Oct 15 2022,13798
Sun Oct 16 2022,13851
Mon Oct 17 2022,13872
Tue Oct 18 2022,13842
Wed Oct 19 2022,13857
Thu Oct 20 2022,13813
Fri Oct 21 2022,13831
Sat Oct 22 2022,13850
Sun Oct 23 2022,13957
Mon Oct 24 2022,13965
Tue Oct 25 2022,14046
Wed Oct 26 2022,14035
Thu Oct 27 2022,14036
Fri Oct 28 2022,13998
Sat Oct 29 2022,13984
Sun Oct 30 2022,14015
Mon Oct 31 2022,14018
Tue Nov 01 2022,14029
Wed Nov 02 2022,14041
Thu Nov 03 2022,14019
Fri Nov 04 2022,14030
Sat Nov 05 2022,14040
Sun Nov 06 2022,14046
Mon Nov 07 2022,14023
Tue Nov 08 2022,14021
Wed Nov 09 2022,14018
Thu Nov 10 2022,14012
Fri Nov 11 2022,14028
Sat Nov 12 2022,14022
Sun Nov 13 2022,13993
Mon Nov 14 2022,13952
Tue Nov 15 2022,13897
Wed Nov 16 2022,13867
Thu Nov 17 2022,13840
Fri Nov 18 2022,13818
Sat Nov 19 2022,13795
Sun Nov 20 2022,13772
Mon Nov 21 2022,13776
Tue Nov 22 2022,13757
Wed Nov 23 2022,13805
Thu Nov 24 2022,13804
Fri Nov 25 2022,13747
Sat Nov 26 2022,13726
Sun Nov 27 2022,13706
Mon Nov 28 2022,13683
Tue Nov 29 2022,13738
Wed Nov 30 2022,13717
Thu Dec 01 2022,13693
Fri Dec 02 2022,13666
Sat Dec 03 2022,13539
Sun Dec 04 2022,13437
Mon Dec 05 2022,13408
Tue Dec 06 2022,13379
Wed Dec 07 2022,13355
Thu Dec 08 2022,13331
Fri Dec 09 2022,13302
Sat Dec 10 2022,13279
Sun Dec 11 2022,13260
Mon Dec 12 2022,13251
Tue Dec 13 2022,13248
Wed Dec 14 2022,13321
Thu Dec 15 2022,13322
Fri Dec 16 2022,13235
Sat Dec 17 2022,13229
Sun Dec 18 2022,13220
Mon Dec 19 2022,13286
Tue Dec 20 2022,13314
Wed Dec 21 2022,13301
Thu Dec 22 2022,13281
Fri Dec 23 2022,13269
Sat Dec 24 2022,13261
Sun Dec 25 2022,13257
Mon Dec 26 2022,13252
Tue Dec 27 2022,13245
Wed Dec 28 2022,13243
Thu Dec 29 2022,13234
Fri Dec 30 2022,13222
Sat Dec 31 2022,13210
Sun Jan 01 2023,13202
Mon Jan 02 2023,13227
Tue Jan 03 2023,13222
Wed Jan 04 2023,13220
Thu Jan 05 2023,13216
Fri Jan 06 2023,13203
Sat Jan 07 2023,13200
Sun Jan 08 2023,13195
Mon Jan 09 2023,13192
Tue Jan 10 2023,13161
Wed Jan 11 2023,13243
Thu Jan 12 2023,13254
Fri Jan 13 2023,13287
Sat Jan 14 2023,13297
Sun Jan 15 2023,13332
Mon Jan 16 2023,13333
Tue Jan 17 2023,13330
Wed Jan 18 2023,13326
Thu Jan 19 2023,13300
Fri Jan 20 2023,13285
Sat Jan 21 2023,13280
Sun Jan 22 2023,13277
Mon Jan 23 2023,13271
Tue Jan 24 2023,13265
Wed Jan 25 2023,13306
Thu Jan 26 2023,13282
Fri Jan 27 2023,13277
Sat Jan 28 2023,13273
Sun Jan 29 2023,13285
Mon Jan 30 2023,13284
Tue Jan 31 2023,13250
Wed Feb 01 2023,13249
Thu Feb 02 2023,13215
Fri Feb 03 2023,13240
Sat Feb 04 2023,13234
Sun Feb 05 2023,13232
Mon Feb 06 2023,13228
Tue Feb 07 2023,13211
Wed Feb 08 2023,13209
Thu Feb 09 2023,13210
Fri Feb 10 2023,13236
Sat Feb 11 2023,13188
Sun Feb 12 2023,13186
Mon Feb 13 2023,13184
Tue Feb 14 2023,13182
Wed Feb 15 2023,13245
Thu Feb 16 2023,13244
Fri Feb 17 2023,13245
Sat Feb 18 2023,13250
Sun Feb 19 2023,13254
Mon Feb 20 2023,13257
Tue Feb 21 2023,13259
Wed Feb 22 2023,13262
Thu Feb 23 2023,13265
Fri Feb 24 2023,13466
Sat Feb 25 2023,13473
Sun Feb 26 2023,13344
Mon Feb 27 2023,13353
Tue Feb 28 2023,13366
Wed Mar 01 2023,13355
Thu Mar 02 2023,13363
Fri Mar 03 2023,13356
Sat Mar 04 2023,13367
Sun Mar 05 2023,13377
Mon Mar 06 2023,13385
Tue Mar 07 2023,13341
Wed Mar 08 2023,13363
Thu Mar 09 2023,13356
Fri Mar 10 2023,13357
Sat Mar 11 2023,13289
Sun Mar 12 2023,13290
Mon Mar 13 2023,13247
Tue Mar 14 2023,13241
Wed Mar 15 2023,13225
Thu Mar 16 2023,13224
Fri Mar 17 2023,13229
Sat Mar 18 2023,13235
Sun Mar 19 2023,13235
Mon Mar 20 2023,13130
Tue Mar 21 2023,13131
Wed Mar 22 2023,13122
Thu Mar 23 2023,13120
Fri Mar 24 2023,13118
Sat Mar 25 2023,13101
Sun Mar 26 2023,13092
Mon Mar 27 2023,13084
Tue Mar 28 2023,13072
Wed Mar 29 2023,13061
Thu Mar 30 2023,13072
Fri Mar 31 2023,13062
Sat Apr 01 2023,13049
Sun Apr 02 2023,13036
Mon Apr 03 2023,13069
Tue Apr 04 2023,13060
Wed Apr 05 2023,13021
Thu Apr 06 2023,12898
Fri Apr 07 2023,12884
Sat Apr 08 2023,12867
Sun Apr 09 2023,12926
Mon Apr 10 2023,12917
Tue Apr 11 2023,12831
Wed Apr 12 2023,12729
Thu Apr 13 2023,12712
Fri Apr 14 2023,12701
Sat Apr 15 2023,12607
Sun Apr 16 2023,12591
Mon Apr 17 2023,12575
Tue Apr 18 2023,12562
Wed Apr 19 2023,12586
Thu Apr 20 2023,12678
Fri Apr 21 2023,12664
Sat Apr 22 2023,12651
Sun Apr 23 2023,12530
Mon Apr 24 2023,12518
Tue Apr 25 2023,12504
Wed Apr 26 2023,12490
Thu Apr 27 2023,12479
Fri Apr 28 2023,12492
Sat Apr 29 2023,12495
Sun Apr 30 2023,12485
Mon May 01 2023,12476
Tue May 02 2023,12467
Wed May 03 2023,12423
Thu May 04 2023,12168
Fri May 05 2023,12295
Sat May 06 2023,12154
Sun May 07 2023,12150
Mon May 08 2023,12146
Tue May 09 2023,12189
Wed May 10 2023,12183
Thu May 11 2023,12175
Fri May 12 2023,12169
Sat May 13 2023,12167
Sun May 14 2023,12170
Mon May 15 2023,12174
Tue May 16 2023,12437
Wed May 17 2023,12438
Thu May 18 2023,12439
Fri May 19 2023,12679
Sat May 20 2023,12627
Sun May 21 2023,12629
Mon May 22 2023,12632
Tue May 23 2023,12635
Wed May 24 2023,12717
Thu May 25 2023,12702
Fri May 26 2023,12709
Sat May 27 2023,12714
Sun May 28 2023,12720
Mon May 29 2023,12726
Tue May 30 2023,12731
Wed May 31 2023,12735
Thu Jun 01 2023,12747
Fri Jun 02 2023,12753
Sat Jun 03 2023,12857
Sun Jun 04 2023,12868
Mon Jun 05 2023,12877
Tue Jun 06 2023,12882
Wed Jun 07 2023,12887
Thu Jun 08 2023,12915
Fri Jun 09 2023,13057
Sat Jun 10 2023,13063
Sun Jun 11 2023,12992
Mon Jun 12 2023,12996
Tue Jun 13 2023,13000
Wed Jun 14 2023,13004
Thu Jun 15 2023,13004
Fri Jun 16 2023,12890
Sat Jun 17 2023,12887
Sun Jun 18 2023,12883
Mon Jun 19 2023,12879
Tue Jun 20 2023,12848
Wed Jun 21 2023,12847
Thu Jun 22 2023,12847
Fri Jun 23 2023,12844
Sat Jun 24 2023,12878
Sun Jun 25 2023,12875
Mon Jun 26 2023,12871
Tue Jun 27 2023,12872
Wed Jun 28 2023,12916
Thu Jun 29 2023,13155
Fri Jun 30 2023,13052
Sat Jul 01 2023,13046
Sun Jul 02 2023,13131
Mon Jul 03 2023,13126
Tue Jul 04 2023,13120
Wed Jul 05 2023,13054
Thu Jul 06 2023,13016
Fri Jul 07 2023,13004
Sat Jul 08 2023,12997
Sun Jul 09 2023,12979
Mon Jul 10 2023,12972
Tue Jul 11 2023,12965
Wed Jul 12 2023,12935
Thu Jul 13 2023,12879
Fri Jul 14 2023,12858
Sat Jul 15 2023,12837
Sun Jul 16 2023,12820
Mon Jul 17 2023,12805
Tue Jul 18 2023,12782
Wed Jul 19 2023,12773
Thu Jul 20 2023,12675
Fri Jul 21 2023,12557
Sat Jul 22 2023,12456
Sun Jul 23 2023,12442
Mon Jul 24 2023,12427
Tue Jul 25 2023,12254
Wed Jul 26 2023,12241
Thu Jul 27 2023,12226
Fri Jul 28 2023,12161
Sat Jul 29 2023,12173
Sun Jul 30 2023,12158
Mon Jul 31 2023,12145
Tue Aug 01 2023,12135
Wed Aug 02 2023,12125
Thu Aug 03 2023,12118
Fri Aug 04 2023,12110
Sat Aug 05 2023,12055
Sun Aug 06 2023,12043
Mon Aug 07 2023,12034
Tue Aug 08 2023,12028
Wed Aug 09 2023,12025
Thu Aug 10 2023,11795
Fri Aug 11 2023,11871
Sat Aug 12 2023,11873
Sun Aug 13 2023,11876
Mon Aug 14 2023,11884
Tue Aug 15 2023,11858
Wed Aug 16 2023,11842
Thu Aug 17 2023,11851
Fri Aug 18 2023,11860
Sat Aug 19 2023,11916
Sun Aug 20 2023,11925
Mon Aug 21 2023,11932
Tue Aug 22 2023,11939
Wed Aug 23 2023,11918
Thu Aug 24 2023,11924
Fri Aug 25 2023,11930
Sat Aug 26 2023,11940
Sun Aug 27 2023,11950
Mon Aug 28 2023,11957
Tue Aug 29 2023,11965
Wed Aug 30 2023,11719
Thu Aug 31 2023,11628
Fri Sep 01 2023,11609
Sat Sep 02 2023,11710
Sun Sep 03 2023,11714
Mon Sep 04 2023,11720
Tue Sep 05 2023,11673
Wed Sep 06 2023,11648
Thu Sep 07 2023,11655
Fri Sep 08 2023,11784
Sat Sep 09 2023,11791
Sun Sep 10 2023,11848
Mon Sep 11 2023,11855
Tue Sep 12 2023,11862
Wed Sep 13 2023,11891
Thu Sep 14 2023,11897
Fri Sep 15 2023,11919
Sat Sep 16 2023,11926
Sun Sep 17 2023,11935
Mon Sep 18 2023,11942
Tue Sep 19 2023,11950
Wed Sep 20 2023,11996
Thu Sep 21 2023,12003
Fri Sep 22 2023,11935
Sat Sep 23 2023,11947
Sun Sep 24 2023,11958
Mon Sep 25 2023,11968
Tue Sep 26 2023,12040
Wed Sep 27 2023,12053
Thu Sep 28 2023,12068
Fri Sep 29 2023,12084
Sat Sep 30 2023,12083
Sun Oct 01 2023,12099
Mon Oct 02 2023,12113
Tue Oct 03 2023,12143
Wed Oct 04 2023,12187
Thu Oct 05 2023,12259
Fri Oct 06 2023,12308
Sat Oct 07 2023,12318
Sun Oct 08 2023,12262
Mon Oct 09 2023,12202
Tue Oct 10 2023,12180
Wed Oct 11 2023,12186
Thu Oct 12 2023,12191
Fri Oct 13 2023,12141
Sat Oct 14 2023,12147
Sun Oct 15 2023,12152
Mon Oct 16 2023,12205
Tue Oct 17 2023,12177
Wed Oct 18 2023,12224
Thu Oct 19 2023,12225
Fri Oct 20 2023,12226
Sat Oct 21 2023,12224
Sun Oct 22 2023,12205
Mon Oct 23 2023,12145
Tue Oct 24 2023,12139
Wed Oct 25 2023,12132
Thu Oct 26 2023,12110
Fri Oct 27 2023,12097
Sat Oct 28 2023,12089
Sun Oct 29 2023,11992
Mon Oct 30 2023,11925
Tue Oct 31 2023,11934
Wed Nov 01 2023,11943
Thu Nov 02 2023,12016
Fri Nov 03 2023,12009
Sat Nov 04 2023,12009
Sun Nov 05 2023,12003
Mon Nov 06 2023,12041
Tue Nov 07 2023,11860
Wed Nov 08 2023,11855
Thu Nov 09 2023,11882
Fri Nov 10 2023,11898
Sat Nov 11 2023,11881
Sun Nov 12 2023,11881
Mon Nov 13 2023,11668
Tue Nov 14 2023,11696
Wed Nov 15 2023,11673
Thu Nov 16 2023,11668
Fri Nov 17 2023,11605
Sat Nov 18 2023,11600
Sun Nov 19 2023,11630
Mon Nov 20 2023,11627
Tue Nov 21 2023,11700
Wed Nov 22 2023,11670
Thu Nov 23 2023,11667
Fri Nov 24 2023,11663
Sat Nov 25 2023,11657
Sun Nov 26 2023,11651
Mon Nov 27 2023,11643
Tue Nov 28 2023,11633
Wed Nov 29 2023,11624
Thu Nov 30 2023,11612
Fri Dec 01 2023,11598
Sat Dec 02 2023,11550
Sun Dec 03 2023,11535
Mon Dec 04 2023,11522
Tue Dec 05 2023,11523
Wed Dec 06 2023,11512
Thu Dec 07 2023,11502
Fri Dec 08 2023,11472
Sat Dec 09 2023,11364
Sun Dec 10 2023,11355
Mon Dec 11 2023,11346
Tue Dec 12 2023,11453
Wed Dec 13 2023,11442
Thu Dec 14 2023,11431
Fri Dec 15 2023,11418
Sat Dec 16 2023,11409
Sun Dec 17 2023,11401
Mon Dec 18 2023,11393
Tue Dec 19 2023,11386
Wed Dec 20 2023,11378
Thu Dec 21 2023,11351
Fri Dec 22 2023,11340
Sat Dec 23 2023,11328
Sun Dec 24 2023,11306
Mon Dec 25 2023,11294
Tue Dec 26 2023,11283
Wed Dec 27 2023,11248
Thu Dec 28 2023,11224
Fri Dec 29 2023,11181
Sat Dec 30 2023,11166
Sun Dec 31 2023,11151
Mon Jan 01 2024,11137
Tue Jan 02 2024,11126
Wed Jan 03 2024,11129
Thu Jan 04 2024,11120
Fri Jan 05 2024,11110
Sat Jan 06 2024,11100
Sun Jan 07 2024,11089
Mon Jan 08 2024,11077
Tue Jan 09 2024,11079
Wed Jan 10 2024,11104
Thu Jan 11 2024,11093
Fri Jan 12 2024,11092
Sat Jan 13 2024,11082
Sun Jan 14 2024,11086
Mon Jan 15 2024,11095
Tue Jan 16 2024,11088
Wed Jan 17 2024,11053
Thu Jan 18 2024,11067
Fri Jan 19 2024,11044
Sat Jan 20 2024,11047
Sun Jan 21 2024,11051
Mon Jan 22 2024,11117
Tue Jan 23 2024,11131
Wed Jan 24 2024,11136
Thu Jan 25 2024,11051
Fri Jan 26 2024,11055
Sat Jan 27 2024,11062
Sun Jan 28 2024,11072
Mon Jan 29 2024,11082
Tue Jan 30 2024,11137
Wed Jan 31 2024,11098
Thu Feb 01 2024,11094
Fri Feb 02 2024,11075
Sat Feb 03 2024,11136
Sun Feb 04 2024,11143
Mon Feb 05 2024,11150
Tue Feb 06 2024,11159
Wed Feb 07 2024,11167
Thu Feb 08 2024,11176
Fri Feb 09 2024,11187
Sat Feb 10 2024,11196
Sun Feb 11 2024,11206
Mon Feb 12 2024,11215
Tue Feb 13 2024,11226
Wed Feb 14 2024,11222
Thu Feb 15 2024,11383
Fri Feb 16 2024,11393
Sat Feb 17 2024,11070
Sun Feb 18 2024,11107
Mon Feb 19 2024,11177
Tue Feb 20 2024,11275
Wed Feb 21 2024,11135
Thu Feb 22 2024,11130
Fri Feb 23 2024,11135
Sat Feb 24 2024,11141
Sun Feb 25 2024,11148
Mon Feb 26 2024,11124
Tue Feb 27 2024,10982
Wed Feb 28 2024,11045
Thu Feb 29 2024,11052
Fri Mar 01 2024,11060
Sat Mar 02 2024,11074
Sun Mar 03 2024,11084
Mon Mar 04 2024,11094
Tue Mar 05 2024,11109
Wed Mar 06 2024,11116
Thu Mar 07 2024,11081
Fri Mar 08 2024,11099
Sat Mar 09 2024,11101
Sun Mar 10 2024,11103
Mon Mar 11 2024,11006
Tue Mar 12 2024,11006
Wed Mar 13 2024,11007
Thu Mar 14 2024,10986
Fri Mar 15 2024,10985
Sat Mar 16 2024,11121
Sun Mar 17 2024,10937
Mon Mar 18 2024,10938
Tue Mar 19 2024,10894
Wed Mar 20 2024,10869
Thu Mar 21 2024,10907
Fri Mar 22 2024,11174
Sat Mar 23 2024,11181
Sun Mar 24 2024,11189
Mon Mar 25 2024,11240
Tue Mar 26 2024,11247
Wed Mar 27 2024,11268
Thu Mar 28 2024,11337
Fri Mar 29 2024,11293
Sat Mar 30 2024,11331
Sun Mar 31 2024,11340
Mon Apr 01 2024,11347
Tue Apr 02 2024,11355
Wed Apr 03 2024,11356
Thu Apr 04 2024,11366
Fri Apr 05 2024,11334
Sat Apr 06 2024,11342
Sun Apr 07 2024,11346
Mon Apr 08 2024,11398
Tue Apr 09 2024,11410
Wed Apr 10 2024,11332
Thu Apr 11 2024,11423
Fri Apr 12 2024,11438
Sat Apr 13 2024,11464
Sun Apr 14 2024,11477
Mon Apr 15 2024,11508
Tue Apr 16 2024,11520
Wed Apr 17 2024,11481
Thu Apr 18 2024,11492
Fri Apr 19 2024,11554
Sat Apr 20 2024,11563
Sun Apr 21 2024,11637
Mon Apr 22 2024,11640
Tue Apr 23 2024,11646
Wed Apr 24 2024,11652
Thu Apr 25 2024,11659
Fri Apr 26 2024,11663
Sat Apr 27 2024,11667
Sun Apr 28 2024,11672
Mon Apr 29 2024,11743
Tue Apr 30 2024,11747
Wed May 01 2024,11753
Thu May 02 2024,11760
Fri May 03 2024,11762
Sat May 04 2024,11803
Sun May 05 2024,11803
Mon May 06 2024,11805
Tue May 07 2024,11829
Wed May 08 2024,11823
Thu May 09 2024,11878
Fri May 10 2024,11919
Sat May 11 2024,12033
Sun May 12 2024,12031
Mon May 13 2024,11736
Tue May 14 2024,11733
Wed May 15 2024,11731
Thu May 16 2024,11708
Fri May 17 2024,11703
Sat May 18 2024,11601
Sun May 19 2024,11600
Mon May 20 2024,11601
