date,Rolex 1675 (CHF)
Wed May 22 2019,12786
Thu May 23 2019,12910
Fri May 24 2019,13074
Sat May 25 2019,12992
Sun May 26 2019,12984
Mon May 27 2019,12876
Tue May 28 2019,12869
Wed May 29 2019,12894
Thu May 30 2019,12935
Fri May 31 2019,12930
Sat Jun 01 2019,12624
Sun Jun 02 2019,13015
Mon Jun 03 2019,12904
Tue Jun 04 2019,12997
Wed Jun 05 2019,12987
Thu Jun 06 2019,12976
Fri Jun 07 2019,12702
Sat Jun 08 2019,12690
Sun Jun 09 2019,12677
Mon Jun 10 2019,12183
Tue Jun 11 2019,12264
Wed Jun 12 2019,12256
Thu Jun 13 2019,12250
Fri Jun 14 2019,12245
Sat Jun 15 2019,12428
Sun Jun 16 2019,12617
Mon Jun 17 2019,13116
Tue Jun 18 2019,12457
Wed Jun 19 2019,13127
Thu Jun 20 2019,12723
Fri Jun 21 2019,12911
Sat Jun 22 2019,12898
Sun Jun 23 2019,12904
Mon Jun 24 2019,13391
Tue Jun 25 2019,13553
Wed Jun 26 2019,13649
Thu Jun 27 2019,13637
Fri Jun 28 2019,13624
Sat Jun 29 2019,13610
Sun Jun 30 2019,13595
Mon Jul 01 2019,13583
Tue Jul 02 2019,13489
Wed Jul 03 2019,13483
Thu Jul 04 2019,13478
Fri Jul 05 2019,13475
Sat Jul 06 2019,13438
Sun Jul 07 2019,13438
Mon Jul 08 2019,13439
Tue Jul 09 2019,13801
Wed Jul 10 2019,13905
Thu Jul 11 2019,13766
Fri Jul 12 2019,13764
Sat Jul 13 2019,13724
Sun Jul 14 2019,13917
Mon Jul 15 2019,13904
Tue Jul 16 2019,13872
Wed Jul 17 2019,13867
Thu Jul 18 2019,13862
Fri Jul 19 2019,13873
Sat Jul 20 2019,13866
Sun Jul 21 2019,13986
Mon Jul 22 2019,14017
Tue Jul 23 2019,13717
Wed Jul 24 2019,13721
Thu Jul 25 2019,13726
Fri Jul 26 2019,13928
Sat Jul 27 2019,13935
Sun Jul 28 2019,13943
Mon Jul 29 2019,13939
Tue Jul 30 2019,13988
Wed Jul 31 2019,13995
Thu Aug 01 2019,13850
Fri Aug 02 2019,13853
Sat Aug 03 2019,13853
Sun Aug 04 2019,13851
Mon Aug 05 2019,13888
Tue Aug 06 2019,13928
Wed Aug 07 2019,13843
Thu Aug 08 2019,13835
Fri Aug 09 2019,14054
Sat Aug 10 2019,14045
Sun Aug 11 2019,13939
Mon Aug 12 2019,13864
Tue Aug 13 2019,13855
Wed Aug 14 2019,13850
Thu Aug 15 2019,13760
Fri Aug 16 2019,13755
Sat Aug 17 2019,13751
Sun Aug 18 2019,13650
Mon Aug 19 2019,13648
Tue Aug 20 2019,13648
Wed Aug 21 2019,13699
Thu Aug 22 2019,13753
Fri Aug 23 2019,13752
Sat Aug 24 2019,13728
Sun Aug 25 2019,13721
Mon Aug 26 2019,13713
Tue Aug 27 2019,13801
Wed Aug 28 2019,13794
Thu Aug 29 2019,13414
Fri Aug 30 2019,13656
Sat Aug 31 2019,13513
Sun Sep 01 2019,13511
Mon Sep 02 2019,13514
Tue Sep 03 2019,13545
Wed Sep 04 2019,13375
Thu Sep 05 2019,13379
Fri Sep 06 2019,13320
Sat Sep 07 2019,13326
Sun Sep 08 2019,13331
Mon Sep 09 2019,12783
Tue Sep 10 2019,12341
Wed Sep 11 2019,12349
Thu Sep 12 2019,12705
Fri Sep 13 2019,12714
Sat Sep 14 2019,12720
Sun Sep 15 2019,12264
Mon Sep 16 2019,12268
Tue Sep 17 2019,12368
Wed Sep 18 2019,13014
Thu Sep 19 2019,13052
Fri Sep 20 2019,13058
Sat Sep 21 2019,13063
Sun Sep 22 2019,13067
Mon Sep 23 2019,13071
Tue Sep 24 2019,13078
Wed Sep 25 2019,13085
Thu Sep 26 2019,13089
Fri Sep 27 2019,13095
Sat Sep 28 2019,13047
Sun Sep 29 2019,12745
Mon Sep 30 2019,12709
Tue Oct 01 2019,12682
Wed Oct 02 2019,12685
Thu Oct 03 2019,12470
Fri Oct 04 2019,12209
Sat Oct 05 2019,12214
Sun Oct 06 2019,12029
Mon Oct 07 2019,12304
Tue Oct 08 2019,12882
Wed Oct 09 2019,12885
Thu Oct 10 2019,12656
Fri Oct 11 2019,13123
Sat Oct 12 2019,12192
Sun Oct 13 2019,12226
Mon Oct 14 2019,12231
Tue Oct 15 2019,12752
Wed Oct 16 2019,12726
Thu Oct 17 2019,12472
Fri Oct 18 2019,12471
Sat Oct 19 2019,12443
Sun Oct 20 2019,12570
Mon Oct 21 2019,12407
Tue Oct 22 2019,12407
Wed Oct 23 2019,12460
Thu Oct 24 2019,12460
Fri Oct 25 2019,12461
Sat Oct 26 2019,12072
Sun Oct 27 2019,12196
Mon Oct 28 2019,12349
Tue Oct 29 2019,12494
Wed Oct 30 2019,12496
Thu Oct 31 2019,12642
Fri Nov 01 2019,12638
Sat Nov 02 2019,12781
Sun Nov 03 2019,12775
Mon Nov 04 2019,12771
Tue Nov 05 2019,12267
Wed Nov 06 2019,13139
Thu Nov 07 2019,12227
Fri Nov 08 2019,12227
Sat Nov 09 2019,12280
Sun Nov 10 2019,12281
Mon Nov 11 2019,12269
Tue Nov 12 2019,13244
Wed Nov 13 2019,13243
Thu Nov 14 2019,13056
Fri Nov 15 2019,12982
Sat Nov 16 2019,12979
Sun Nov 17 2019,12979
Mon Nov 18 2019,13301
Tue Nov 19 2019,12393
Wed Nov 20 2019,12396
Thu Nov 21 2019,12398
Fri Nov 22 2019,12400
Sat Nov 23 2019,12214
Sun Nov 24 2019,12216
Mon Nov 25 2019,12218
Tue Nov 26 2019,12219
Wed Nov 27 2019,12204
Thu Nov 28 2019,12205
Fri Nov 29 2019,12294
Sat Nov 30 2019,12297
Sun Dec 01 2019,12133
Mon Dec 02 2019,12139
Tue Dec 03 2019,12143
Wed Dec 04 2019,12924
Thu Dec 05 2019,13062
Fri Dec 06 2019,12524
Sat Dec 07 2019,12522
Sun Dec 08 2019,12521
Mon Dec 09 2019,12519
Tue Dec 10 2019,12515
Wed Dec 11 2019,12629
Thu Dec 12 2019,12640
Fri Dec 13 2019,12636
Sat Dec 14 2019,12612
Sun Dec 15 2019,13282
Mon Dec 16 2019,13161
Tue Dec 17 2019,13191
Wed Dec 18 2019,13253
Thu Dec 19 2019,13249
Fri Dec 20 2019,13148
Sat Dec 21 2019,13143
Sun Dec 22 2019,12907
Mon Dec 23 2019,12901
Tue Dec 24 2019,12799
Wed Dec 25 2019,12550
Thu Dec 26 2019,12543
Fri Dec 27 2019,12503
Sat Dec 28 2019,12037
Sun Dec 29 2019,11356
Mon Dec 30 2019,12169
Tue Dec 31 2019,12157
Wed Jan 01 2020,12143
Thu Jan 02 2020,12132
Fri Jan 03 2020,12124
Sat Jan 04 2020,12117
Sun Jan 05 2020,12146
Mon Jan 06 2020,12139
Tue Jan 07 2020,11783
Wed Jan 08 2020,11775
Thu Jan 09 2020,11768
Fri Jan 10 2020,11763
Sat Jan 11 2020,11758
Sun Jan 12 2020,11419
Mon Jan 13 2020,11927
Tue Jan 14 2020,11932
Wed Jan 15 2020,11926
Thu Jan 16 2020,12427
Fri Jan 17 2020,12248
Sat Jan 18 2020,12242
Sun Jan 19 2020,12237
Mon Jan 20 2020,12301
Tue Jan 21 2020,12295
Wed Jan 22 2020,12289
Thu Jan 23 2020,12358
Fri Jan 24 2020,12352
Sat Jan 25 2020,12348
Sun Jan 26 2020,12123
Mon Jan 27 2020,12095
Tue Jan 28 2020,12093
Wed Jan 29 2020,12091
Thu Jan 30 2020,12093
Fri Jan 31 2020,12022
Sat Feb 01 2020,11969
Sun Feb 02 2020,11967
Mon Feb 03 2020,11963
Tue Feb 04 2020,11960
Wed Feb 05 2020,11959
Thu Feb 06 2020,11915
Fri Feb 07 2020,11494
Sat Feb 08 2020,11496
Sun Feb 09 2020,11380
Mon Feb 10 2020,11382
Tue Feb 11 2020,11383
Wed Feb 12 2020,11385
Thu Feb 13 2020,11416
Fri Feb 14 2020,11420
Sat Feb 15 2020,11406
Sun Feb 16 2020,11507
Mon Feb 17 2020,11514
Tue Feb 18 2020,11519
Wed Feb 19 2020,12047
Thu Feb 20 2020,12054
Fri Feb 21 2020,12130
Sat Feb 22 2020,12137
Sun Feb 23 2020,12315
Mon Feb 24 2020,12175
Tue Feb 25 2020,12178
Wed Feb 26 2020,12181
Thu Feb 27 2020,12102
Fri Feb 28 2020,12164
Sat Feb 29 2020,12161
Sun Mar 01 2020,12158
Mon Mar 02 2020,12157
Tue Mar 03 2020,12142
Wed Mar 04 2020,12153
Thu Mar 05 2020,12149
Fri Mar 06 2020,12142
Sat Mar 07 2020,12114
Sun Mar 08 2020,12098
Mon Mar 09 2020,12073
Tue Mar 10 2020,12119
Wed Mar 11 2020,12152
Thu Mar 12 2020,12134
Fri Mar 13 2020,12162
Sat Mar 14 2020,12291
Sun Mar 15 2020,12291
Mon Mar 16 2020,12381
Tue Mar 17 2020,11514
Wed Mar 18 2020,11508
Thu Mar 19 2020,12244
Fri Mar 20 2020,12242
Sat Mar 21 2020,12242
Sun Mar 22 2020,11451
Mon Mar 23 2020,11453
Tue Mar 24 2020,11456
Wed Mar 25 2020,11456
Thu Mar 26 2020,11456
Fri Mar 27 2020,12208
Sat Mar 28 2020,11443
Sun Mar 29 2020,11434
Mon Mar 30 2020,11456
Tue Mar 31 2020,11174
Wed Apr 01 2020,11173
Thu Apr 02 2020,11176
Fri Apr 03 2020,11015
Sat Apr 04 2020,10985
Sun Apr 05 2020,10996
Mon Apr 06 2020,11051
Tue Apr 07 2020,11452
Wed Apr 08 2020,11469
Thu Apr 09 2020,11549
Fri Apr 10 2020,11611
Sat Apr 11 2020,11565
Sun Apr 12 2020,11576
Mon Apr 13 2020,11583
Tue Apr 14 2020,11582
Wed Apr 15 2020,11507
Thu Apr 16 2020,11505
Fri Apr 17 2020,11568
Sat Apr 18 2020,11570
Sun Apr 19 2020,11511
Mon Apr 20 2020,12412
Tue Apr 21 2020,12792
Wed Apr 22 2020,12732
Thu Apr 23 2020,13421
Fri Apr 24 2020,13185
Sat Apr 25 2020,13544
Sun Apr 26 2020,13283
Mon Apr 27 2020,13635
Tue Apr 28 2020,13550
Wed Apr 29 2020,13561
Thu Apr 30 2020,13487
Fri May 01 2020,13438
Sat May 02 2020,13373
Sun May 03 2020,13629
Mon May 04 2020,13420
Tue May 05 2020,13609
Wed May 06 2020,13241
Thu May 07 2020,13308
Fri May 08 2020,13309
Sat May 09 2020,13309
Sun May 10 2020,13309
Mon May 11 2020,13312
Tue May 12 2020,13315
Wed May 13 2020,13317
Thu May 14 2020,13154
Fri May 15 2020,13533
Sat May 16 2020,13572
Sun May 17 2020,13573
Mon May 18 2020,13608
Tue May 19 2020,13610
Wed May 20 2020,13612
Thu May 21 2020,13612
Fri May 22 2020,13611
Sat May 23 2020,13612
Sun May 24 2020,13610
Mon May 25 2020,13520
Tue May 26 2020,13519
Wed May 27 2020,13467
Thu May 28 2020,13681
Fri May 29 2020,13695
Sat May 30 2020,14075
Sun May 31 2020,14070
Mon Jun 01 2020,14070
Tue Jun 02 2020,14259
Wed Jun 03 2020,14672
Thu Jun 04 2020,14651
Fri Jun 05 2020,14645
Sat Jun 06 2020,14638
Sun Jun 07 2020,14595
Mon Jun 08 2020,14103
Tue Jun 09 2020,14398
Wed Jun 10 2020,14397
Thu Jun 11 2020,14384
Fri Jun 12 2020,14356
Sat Jun 13 2020,12792
Sun Jun 14 2020,12534
Mon Jun 15 2020,12618
Tue Jun 16 2020,12858
Wed Jun 17 2020,12623
Thu Jun 18 2020,12695
Fri Jun 19 2020,12686
Sat Jun 20 2020,13018
Sun Jun 21 2020,12994
Mon Jun 22 2020,13090
Tue Jun 23 2020,13134
Wed Jun 24 2020,12916
Thu Jun 25 2020,12904
Fri Jun 26 2020,12347
Sat Jun 27 2020,11979
Sun Jun 28 2020,11937
Mon Jun 29 2020,13138
Tue Jun 30 2020,13132
Wed Jul 01 2020,13126
Thu Jul 02 2020,13120
Fri Jul 03 2020,12434
Sat Jul 04 2020,12427
Sun Jul 05 2020,13212
Mon Jul 06 2020,13180
Tue Jul 07 2020,13171
Wed Jul 08 2020,13526
Thu Jul 09 2020,13502
Fri Jul 10 2020,13626
Sat Jul 11 2020,13110
Sun Jul 12 2020,13310
Mon Jul 13 2020,13307
Tue Jul 14 2020,13302
Wed Jul 15 2020,13296
Thu Jul 16 2020,13354
Fri Jul 17 2020,13352
Sat Jul 18 2020,13337
Sun Jul 19 2020,13364
Mon Jul 20 2020,13570
Tue Jul 21 2020,13564
Wed Jul 22 2020,13557
Thu Jul 23 2020,13710
Fri Jul 24 2020,13701
Sat Jul 25 2020,13690
Sun Jul 26 2020,13547
Mon Jul 27 2020,13875
Tue Jul 28 2020,13875
Wed Jul 29 2020,13861
Thu Jul 30 2020,13631
Fri Jul 31 2020,13692
Sat Aug 01 2020,13674
Sun Aug 02 2020,13659
Mon Aug 03 2020,13643
Tue Aug 04 2020,13669
Wed Aug 05 2020,13655
Thu Aug 06 2020,13639
Fri Aug 07 2020,13674
Sat Aug 08 2020,13660
Sun Aug 09 2020,13543
Mon Aug 10 2020,13860
Tue Aug 11 2020,13507
Wed Aug 12 2020,13200
Thu Aug 13 2020,13187
Fri Aug 14 2020,13173
Sat Aug 15 2020,13158
Sun Aug 16 2020,13141
Mon Aug 17 2020,13134
Tue Aug 18 2020,13239
Wed Aug 19 2020,13223
Thu Aug 20 2020,13208
Fri Aug 21 2020,13196
Sat Aug 22 2020,13442
Sun Aug 23 2020,13434
Mon Aug 24 2020,13409
Tue Aug 25 2020,13498
Wed Aug 26 2020,13493
Thu Aug 27 2020,13488
Fri Aug 28 2020,13483
Sat Aug 29 2020,13477
Sun Aug 30 2020,13474
Mon Aug 31 2020,13471
Tue Sep 01 2020,13479
Wed Sep 02 2020,13513
Thu Sep 03 2020,13509
Fri Sep 04 2020,13507
Sat Sep 05 2020,13508
Sun Sep 06 2020,13848
Mon Sep 07 2020,13847
Tue Sep 08 2020,13849
Wed Sep 09 2020,13819
Thu Sep 10 2020,13819
Fri Sep 11 2020,13817
Sat Sep 12 2020,13378
Sun Sep 13 2020,13343
Mon Sep 14 2020,13343
Tue Sep 15 2020,13401
Wed Sep 16 2020,13400
Thu Sep 17 2020,13400
Fri Sep 18 2020,13403
Sat Sep 19 2020,13404
Sun Sep 20 2020,13313
Mon Sep 21 2020,13313
Tue Sep 22 2020,13315
Wed Sep 23 2020,13229
Thu Sep 24 2020,13235
Fri Sep 25 2020,13333
Sat Sep 26 2020,13460
Sun Sep 27 2020,13191
Mon Sep 28 2020,13238
Tue Sep 29 2020,13248
Wed Sep 30 2020,13256
Thu Oct 01 2020,13265
Fri Oct 02 2020,13657
Sat Oct 03 2020,13657
Sun Oct 04 2020,13498
Mon Oct 05 2020,13493
Tue Oct 06 2020,13536
Wed Oct 07 2020,13387
Thu Oct 08 2020,13413
Fri Oct 09 2020,13413
Sat Oct 10 2020,13393
Sun Oct 11 2020,13393
Mon Oct 12 2020,13393
Tue Oct 13 2020,13252
Wed Oct 14 2020,13342
Thu Oct 15 2020,13428
Fri Oct 16 2020,13713
Sat Oct 17 2020,13825
Sun Oct 18 2020,14132
Mon Oct 19 2020,14134
Tue Oct 20 2020,14215
Wed Oct 21 2020,14323
Thu Oct 22 2020,14468
Fri Oct 23 2020,14019
Sat Oct 24 2020,14011
Sun Oct 25 2020,14309
Mon Oct 26 2020,14030
Tue Oct 27 2020,14080
Wed Oct 28 2020,14457
Thu Oct 29 2020,14510
Fri Oct 30 2020,14287
Sat Oct 31 2020,14227
Sun Nov 01 2020,14226
Mon Nov 02 2020,14192
Tue Nov 03 2020,14146
Wed Nov 04 2020,14066
Thu Nov 05 2020,15009
Fri Nov 06 2020,14929
Sat Nov 07 2020,14015
Sun Nov 08 2020,14732
Mon Nov 09 2020,14710
Tue Nov 10 2020,14306
Wed Nov 11 2020,14318
Thu Nov 12 2020,14491
Fri Nov 13 2020,14290
Sat Nov 14 2020,14260
Sun Nov 15 2020,14857
Mon Nov 16 2020,13858
Tue Nov 17 2020,13746
Wed Nov 18 2020,13756
Thu Nov 19 2020,13733
Fri Nov 20 2020,13807
Sat Nov 21 2020,15677
Sun Nov 22 2020,15189
Mon Nov 23 2020,14558
Tue Nov 24 2020,13999
Wed Nov 25 2020,13626
Thu Nov 26 2020,14412
Fri Nov 27 2020,14346
Sat Nov 28 2020,14265
Sun Nov 29 2020,14110
Mon Nov 30 2020,14144
Tue Dec 01 2020,14411
Wed Dec 02 2020,14270
Thu Dec 03 2020,14407
Fri Dec 04 2020,14394
Sat Dec 05 2020,14382
Sun Dec 06 2020,14374
Mon Dec 07 2020,14451
Tue Dec 08 2020,14501
Wed Dec 09 2020,14608
Thu Dec 10 2020,14745
Fri Dec 11 2020,15049
Sat Dec 12 2020,14836
Sun Dec 13 2020,14901
Mon Dec 14 2020,14846
Tue Dec 15 2020,14807
Wed Dec 16 2020,14582
Thu Dec 17 2020,15294
Fri Dec 18 2020,15767
Sat Dec 19 2020,15833
Sun Dec 20 2020,15816
Mon Dec 21 2020,15907
Tue Dec 22 2020,15681
Wed Dec 23 2020,16005
Thu Dec 24 2020,15862
Fri Dec 25 2020,15334
Sat Dec 26 2020,15323
Sun Dec 27 2020,15469
Mon Dec 28 2020,15462
Tue Dec 29 2020,15418
Wed Dec 30 2020,15844
Thu Dec 31 2020,15765
Fri Jan 01 2021,15745
Sat Jan 02 2021,16134
Sun Jan 03 2021,15758
Mon Jan 04 2021,15576
Tue Jan 05 2021,15571
Wed Jan 06 2021,15573
Thu Jan 07 2021,15935
Fri Jan 08 2021,15596
Sat Jan 09 2021,15698
Sun Jan 10 2021,15600
Mon Jan 11 2021,15332
Tue Jan 12 2021,15239
Wed Jan 13 2021,14937
Thu Jan 14 2021,14607
Fri Jan 15 2021,14648
Sat Jan 16 2021,14618
Sun Jan 17 2021,15685
Mon Jan 18 2021,15734
Tue Jan 19 2021,15726
Wed Jan 20 2021,15397
Thu Jan 21 2021,15328
Fri Jan 22 2021,15372
Sat Jan 23 2021,15146
Sun Jan 24 2021,14984
Mon Jan 25 2021,15168
Tue Jan 26 2021,15166
Wed Jan 27 2021,14428
Thu Jan 28 2021,15074
Fri Jan 29 2021,15105
Sat Jan 30 2021,15672
Sun Jan 31 2021,15017
Mon Feb 01 2021,15196
Tue Feb 02 2021,14839
Wed Feb 03 2021,14947
Thu Feb 04 2021,15444
Fri Feb 05 2021,15605
Sat Feb 06 2021,15773
Sun Feb 07 2021,15903
Mon Feb 08 2021,16409
Tue Feb 09 2021,17181
Wed Feb 10 2021,17333
Thu Feb 11 2021,17973
Fri Feb 12 2021,18071
Sat Feb 13 2021,18114
Sun Feb 14 2021,17561
Mon Feb 15 2021,17563
Tue Feb 16 2021,17519
Wed Feb 17 2021,17307
Thu Feb 18 2021,17154
Fri Feb 19 2021,16576
Sat Feb 20 2021,15916
Sun Feb 21 2021,15921
Mon Feb 22 2021,15928
Tue Feb 23 2021,15909
Wed Feb 24 2021,15844
Thu Feb 25 2021,15569
Fri Feb 26 2021,15989
Sat Feb 27 2021,16016
Sun Feb 28 2021,15824
Mon Mar 01 2021,16325
Tue Mar 02 2021,15616
Wed Mar 03 2021,15459
Thu Mar 04 2021,15000
Fri Mar 05 2021,14622
Sat Mar 06 2021,14670
Sun Mar 07 2021,14800
Mon Mar 08 2021,14815
Tue Mar 09 2021,14940
Wed Mar 10 2021,15295
Thu Mar 11 2021,14644
Fri Mar 12 2021,14906
Sat Mar 13 2021,14446
Sun Mar 14 2021,14877
Mon Mar 15 2021,14983
Tue Mar 16 2021,14872
Wed Mar 17 2021,14704
Thu Mar 18 2021,14932
Fri Mar 19 2021,14810
Sat Mar 20 2021,14949
Sun Mar 21 2021,15100
Mon Mar 22 2021,15056
Tue Mar 23 2021,15153
Wed Mar 24 2021,15157
Thu Mar 25 2021,16189
Fri Mar 26 2021,15540
Sat Mar 27 2021,15671
Sun Mar 28 2021,16731
Mon Mar 29 2021,16194
Tue Mar 30 2021,16055
Wed Mar 31 2021,16239
Thu Apr 01 2021,16308
Fri Apr 02 2021,16373
Sat Apr 03 2021,16484
Sun Apr 04 2021,16805
Mon Apr 05 2021,16633
Tue Apr 06 2021,16812
Wed Apr 07 2021,16971
Thu Apr 08 2021,16953
Fri Apr 09 2021,17052
Sat Apr 10 2021,16797
Sun Apr 11 2021,16499
Mon Apr 12 2021,16396
Tue Apr 13 2021,16815
Wed Apr 14 2021,16792
Thu Apr 15 2021,16726
Fri Apr 16 2021,16591
Sat Apr 17 2021,16629
Sun Apr 18 2021,16439
Mon Apr 19 2021,16627
Tue Apr 20 2021,16517
Wed Apr 21 2021,16521
Thu Apr 22 2021,16638
Fri Apr 23 2021,16665
Sat Apr 24 2021,16594
Sun Apr 25 2021,16434
Mon Apr 26 2021,16419
Tue Apr 27 2021,16524
Wed Apr 28 2021,16376
Thu Apr 29 2021,15871
Fri Apr 30 2021,15925
Sat May 01 2021,16114
Sun May 02 2021,16157
Mon May 03 2021,16140
Tue May 04 2021,16070
Wed May 05 2021,15559
Thu May 06 2021,16087
Fri May 07 2021,16629
Sat May 08 2021,16596
Sun May 09 2021,16580
Mon May 10 2021,16565
Tue May 11 2021,16494
Wed May 12 2021,16127
Thu May 13 2021,16221
Fri May 14 2021,16210
Sat May 15 2021,16148
Sun May 16 2021,16263
Mon May 17 2021,16550
Tue May 18 2021,16430
Wed May 19 2021,16504
Thu May 20 2021,16254
Fri May 21 2021,15827
Sat May 22 2021,16623
Sun May 23 2021,16612
Mon May 24 2021,16216
Tue May 25 2021,16206
Wed May 26 2021,16142
Thu May 27 2021,16059
Fri May 28 2021,16443
Sat May 29 2021,17206
Sun May 30 2021,17066
Mon May 31 2021,17059
Tue Jun 01 2021,17168
Wed Jun 02 2021,17049
Thu Jun 03 2021,16833
Fri Jun 04 2021,16723
Sat Jun 05 2021,16339
Sun Jun 06 2021,17033
Mon Jun 07 2021,17084
Tue Jun 08 2021,16398
Wed Jun 09 2021,17001
Thu Jun 10 2021,17288
Fri Jun 11 2021,17194
Sat Jun 12 2021,16631
Sun Jun 13 2021,16459
Mon Jun 14 2021,16791
Tue Jun 15 2021,16633
Wed Jun 16 2021,16686
Thu Jun 17 2021,17000
Fri Jun 18 2021,16923
Sat Jun 19 2021,16541
Sun Jun 20 2021,16595
Mon Jun 21 2021,16651
Tue Jun 22 2021,16379
Wed Jun 23 2021,16569
Thu Jun 24 2021,16628
Fri Jun 25 2021,16636
Sat Jun 26 2021,16670
Sun Jun 27 2021,16760
Mon Jun 28 2021,16402
Tue Jun 29 2021,16945
Wed Jun 30 2021,16349
Thu Jul 01 2021,16292
Fri Jul 02 2021,16133
Sat Jul 03 2021,16225
Sun Jul 04 2021,16154
Mon Jul 05 2021,16016
Tue Jul 06 2021,15798
Wed Jul 07 2021,15716
Thu Jul 08 2021,15741
Fri Jul 09 2021,15688
Sat Jul 10 2021,15518
Sun Jul 11 2021,15409
Mon Jul 12 2021,15975
Tue Jul 13 2021,15408
Wed Jul 14 2021,16360
Thu Jul 15 2021,16242
Fri Jul 16 2021,15411
Sat Jul 17 2021,15708
Sun Jul 18 2021,15046
Mon Jul 19 2021,15289
Tue Jul 20 2021,16190
Wed Jul 21 2021,15764
Thu Jul 22 2021,16303
Fri Jul 23 2021,16020
Sat Jul 24 2021,15939
Sun Jul 25 2021,16058
Mon Jul 26 2021,16089
Tue Jul 27 2021,16098
Wed Jul 28 2021,16084
Thu Jul 29 2021,15987
Fri Jul 30 2021,16104
Sat Jul 31 2021,16209
Sun Aug 01 2021,16156
Mon Aug 02 2021,16205
Tue Aug 03 2021,16162
Wed Aug 04 2021,16079
Thu Aug 05 2021,16329
Fri Aug 06 2021,16527
Sat Aug 07 2021,15937
Sun Aug 08 2021,15584
Mon Aug 09 2021,15568
Tue Aug 10 2021,15561
Wed Aug 11 2021,15741
Thu Aug 12 2021,16036
Fri Aug 13 2021,16065
Sat Aug 14 2021,16398
Sun Aug 15 2021,16232
Mon Aug 16 2021,15996
Tue Aug 17 2021,16070
Wed Aug 18 2021,15901
Thu Aug 19 2021,15366
Fri Aug 20 2021,15504
Sat Aug 21 2021,15157
Sun Aug 22 2021,15150
Mon Aug 23 2021,15470
Tue Aug 24 2021,15314
Wed Aug 25 2021,14971
Thu Aug 26 2021,14881
Fri Aug 27 2021,15040
Sat Aug 28 2021,15122
Sun Aug 29 2021,14800
Mon Aug 30 2021,14825
Tue Aug 31 2021,14847
Wed Sep 01 2021,14715
Thu Sep 02 2021,16305
Fri Sep 03 2021,16126
Sat Sep 04 2021,15873
Sun Sep 05 2021,16229
Mon Sep 06 2021,16162
Tue Sep 07 2021,15947
Wed Sep 08 2021,15965
Thu Sep 09 2021,16053
Fri Sep 10 2021,16018
Sat Sep 11 2021,16192
Sun Sep 12 2021,15943
Mon Sep 13 2021,15942
Tue Sep 14 2021,16017
Wed Sep 15 2021,15803
Thu Sep 16 2021,15026
Fri Sep 17 2021,14734
Sat Sep 18 2021,14873
Sun Sep 19 2021,15489
Mon Sep 20 2021,15171
Tue Sep 21 2021,15485
Wed Sep 22 2021,15549
Thu Sep 23 2021,15663
Fri Sep 24 2021,15850
Sat Sep 25 2021,15707
Sun Sep 26 2021,16421
Mon Sep 27 2021,16290
Tue Sep 28 2021,16516
Wed Sep 29 2021,15984
Thu Sep 30 2021,16432
Fri Oct 01 2021,16343
Sat Oct 02 2021,15966
Sun Oct 03 2021,15959
Mon Oct 04 2021,15966
Tue Oct 05 2021,15892
Wed Oct 06 2021,15585
Thu Oct 07 2021,15653
Fri Oct 08 2021,15555
Sat Oct 09 2021,15820
Sun Oct 10 2021,15962
Mon Oct 11 2021,15970
Tue Oct 12 2021,15976
Wed Oct 13 2021,15799
Thu Oct 14 2021,15868
Fri Oct 15 2021,15574
Sat Oct 16 2021,15475
Sun Oct 17 2021,15622
Mon Oct 18 2021,15573
Tue Oct 19 2021,15573
Wed Oct 20 2021,15560
Thu Oct 21 2021,15527
Fri Oct 22 2021,15752
Sat Oct 23 2021,15605
Sun Oct 24 2021,15634
Mon Oct 25 2021,15736
Tue Oct 26 2021,15752
Wed Oct 27 2021,15774
Thu Oct 28 2021,15604
Fri Oct 29 2021,15661
Sat Oct 30 2021,15870
Sun Oct 31 2021,15841
Mon Nov 01 2021,16123
Tue Nov 02 2021,16344
Wed Nov 03 2021,16495
Thu Nov 04 2021,16776
Fri Nov 05 2021,16502
Sat Nov 06 2021,16916
Sun Nov 07 2021,17029
Mon Nov 08 2021,17145
Tue Nov 09 2021,17050
Wed Nov 10 2021,16854
Thu Nov 11 2021,16565
Fri Nov 12 2021,16695
Sat Nov 13 2021,16540
Sun Nov 14 2021,16386
Mon Nov 15 2021,16762
Tue Nov 16 2021,16806
Wed Nov 17 2021,16810
Thu Nov 18 2021,16904
Fri Nov 19 2021,17325
Sat Nov 20 2021,17285
Sun Nov 21 2021,16908
Mon Nov 22 2021,16561
Tue Nov 23 2021,16534
Wed Nov 24 2021,16652
Thu Nov 25 2021,16895
Fri Nov 26 2021,16999
Sat Nov 27 2021,17144
Sun Nov 28 2021,16978
Mon Nov 29 2021,16189
Tue Nov 30 2021,16109
Wed Dec 01 2021,16526
Thu Dec 02 2021,16976
Fri Dec 03 2021,16480
Sat Dec 04 2021,16365
Sun Dec 05 2021,16449
Mon Dec 06 2021,16393
Tue Dec 07 2021,16157
Wed Dec 08 2021,16264
Thu Dec 09 2021,15925
Fri Dec 10 2021,16309
Sat Dec 11 2021,16510
Sun Dec 12 2021,16314
Mon Dec 13 2021,16451
Tue Dec 14 2021,16605
Wed Dec 15 2021,16708
Thu Dec 16 2021,16988
Fri Dec 17 2021,16947
Sat Dec 18 2021,16849
Sun Dec 19 2021,16767
Mon Dec 20 2021,16632
Tue Dec 21 2021,16341
Wed Dec 22 2021,16610
Thu Dec 23 2021,16412
Fri Dec 24 2021,15722
Sat Dec 25 2021,15536
Sun Dec 26 2021,15528
Mon Dec 27 2021,15524
Tue Dec 28 2021,15474
Wed Dec 29 2021,15526
Thu Dec 30 2021,16178
Fri Dec 31 2021,16120
Sat Jan 01 2022,15441
Sun Jan 02 2022,15499
Mon Jan 03 2022,15635
Tue Jan 04 2022,15442
Wed Jan 05 2022,16239
Thu Jan 06 2022,16436
Fri Jan 07 2022,16349
Sat Jan 08 2022,16292
Sun Jan 09 2022,16317
Mon Jan 10 2022,16324
Tue Jan 11 2022,16332
Wed Jan 12 2022,16228
Thu Jan 13 2022,17418
Fri Jan 14 2022,17359
Sat Jan 15 2022,16613
Sun Jan 16 2022,16608
Mon Jan 17 2022,16249
Tue Jan 18 2022,16059
Wed Jan 19 2022,16082
Thu Jan 20 2022,16007
Fri Jan 21 2022,16017
Sat Jan 22 2022,16131
Sun Jan 23 2022,15992
Mon Jan 24 2022,16034
Tue Jan 25 2022,16324
Wed Jan 26 2022,16117
Thu Jan 27 2022,16276
Fri Jan 28 2022,16283
Sat Jan 29 2022,16437
Sun Jan 30 2022,16225
Mon Jan 31 2022,16199
Tue Feb 01 2022,16242
Wed Feb 02 2022,16082
Thu Feb 03 2022,15990
Fri Feb 04 2022,15911
Sat Feb 05 2022,15937
Sun Feb 06 2022,15870
Mon Feb 07 2022,15868
Tue Feb 08 2022,15871
Wed Feb 09 2022,16104
Thu Feb 10 2022,15744
Fri Feb 11 2022,16704
Sat Feb 12 2022,16083
Sun Feb 13 2022,16678
Mon Feb 14 2022,15842
Tue Feb 15 2022,16016
Wed Feb 16 2022,15870
Thu Feb 17 2022,15884
Fri Feb 18 2022,15930
Sat Feb 19 2022,16307
Sun Feb 20 2022,16435
Mon Feb 21 2022,16295
Tue Feb 22 2022,16127
Wed Feb 23 2022,15539
Thu Feb 24 2022,15101
Fri Feb 25 2022,15173
Sat Feb 26 2022,15240
Sun Feb 27 2022,15238
Mon Feb 28 2022,15019
Tue Mar 01 2022,15643
Wed Mar 02 2022,15673
Thu Mar 03 2022,15171
Fri Mar 04 2022,15421
Sat Mar 05 2022,15420
Sun Mar 06 2022,15255
Mon Mar 07 2022,15543
Tue Mar 08 2022,15848
Wed Mar 09 2022,16226
Thu Mar 10 2022,15759
Fri Mar 11 2022,15116
Sat Mar 12 2022,15306
Sun Mar 13 2022,15355
Mon Mar 14 2022,15101
Tue Mar 15 2022,15431
Wed Mar 16 2022,15133
Thu Mar 17 2022,15040
Fri Mar 18 2022,15191
Sat Mar 19 2022,15182
Sun Mar 20 2022,15543
Mon Mar 21 2022,15192
Tue Mar 22 2022,15637
Wed Mar 23 2022,15433
Thu Mar 24 2022,15735
Fri Mar 25 2022,16110
Sat Mar 26 2022,16458
Sun Mar 27 2022,17113
Mon Mar 28 2022,17140
Tue Mar 29 2022,17331
Wed Mar 30 2022,17725
Thu Mar 31 2022,17624
Fri Apr 01 2022,18052
Sat Apr 02 2022,17789
Sun Apr 03 2022,17968
Mon Apr 04 2022,18002
Tue Apr 05 2022,18018
Wed Apr 06 2022,18133
Thu Apr 07 2022,17981
Fri Apr 08 2022,18054
Sat Apr 09 2022,17673
Sun Apr 10 2022,18208
Mon Apr 11 2022,17801
Tue Apr 12 2022,17453
Wed Apr 13 2022,17412
Thu Apr 14 2022,17665
Fri Apr 15 2022,17537
Sat Apr 16 2022,17703
Sun Apr 17 2022,17706
Mon Apr 18 2022,17570
Tue Apr 19 2022,17486
Wed Apr 20 2022,17406
Thu Apr 21 2022,17688
Fri Apr 22 2022,17616
Sat Apr 23 2022,17678
Sun Apr 24 2022,17711
Mon Apr 25 2022,17596
Tue Apr 26 2022,17218
Wed Apr 27 2022,17195
Thu Apr 28 2022,17104
Fri Apr 29 2022,16840
Sat Apr 30 2022,16789
Sun May 01 2022,16643
Mon May 02 2022,16765
Tue May 03 2022,16933
Wed May 04 2022,16950
Thu May 05 2022,17058
Fri May 06 2022,17064
Sat May 07 2022,17140
Sun May 08 2022,17113
Mon May 09 2022,17148
Tue May 10 2022,17340
Wed May 11 2022,17056
Thu May 12 2022,17211
Fri May 13 2022,17096
Sat May 14 2022,16789
Sun May 15 2022,17348
Mon May 16 2022,17160
Tue May 17 2022,16844
Wed May 18 2022,17617
Thu May 19 2022,17571
Fri May 20 2022,17626
Sat May 21 2022,17829
Sun May 22 2022,17969
Mon May 23 2022,17714
Tue May 24 2022,17659
Wed May 25 2022,18224
Thu May 26 2022,18165
Fri May 27 2022,17329
Sat May 28 2022,17225
Sun May 29 2022,18221
Mon May 30 2022,18248
Tue May 31 2022,18543
Wed Jun 01 2022,17809
Thu Jun 02 2022,18154
Fri Jun 03 2022,18114
Sat Jun 04 2022,17801
Sun Jun 05 2022,17572
Mon Jun 06 2022,17417
Tue Jun 07 2022,17523
Wed Jun 08 2022,17913
Thu Jun 09 2022,17636
Fri Jun 10 2022,17884
Sat Jun 11 2022,17900
Sun Jun 12 2022,17894
Mon Jun 13 2022,17939
Tue Jun 14 2022,17994
Wed Jun 15 2022,19125
Thu Jun 16 2022,19227
Fri Jun 17 2022,18667
Sat Jun 18 2022,18006
Sun Jun 19 2022,18023
Mon Jun 20 2022,18020
Tue Jun 21 2022,17950
Wed Jun 22 2022,18142
Thu Jun 23 2022,17622
Fri Jun 24 2022,17745
Sat Jun 25 2022,18197
Sun Jun 26 2022,18013
Mon Jun 27 2022,18139
Tue Jun 28 2022,17843
Wed Jun 29 2022,17885
Thu Jun 30 2022,17466
Fri Jul 01 2022,17444
Sat Jul 02 2022,17763
Sun Jul 03 2022,17762
Mon Jul 04 2022,16812
Tue Jul 05 2022,16748
Wed Jul 06 2022,17160
Thu Jul 07 2022,17547
Fri Jul 08 2022,17849
Sat Jul 09 2022,17774
Sun Jul 10 2022,17437
Mon Jul 11 2022,17061
Tue Jul 12 2022,16766
Wed Jul 13 2022,16773
Thu Jul 14 2022,17128
Fri Jul 15 2022,16644
Sat Jul 16 2022,16659
Sun Jul 17 2022,16600
Mon Jul 18 2022,16475
Tue Jul 19 2022,16238
Wed Jul 20 2022,16082
Thu Jul 21 2022,16110
Fri Jul 22 2022,16430
Sat Jul 23 2022,16347
Sun Jul 24 2022,16368
Mon Jul 25 2022,16012
Tue Jul 26 2022,15839
Wed Jul 27 2022,15842
Thu Jul 28 2022,16028
Fri Jul 29 2022,15995
Sat Jul 30 2022,15654
Sun Jul 31 2022,15520
Mon Aug 01 2022,15612
Tue Aug 02 2022,15238
Wed Aug 03 2022,15184
Thu Aug 04 2022,15353
Fri Aug 05 2022,15493
Sat Aug 06 2022,15487
Sun Aug 07 2022,15116
Mon Aug 08 2022,14953
Tue Aug 09 2022,14895
Wed Aug 10 2022,15102
Thu Aug 11 2022,15981
Fri Aug 12 2022,15508
Sat Aug 13 2022,15831
Sun Aug 14 2022,15570
Mon Aug 15 2022,14705
Tue Aug 16 2022,14664
Wed Aug 17 2022,14458
Thu Aug 18 2022,14536
Fri Aug 19 2022,14521
Sat Aug 20 2022,14688
Sun Aug 21 2022,14579
Mon Aug 22 2022,14487
Tue Aug 23 2022,14502
Wed Aug 24 2022,14497
Thu Aug 25 2022,14521
Fri Aug 26 2022,14678
Sat Aug 27 2022,14679
Sun Aug 28 2022,14101
Mon Aug 29 2022,14427
Tue Aug 30 2022,14405
Wed Aug 31 2022,14727
Thu Sep 01 2022,15176
Fri Sep 02 2022,15326
Sat Sep 03 2022,14488
Sun Sep 04 2022,15599
Mon Sep 05 2022,15236
Tue Sep 06 2022,15374
Wed Sep 07 2022,15330
Thu Sep 08 2022,15273
Fri Sep 09 2022,15255
Sat Sep 10 2022,15539
Sun Sep 11 2022,15548
Mon Sep 12 2022,16122
Tue Sep 13 2022,15889
Wed Sep 14 2022,15252
Thu Sep 15 2022,15308
Fri Sep 16 2022,15178
Sat Sep 17 2022,15390
Sun Sep 18 2022,15329
Mon Sep 19 2022,15434
Tue Sep 20 2022,15333
Wed Sep 21 2022,15535
Thu Sep 22 2022,15575
Fri Sep 23 2022,15487
Sat Sep 24 2022,16306
Sun Sep 25 2022,16422
Mon Sep 26 2022,16431
Tue Sep 27 2022,16691
Wed Sep 28 2022,16736
Thu Sep 29 2022,16745
Fri Sep 30 2022,16175
Sat Oct 01 2022,17646
Sun Oct 02 2022,17707
Mon Oct 03 2022,17279
Tue Oct 04 2022,16473
Wed Oct 05 2022,16514
Thu Oct 06 2022,17066
Fri Oct 07 2022,16533
Sat Oct 08 2022,16484
Sun Oct 09 2022,16496
Mon Oct 10 2022,16952
Tue Oct 11 2022,16804
Wed Oct 12 2022,17133
Thu Oct 13 2022,16581
Fri Oct 14 2022,16505
Sat Oct 15 2022,16447
Sun Oct 16 2022,16470
Mon Oct 17 2022,16534
Tue Oct 18 2022,16673
Wed Oct 19 2022,16820
Thu Oct 20 2022,16712
Fri Oct 21 2022,16497
Sat Oct 22 2022,16878
Sun Oct 23 2022,16652
Mon Oct 24 2022,16514
Tue Oct 25 2022,16502
Wed Oct 26 2022,16424
Thu Oct 27 2022,16514
Fri Oct 28 2022,16597
Sat Oct 29 2022,16602
Sun Oct 30 2022,16650
Mon Oct 31 2022,16515
Tue Nov 01 2022,16134
Wed Nov 02 2022,16139
Thu Nov 03 2022,16585
Fri Nov 04 2022,17798
Sat Nov 05 2022,17966
Sun Nov 06 2022,17960
Mon Nov 07 2022,17348
Tue Nov 08 2022,16914
Wed Nov 09 2022,16972
Thu Nov 10 2022,17635
Fri Nov 11 2022,17630
Sat Nov 12 2022,17884
Sun Nov 13 2022,17924
Mon Nov 14 2022,18250
Tue Nov 15 2022,17424
Wed Nov 16 2022,17526
Thu Nov 17 2022,17300
Fri Nov 18 2022,17987
Sat Nov 19 2022,18033
Sun Nov 20 2022,17707
Mon Nov 21 2022,17144
Tue Nov 22 2022,17028
Wed Nov 23 2022,16448
Thu Nov 24 2022,16678
Fri Nov 25 2022,16651
Sat Nov 26 2022,16842
Sun Nov 27 2022,16765
Mon Nov 28 2022,16459
Tue Nov 29 2022,16433
Wed Nov 30 2022,15968
Thu Dec 01 2022,15702
Fri Dec 02 2022,15735
Sat Dec 03 2022,15873
Sun Dec 04 2022,15794
Mon Dec 05 2022,15656
Tue Dec 06 2022,15660
Wed Dec 07 2022,15782
Thu Dec 08 2022,15932
Fri Dec 09 2022,15816
Sat Dec 10 2022,15513
Sun Dec 11 2022,15490
Mon Dec 12 2022,15449
Tue Dec 13 2022,15407
Wed Dec 14 2022,15012
Thu Dec 15 2022,14917
Fri Dec 16 2022,15305
Sat Dec 17 2022,15083
Sun Dec 18 2022,15028
Mon Dec 19 2022,15024
Tue Dec 20 2022,15012
Wed Dec 21 2022,15006
Thu Dec 22 2022,15092
Fri Dec 23 2022,15402
Sat Dec 24 2022,15779
Sun Dec 25 2022,15774
Mon Dec 26 2022,15931
Tue Dec 27 2022,15896
Wed Dec 28 2022,15844
Thu Dec 29 2022,15868
Fri Dec 30 2022,16480
Sat Dec 31 2022,17109
Sun Jan 01 2023,16448
Mon Jan 02 2023,16935
Tue Jan 03 2023,15428
Wed Jan 04 2023,15527
Thu Jan 05 2023,15555
Fri Jan 06 2023,15081
Sat Jan 07 2023,14843
Sun Jan 08 2023,15176
Mon Jan 09 2023,15606
Tue Jan 10 2023,15575
Wed Jan 11 2023,14929
Thu Jan 12 2023,15862
Fri Jan 13 2023,15900
Sat Jan 14 2023,15258
Sun Jan 15 2023,15258
Mon Jan 16 2023,14787
Tue Jan 17 2023,16001
Wed Jan 18 2023,15163
Thu Jan 19 2023,14628
Fri Jan 20 2023,14943
Sat Jan 21 2023,14428
Sun Jan 22 2023,14159
Mon Jan 23 2023,15211
Tue Jan 24 2023,15063
Wed Jan 25 2023,15041
Thu Jan 26 2023,15054
Fri Jan 27 2023,15068
Sat Jan 28 2023,14894
Sun Jan 29 2023,14821
Mon Jan 30 2023,14938
Tue Jan 31 2023,14819
Wed Feb 01 2023,15010
Thu Feb 02 2023,15091
Fri Feb 03 2023,15008
Sat Feb 04 2023,15794
Sun Feb 05 2023,16039
Mon Feb 06 2023,16106
Tue Feb 07 2023,16106
Wed Feb 08 2023,15994
Thu Feb 09 2023,15753
Fri Feb 10 2023,16027
Sat Feb 11 2023,15995
Sun Feb 12 2023,15757
Mon Feb 13 2023,15470
Tue Feb 14 2023,15476
Wed Feb 15 2023,15448
Thu Feb 16 2023,15691
Fri Feb 17 2023,15656
Sat Feb 18 2023,15604
Sun Feb 19 2023,15459
Mon Feb 20 2023,15374
Tue Feb 21 2023,15615
Wed Feb 22 2023,15585
Thu Feb 23 2023,15163
Fri Feb 24 2023,14707
Sat Feb 25 2023,14764
Sun Feb 26 2023,14698
Mon Feb 27 2023,14515
Tue Feb 28 2023,14569
Wed Mar 01 2023,14586
Thu Mar 02 2023,14983
Fri Mar 03 2023,14818
Sat Mar 04 2023,14830
Sun Mar 05 2023,14780
Mon Mar 06 2023,14821
Tue Mar 07 2023,14673
Wed Mar 08 2023,14666
Thu Mar 09 2023,14674
Fri Mar 10 2023,14733
Sat Mar 11 2023,14598
Sun Mar 12 2023,15040
Mon Mar 13 2023,14826
Tue Mar 14 2023,14364
Wed Mar 15 2023,14375
Thu Mar 16 2023,14872
Fri Mar 17 2023,14878
Sat Mar 18 2023,14576
Sun Mar 19 2023,14245
Mon Mar 20 2023,14135
Tue Mar 21 2023,13930
Wed Mar 22 2023,14012
Thu Mar 23 2023,13861
Fri Mar 24 2023,14047
Sat Mar 25 2023,13940
Sun Mar 26 2023,13566
Mon Mar 27 2023,13589
Tue Mar 28 2023,13793
Wed Mar 29 2023,13782
Thu Mar 30 2023,14071
Fri Mar 31 2023,14272
Sat Apr 01 2023,14339
Sun Apr 02 2023,14557
Mon Apr 03 2023,14155
Tue Apr 04 2023,14413
Wed Apr 05 2023,14336
Thu Apr 06 2023,14539
Fri Apr 07 2023,14528
Sat Apr 08 2023,14521
Sun Apr 09 2023,14570
Mon Apr 10 2023,14691
Tue Apr 11 2023,14425
Wed Apr 12 2023,14690
Thu Apr 13 2023,14341
Fri Apr 14 2023,14329
Sat Apr 15 2023,14385
Sun Apr 16 2023,14674
Mon Apr 17 2023,14215
Tue Apr 18 2023,13793
Wed Apr 19 2023,13989
Thu Apr 20 2023,14445
Fri Apr 21 2023,14129
Sat Apr 22 2023,14180
Sun Apr 23 2023,14011
Mon Apr 24 2023,14019
Tue Apr 25 2023,13971
Wed Apr 26 2023,13897
Thu Apr 27 2023,13948
Fri Apr 28 2023,13797
Sat Apr 29 2023,13947
Sun Apr 30 2023,13944
Mon May 01 2023,13978
Tue May 02 2023,13823
Wed May 03 2023,13818
Thu May 04 2023,14268
Fri May 05 2023,13583
Sat May 06 2023,13704
Sun May 07 2023,13638
Mon May 08 2023,13420
Tue May 09 2023,13368
Wed May 10 2023,13476
Thu May 11 2023,13522
Fri May 12 2023,13706
Sat May 13 2023,13740
Sun May 14 2023,13989
Mon May 15 2023,13936
Tue May 16 2023,13964
Wed May 17 2023,13885
Thu May 18 2023,13979
Fri May 19 2023,14061
Sat May 20 2023,14065
Sun May 21 2023,14068
Mon May 22 2023,14272
Tue May 23 2023,14062
Wed May 24 2023,14381
Thu May 25 2023,14187
Fri May 26 2023,14195
Sat May 27 2023,14266
Sun May 28 2023,14348
Mon May 29 2023,14354
Tue May 30 2023,14219
Wed May 31 2023,13815
Thu Jun 01 2023,13873
Fri Jun 02 2023,13901
Sat Jun 03 2023,13851
Sun Jun 04 2023,14005
Mon Jun 05 2023,14195
Tue Jun 06 2023,14022
Wed Jun 07 2023,14136
Thu Jun 08 2023,14122
Fri Jun 09 2023,14270
Sat Jun 10 2023,14338
Sun Jun 11 2023,14497
Mon Jun 12 2023,14501
Tue Jun 13 2023,14505
Wed Jun 14 2023,14437
Thu Jun 15 2023,14815
Fri Jun 16 2023,14077
Sat Jun 17 2023,14086
Sun Jun 18 2023,14138
Mon Jun 19 2023,14225
Tue Jun 20 2023,14055
Wed Jun 21 2023,14054
Thu Jun 22 2023,13639
Fri Jun 23 2023,13413
Sat Jun 24 2023,14398
Sun Jun 25 2023,14395
Mon Jun 26 2023,14147
Tue Jun 27 2023,13627
Wed Jun 28 2023,13209
Thu Jun 29 2023,13248
Fri Jun 30 2023,12841
Sat Jul 01 2023,12982
Sun Jul 02 2023,12928
Mon Jul 03 2023,12875
Tue Jul 04 2023,13008
Wed Jul 05 2023,13015
Thu Jul 06 2023,13305
Fri Jul 07 2023,12846
Sat Jul 08 2023,12821
Sun Jul 09 2023,12913
Mon Jul 10 2023,13132
Tue Jul 11 2023,13391
Wed Jul 12 2023,13235
Thu Jul 13 2023,13199
Fri Jul 14 2023,13209
Sat Jul 15 2023,13132
Sun Jul 16 2023,13134
Mon Jul 17 2023,13022
Tue Jul 18 2023,13127
Wed Jul 19 2023,13233
Thu Jul 20 2023,13005
Fri Jul 21 2023,13088
Sat Jul 22 2023,12984
Sun Jul 23 2023,13047
Mon Jul 24 2023,13151
Tue Jul 25 2023,13139
Wed Jul 26 2023,13425
Thu Jul 27 2023,13728
Fri Jul 28 2023,13452
Sat Jul 29 2023,13574
Sun Jul 30 2023,13830
Mon Jul 31 2023,13814
Tue Aug 01 2023,15055
Wed Aug 02 2023,15043
Thu Aug 03 2023,15195
Fri Aug 04 2023,15368
Sat Aug 05 2023,15279
Sun Aug 06 2023,15267
Mon Aug 07 2023,15184
Tue Aug 08 2023,15272
Wed Aug 09 2023,15326
Thu Aug 10 2023,15319
Fri Aug 11 2023,15582
Sat Aug 12 2023,15592
Sun Aug 13 2023,15538
Mon Aug 14 2023,15956
Tue Aug 15 2023,15917
Wed Aug 16 2023,15781
Thu Aug 17 2023,15766
Fri Aug 18 2023,14954
Sat Aug 19 2023,15596
Sun Aug 20 2023,16070
Mon Aug 21 2023,16408
Tue Aug 22 2023,16456
Wed Aug 23 2023,16849
Thu Aug 24 2023,16485
Fri Aug 25 2023,17088
Sat Aug 26 2023,17103
Sun Aug 27 2023,17100
Mon Aug 28 2023,16031
Tue Aug 29 2023,16150
Wed Aug 30 2023,16166
Thu Aug 31 2023,15882
Fri Sep 01 2023,16445
Sat Sep 02 2023,15848
Sun Sep 03 2023,16067
Mon Sep 04 2023,15890
Tue Sep 05 2023,15770
Wed Sep 06 2023,15677
Thu Sep 07 2023,15825
Fri Sep 08 2023,15829
Sat Sep 09 2023,16109
Sun Sep 10 2023,15912
Mon Sep 11 2023,15918
Tue Sep 12 2023,15926
Wed Sep 13 2023,15969
Thu Sep 14 2023,15394
Fri Sep 15 2023,15430
Sat Sep 16 2023,15520
Sun Sep 17 2023,15195
Mon Sep 18 2023,15205
Tue Sep 19 2023,15736
Wed Sep 20 2023,15372
Thu Sep 21 2023,15144
Fri Sep 22 2023,15239
Sat Sep 23 2023,14906
Sun Sep 24 2023,14827
Mon Sep 25 2023,14737
Tue Sep 26 2023,14722
Wed Sep 27 2023,14494
Thu Sep 28 2023,14574
Fri Sep 29 2023,14654
Sat Sep 30 2023,14642
Sun Oct 01 2023,14441
Mon Oct 02 2023,14475
Tue Oct 03 2023,14413
Wed Oct 04 2023,14435
Thu Oct 05 2023,14805
Fri Oct 06 2023,15004
Sat Oct 07 2023,15446
Sun Oct 08 2023,15457
Mon Oct 09 2023,15218
Tue Oct 10 2023,15186
Wed Oct 11 2023,15035
Thu Oct 12 2023,14914
Fri Oct 13 2023,14921
Sat Oct 14 2023,15342
Sun Oct 15 2023,15409
Mon Oct 16 2023,15414
Tue Oct 17 2023,15400
Wed Oct 18 2023,15319
Thu Oct 19 2023,15218
Fri Oct 20 2023,14578
Sat Oct 21 2023,14767
Sun Oct 22 2023,14639
Mon Oct 23 2023,14906
Tue Oct 24 2023,14720
Wed Oct 25 2023,14469
Thu Oct 26 2023,14728
Fri Oct 27 2023,15061
Sat Oct 28 2023,15042
Sun Oct 29 2023,15296
Mon Oct 30 2023,15651
Tue Oct 31 2023,15530
Wed Nov 01 2023,15410
Thu Nov 02 2023,15170
Fri Nov 03 2023,15172
Sat Nov 04 2023,15013
Sun Nov 05 2023,15098
Mon Nov 06 2023,15191
Tue Nov 07 2023,14784
Wed Nov 08 2023,14833
Thu Nov 09 2023,14992
Fri Nov 10 2023,14838
Sat Nov 11 2023,14838
Sun Nov 12 2023,14770
Mon Nov 13 2023,14666
Tue Nov 14 2023,14429
Wed Nov 15 2023,14392
Thu Nov 16 2023,14547
Fri Nov 17 2023,14224
Sat Nov 18 2023,14230
Sun Nov 19 2023,14572
Mon Nov 20 2023,14717
Tue Nov 21 2023,14800
Wed Nov 22 2023,15020
Thu Nov 23 2023,14720
Fri Nov 24 2023,14776
Sat Nov 25 2023,14769
Sun Nov 26 2023,14214
Mon Nov 27 2023,14228
Tue Nov 28 2023,14265
Wed Nov 29 2023,14170
Thu Nov 30 2023,14156
Fri Dec 01 2023,13617
Sat Dec 02 2023,13579
Sun Dec 03 2023,13696
Mon Dec 04 2023,13790
Tue Dec 05 2023,13666
Wed Dec 06 2023,13651
Thu Dec 07 2023,13596
Fri Dec 08 2023,13469
Sat Dec 09 2023,13265
Sun Dec 10 2023,13260
Mon Dec 11 2023,13523
Tue Dec 12 2023,13511
Wed Dec 13 2023,13300
Thu Dec 14 2023,13138
Fri Dec 15 2023,12956
Sat Dec 16 2023,13416
Sun Dec 17 2023,13416
Mon Dec 18 2023,13103
Tue Dec 19 2023,13202
Wed Dec 20 2023,13231
Thu Dec 21 2023,13234
Fri Dec 22 2023,13225
Sat Dec 23 2023,13173
Sun Dec 24 2023,13031
Mon Dec 25 2023,13148
Tue Dec 26 2023,13110
Wed Dec 27 2023,12973
Thu Dec 28 2023,13125
Fri Dec 29 2023,13186
Sat Dec 30 2023,13099
Sun Dec 31 2023,13082
Mon Jan 01 2024,13066
Tue Jan 02 2024,13137
Wed Jan 03 2024,13172
Thu Jan 04 2024,13217
Fri Jan 05 2024,13062
Sat Jan 06 2024,13037
Sun Jan 07 2024,13104
Mon Jan 08 2024,13453
Tue Jan 09 2024,13201
Wed Jan 10 2024,13392
Thu Jan 11 2024,13363
Fri Jan 12 2024,13390
Sat Jan 13 2024,13728
Sun Jan 14 2024,13720
Mon Jan 15 2024,13732
Tue Jan 16 2024,13204
Wed Jan 17 2024,13242
Thu Jan 18 2024,13214
Fri Jan 19 2024,13440
Sat Jan 20 2024,13423
Sun Jan 21 2024,13431
Mon Jan 22 2024,13635
Tue Jan 23 2024,13457
Wed Jan 24 2024,13242
Thu Jan 25 2024,13194
Fri Jan 26 2024,13290
Sat Jan 27 2024,13497
Sun Jan 28 2024,13618
Mon Jan 29 2024,13819
Tue Jan 30 2024,13582
Wed Jan 31 2024,12750
Thu Feb 01 2024,12971
Fri Feb 02 2024,13559
Sat Feb 03 2024,12230
Sun Feb 04 2024,13033
Mon Feb 05 2024,13280
Tue Feb 06 2024,13461
Wed Feb 07 2024,13697
Thu Feb 08 2024,12695
Fri Feb 09 2024,12757
Sat Feb 10 2024,12411
Sun Feb 11 2024,12423
Mon Feb 12 2024,12560
Tue Feb 13 2024,13155
Wed Feb 14 2024,13581
Thu Feb 15 2024,12927
Fri Feb 16 2024,12939
Sat Feb 17 2024,12913
Sun Feb 18 2024,13011
Mon Feb 19 2024,13061
Tue Feb 20 2024,13006
Wed Feb 21 2024,12531
Thu Feb 22 2024,12577
Fri Feb 23 2024,12765
Sat Feb 24 2024,12914
Sun Feb 25 2024,12952
Mon Feb 26 2024,13343
Tue Feb 27 2024,13515
Wed Feb 28 2024,13522
Thu Feb 29 2024,13192
Fri Mar 01 2024,13270
Sat Mar 02 2024,13199
Sun Mar 03 2024,13543
Mon Mar 04 2024,13672
Tue Mar 05 2024,13634
Wed Mar 06 2024,13828
Thu Mar 07 2024,13191
Fri Mar 08 2024,13324
Sat Mar 09 2024,13285
Sun Mar 10 2024,13287
Mon Mar 11 2024,12760
Tue Mar 12 2024,13059
Wed Mar 13 2024,12534
Thu Mar 14 2024,13837
Fri Mar 15 2024,14107
Sat Mar 16 2024,13903
Sun Mar 17 2024,14117
Mon Mar 18 2024,14336
Tue Mar 19 2024,13584
Wed Mar 20 2024,13668
Thu Mar 21 2024,13672
Fri Mar 22 2024,13650
Sat Mar 23 2024,13595
Sun Mar 24 2024,13615
Mon Mar 25 2024,13626
Tue Mar 26 2024,13577
Wed Mar 27 2024,13537
Thu Mar 28 2024,13549
Fri Mar 29 2024,13449
Sat Mar 30 2024,13526
Sun Mar 31 2024,13709
Mon Apr 01 2024,14130
Tue Apr 02 2024,14548
Wed Apr 03 2024,14179
Thu Apr 04 2024,14255
Fri Apr 05 2024,13879
Sat Apr 06 2024,13809
Sun Apr 07 2024,13821
Mon Apr 08 2024,14013
Tue Apr 09 2024,14068
Wed Apr 10 2024,14283
Thu Apr 11 2024,14335
Fri Apr 12 2024,14354
Sat Apr 13 2024,14372
Sun Apr 14 2024,14404
Mon Apr 15 2024,14406
Tue Apr 16 2024,14381
Wed Apr 17 2024,14368
Thu Apr 18 2024,14382
Fri Apr 19 2024,13475
Sat Apr 20 2024,13621
Sun Apr 21 2024,13630
Mon Apr 22 2024,13494
Tue Apr 23 2024,13379
Wed Apr 24 2024,13335
Thu Apr 25 2024,13630
Fri Apr 26 2024,13648
Sat Apr 27 2024,13528
Sun Apr 28 2024,13533
Mon Apr 29 2024,13575
Tue Apr 30 2024,13482
Wed May 01 2024,13488
Thu May 02 2024,13514
Fri May 03 2024,13416
Sat May 04 2024,13422
Sun May 05 2024,13579
Mon May 06 2024,13433
Tue May 07 2024,13425
Wed May 08 2024,13177
Thu May 09 2024,12986
Fri May 10 2024,13353
Sat May 11 2024,13539
Sun May 12 2024,13536
Mon May 13 2024,13638
Tue May 14 2024,13657
Wed May 15 2024,13708
Thu May 16 2024,13747
Fri May 17 2024,13140
Sat May 18 2024,13862
Sun May 19 2024,13872
Mon May 20 2024,13873
