date,Monaco Market Index (USD)
Wed May 22 2019,0
Thu May 23 2019,0
Fri May 24 2019,0
Sat May 25 2019,0
Sun May 26 2019,0
Mon May 27 2019,0
Tue May 28 2019,0
Wed May 29 2019,0
Thu May 30 2019,0
Fri May 31 2019,0
Sat Jun 01 2019,0
Sun Jun 02 2019,0
Mon Jun 03 2019,0
Tue Jun 04 2019,0
Wed Jun 05 2019,0
Thu Jun 06 2019,0
Fri Jun 07 2019,0
Sat Jun 08 2019,0
Sun Jun 09 2019,0
Mon Jun 10 2019,0
Tue Jun 11 2019,0
Wed Jun 12 2019,0
Thu Jun 13 2019,0
Fri Jun 14 2019,0
Sat Jun 15 2019,0
Sun Jun 16 2019,0
Mon Jun 17 2019,0
Tue Jun 18 2019,0
Wed Jun 19 2019,0
Thu Jun 20 2019,0
Fri Jun 21 2019,0
Sat Jun 22 2019,0
Sun Jun 23 2019,0
Mon Jun 24 2019,0
Tue Jun 25 2019,0
Wed Jun 26 2019,0
Thu Jun 27 2019,0
Fri Jun 28 2019,0
Sat Jun 29 2019,0
Sun Jun 30 2019,0
Mon Jul 01 2019,0
Tue Jul 02 2019,0
Wed Jul 03 2019,0
Thu Jul 04 2019,0
Fri Jul 05 2019,0
Sat Jul 06 2019,0
Sun Jul 07 2019,0
Mon Jul 08 2019,0
Tue Jul 09 2019,0
Wed Jul 10 2019,0
Thu Jul 11 2019,0
Fri Jul 12 2019,0
Sat Jul 13 2019,0
Sun Jul 14 2019,0
Mon Jul 15 2019,0
Tue Jul 16 2019,0
Wed Jul 17 2019,0
Thu Jul 18 2019,0
Fri Jul 19 2019,0
Sat Jul 20 2019,0
Sun Jul 21 2019,0
Mon Jul 22 2019,0
Tue Jul 23 2019,0
Wed Jul 24 2019,0
Thu Jul 25 2019,0
Fri Jul 26 2019,0
Sat Jul 27 2019,0
Sun Jul 28 2019,0
Mon Jul 29 2019,0
Tue Jul 30 2019,0
Wed Jul 31 2019,0
Thu Aug 01 2019,0
Fri Aug 02 2019,0
Sat Aug 03 2019,0
Sun Aug 04 2019,0
Mon Aug 05 2019,0
Tue Aug 06 2019,0
Wed Aug 07 2019,0
Thu Aug 08 2019,0
Fri Aug 09 2019,0
Sat Aug 10 2019,0
Sun Aug 11 2019,0
Mon Aug 12 2019,0
Tue Aug 13 2019,0
Wed Aug 14 2019,0
Thu Aug 15 2019,0
Fri Aug 16 2019,0
Sat Aug 17 2019,0
Sun Aug 18 2019,0
Mon Aug 19 2019,0
Tue Aug 20 2019,0
Wed Aug 21 2019,0
Thu Aug 22 2019,0
Fri Aug 23 2019,0
Sat Aug 24 2019,0
Sun Aug 25 2019,0
Mon Aug 26 2019,0
Tue Aug 27 2019,0
Wed Aug 28 2019,0
Thu Aug 29 2019,0
Fri Aug 30 2019,0
Sat Aug 31 2019,0
Sun Sep 01 2019,0
Mon Sep 02 2019,0
Tue Sep 03 2019,0
Wed Sep 04 2019,0
Thu Sep 05 2019,0
Fri Sep 06 2019,0
Sat Sep 07 2019,0
Sun Sep 08 2019,0
Mon Sep 09 2019,0
Tue Sep 10 2019,0
Wed Sep 11 2019,0
Thu Sep 12 2019,0
Fri Sep 13 2019,0
Sat Sep 14 2019,0
Sun Sep 15 2019,0
Mon Sep 16 2019,0
Tue Sep 17 2019,0
Wed Sep 18 2019,0
Thu Sep 19 2019,0
Fri Sep 20 2019,0
Sat Sep 21 2019,0
Sun Sep 22 2019,0
Mon Sep 23 2019,0
Tue Sep 24 2019,0
Wed Sep 25 2019,0
Thu Sep 26 2019,0
Fri Sep 27 2019,0
Sat Sep 28 2019,0
Sun Sep 29 2019,0
Mon Sep 30 2019,0
Tue Oct 01 2019,0
Wed Oct 02 2019,0
Thu Oct 03 2019,0
Fri Oct 04 2019,0
Sat Oct 05 2019,0
Sun Oct 06 2019,0
Mon Oct 07 2019,0
Tue Oct 08 2019,0
Wed Oct 09 2019,0
Thu Oct 10 2019,0
Fri Oct 11 2019,0
Sat Oct 12 2019,0
Sun Oct 13 2019,0
Mon Oct 14 2019,0
Tue Oct 15 2019,0
Wed Oct 16 2019,0
Thu Oct 17 2019,0
Fri Oct 18 2019,0
Sat Oct 19 2019,0
Sun Oct 20 2019,0
Mon Oct 21 2019,0
Tue Oct 22 2019,0
Wed Oct 23 2019,0
Thu Oct 24 2019,0
Fri Oct 25 2019,0
Sat Oct 26 2019,0
Sun Oct 27 2019,0
Mon Oct 28 2019,0
Tue Oct 29 2019,0
Wed Oct 30 2019,0
Thu Oct 31 2019,0
Fri Nov 01 2019,0
Sat Nov 02 2019,0
Sun Nov 03 2019,0
Mon Nov 04 2019,0
Tue Nov 05 2019,0
Wed Nov 06 2019,0
Thu Nov 07 2019,0
Fri Nov 08 2019,0
Sat Nov 09 2019,0
Sun Nov 10 2019,0
Mon Nov 11 2019,0
Tue Nov 12 2019,0
Wed Nov 13 2019,0
Thu Nov 14 2019,0
Fri Nov 15 2019,0
Sat Nov 16 2019,0
Sun Nov 17 2019,0
Mon Nov 18 2019,0
Tue Nov 19 2019,0
Wed Nov 20 2019,0
Thu Nov 21 2019,0
Fri Nov 22 2019,0
Sat Nov 23 2019,0
Sun Nov 24 2019,0
Mon Nov 25 2019,0
Tue Nov 26 2019,0
Wed Nov 27 2019,0
Thu Nov 28 2019,0
Fri Nov 29 2019,0
Sat Nov 30 2019,0
Sun Dec 01 2019,0
Mon Dec 02 2019,0
Tue Dec 03 2019,0
Wed Dec 04 2019,0
Thu Dec 05 2019,0
Fri Dec 06 2019,0
Sat Dec 07 2019,0
Sun Dec 08 2019,0
Mon Dec 09 2019,0
Tue Dec 10 2019,0
Wed Dec 11 2019,0
Thu Dec 12 2019,0
Fri Dec 13 2019,0
Sat Dec 14 2019,0
Sun Dec 15 2019,0
Mon Dec 16 2019,0
Tue Dec 17 2019,0
Wed Dec 18 2019,0
Thu Dec 19 2019,0
Fri Dec 20 2019,0
Sat Dec 21 2019,0
Sun Dec 22 2019,0
Mon Dec 23 2019,0
Tue Dec 24 2019,0
Wed Dec 25 2019,0
Thu Dec 26 2019,0
Fri Dec 27 2019,0
Sat Dec 28 2019,0
Sun Dec 29 2019,0
Mon Dec 30 2019,0
Tue Dec 31 2019,0
Wed Jan 01 2020,4703
Thu Jan 02 2020,4706
Fri Jan 03 2020,4706
Sat Jan 04 2020,4707
Sun Jan 05 2020,4707
Mon Jan 06 2020,4723
Tue Jan 07 2020,4726
Wed Jan 08 2020,4726
Thu Jan 09 2020,4726
Fri Jan 10 2020,4728
Sat Jan 11 2020,4728
Sun Jan 12 2020,4728
Mon Jan 13 2020,4728
Tue Jan 14 2020,4730
Wed Jan 15 2020,4730
Thu Jan 16 2020,4739
Fri Jan 17 2020,4736
Sat Jan 18 2020,4738
Sun Jan 19 2020,4732
Mon Jan 20 2020,4731
Tue Jan 21 2020,4729
Wed Jan 22 2020,4729
Thu Jan 23 2020,4729
Fri Jan 24 2020,4727
Sat Jan 25 2020,4731
Sun Jan 26 2020,4728
Mon Jan 27 2020,4723
Tue Jan 28 2020,4723
Wed Jan 29 2020,4731
Thu Jan 30 2020,4731
Fri Jan 31 2020,4731
Sat Feb 01 2020,4735
Sun Feb 02 2020,4735
Mon Feb 03 2020,4735
Tue Feb 04 2020,4735
Wed Feb 05 2020,4739
Thu Feb 06 2020,4739
Fri Feb 07 2020,4746
Sat Feb 08 2020,4745
Sun Feb 09 2020,4743
Mon Feb 10 2020,4740
Tue Feb 11 2020,4752
Wed Feb 12 2020,4756
Thu Feb 13 2020,4762
Fri Feb 14 2020,4760
Sat Feb 15 2020,4763
Sun Feb 16 2020,4763
Mon Feb 17 2020,4784
Tue Feb 18 2020,4786
Wed Feb 19 2020,4779
Thu Feb 20 2020,4779
Fri Feb 21 2020,4775
Sat Feb 22 2020,4775
Sun Feb 23 2020,4778
Mon Feb 24 2020,4776
Tue Feb 25 2020,4776
Wed Feb 26 2020,4762
Thu Feb 27 2020,4764
Fri Feb 28 2020,4759
Sat Feb 29 2020,4770
Sun Mar 01 2020,4757
Mon Mar 02 2020,4760
Tue Mar 03 2020,4766
Wed Mar 04 2020,4761
Thu Mar 05 2020,4761
Fri Mar 06 2020,4760
Sat Mar 07 2020,4758
Sun Mar 08 2020,4759
Mon Mar 09 2020,4753
Tue Mar 10 2020,4756
Wed Mar 11 2020,4751
Thu Mar 12 2020,4765
Fri Mar 13 2020,4767
Sat Mar 14 2020,4767
Sun Mar 15 2020,4765
Mon Mar 16 2020,4763
Tue Mar 17 2020,4768
Wed Mar 18 2020,4768
Thu Mar 19 2020,4768
Fri Mar 20 2020,4768
Sat Mar 21 2020,4768
Sun Mar 22 2020,4768
Mon Mar 23 2020,4770
Tue Mar 24 2020,4770
Wed Mar 25 2020,4770
Thu Mar 26 2020,4772
Fri Mar 27 2020,4768
Sat Mar 28 2020,4770
Sun Mar 29 2020,4777
Mon Mar 30 2020,4771
Tue Mar 31 2020,4771
Wed Apr 01 2020,4780
Thu Apr 02 2020,4789
Fri Apr 03 2020,4786
Sat Apr 04 2020,4784
Sun Apr 05 2020,4773
Mon Apr 06 2020,4775
Tue Apr 07 2020,4773
Wed Apr 08 2020,4772
Thu Apr 09 2020,4775
Fri Apr 10 2020,4773
Sat Apr 11 2020,4767
Sun Apr 12 2020,4765
Mon Apr 13 2020,4754
Tue Apr 14 2020,4750
Wed Apr 15 2020,4746
Thu Apr 16 2020,4743
Fri Apr 17 2020,4743
Sat Apr 18 2020,4753
Sun Apr 19 2020,4750
Mon Apr 20 2020,4774
Tue Apr 21 2020,4771
Wed Apr 22 2020,4771
Thu Apr 23 2020,4771
Fri Apr 24 2020,4771
Sat Apr 25 2020,4775
Sun Apr 26 2020,4776
Mon Apr 27 2020,4789
Tue Apr 28 2020,4791
Wed Apr 29 2020,4791
Thu Apr 30 2020,4791
Fri May 01 2020,4791
Sat May 02 2020,4795
Sun May 03 2020,4792
Mon May 04 2020,4792
Tue May 05 2020,4792
Wed May 06 2020,4792
Thu May 07 2020,4790
Fri May 08 2020,4790
Sat May 09 2020,4792
Sun May 10 2020,4817
Mon May 11 2020,4817
Tue May 12 2020,4809
Wed May 13 2020,4812
Thu May 14 2020,4807
Fri May 15 2020,4807
Sat May 16 2020,4810
Sun May 17 2020,4812
Mon May 18 2020,4805
Tue May 19 2020,4805
Wed May 20 2020,4800
Thu May 21 2020,4798
Fri May 22 2020,4804
Sat May 23 2020,4807
Sun May 24 2020,4805
Mon May 25 2020,4806
Tue May 26 2020,4806
Wed May 27 2020,4806
Thu May 28 2020,4818
Fri May 29 2020,4792
Sat May 30 2020,4801
Sun May 31 2020,4803
Mon Jun 01 2020,4805
Tue Jun 02 2020,4809
Wed Jun 03 2020,4811
Thu Jun 04 2020,4811
Fri Jun 05 2020,4810
Sat Jun 06 2020,4810
Sun Jun 07 2020,4809
Mon Jun 08 2020,4815
Tue Jun 09 2020,4837
Wed Jun 10 2020,4844
Thu Jun 11 2020,4835
Fri Jun 12 2020,4826
Sat Jun 13 2020,4827
Sun Jun 14 2020,4828
Mon Jun 15 2020,4828
Tue Jun 16 2020,4805
Wed Jun 17 2020,4805
Thu Jun 18 2020,4805
Fri Jun 19 2020,4809
Sat Jun 20 2020,4813
Sun Jun 21 2020,4813
Mon Jun 22 2020,4820
Tue Jun 23 2020,4820
Wed Jun 24 2020,4820
Thu Jun 25 2020,4830
Fri Jun 26 2020,4840
Sat Jun 27 2020,4845
Sun Jun 28 2020,4837
Mon Jun 29 2020,4840
Tue Jun 30 2020,4842
Wed Jul 01 2020,4839
Thu Jul 02 2020,4841
Fri Jul 03 2020,4850
Sat Jul 04 2020,4855
Sun Jul 05 2020,4852
Mon Jul 06 2020,4855
Tue Jul 07 2020,4852
Wed Jul 08 2020,4860
Thu Jul 09 2020,4857
Fri Jul 10 2020,4860
Sat Jul 11 2020,4865
Sun Jul 12 2020,4873
Mon Jul 13 2020,4880
Tue Jul 14 2020,4882
Wed Jul 15 2020,4882
Thu Jul 16 2020,4882
Fri Jul 17 2020,4878
Sat Jul 18 2020,4894
Sun Jul 19 2020,4898
Mon Jul 20 2020,4893
Tue Jul 21 2020,4890
Wed Jul 22 2020,4899
Thu Jul 23 2020,4895
Fri Jul 24 2020,4897
Sat Jul 25 2020,4893
Sun Jul 26 2020,4900
Mon Jul 27 2020,4907
Tue Jul 28 2020,4891
Wed Jul 29 2020,4885
Thu Jul 30 2020,4893
Fri Jul 31 2020,4892
Sat Aug 01 2020,4884
Sun Aug 02 2020,4884
Mon Aug 03 2020,4885
Tue Aug 04 2020,4884
Wed Aug 05 2020,4884
Thu Aug 06 2020,4885
Fri Aug 07 2020,4884
Sat Aug 08 2020,4884
Sun Aug 09 2020,4889
Mon Aug 10 2020,4889
Tue Aug 11 2020,4889
Wed Aug 12 2020,4889
Thu Aug 13 2020,4896
Fri Aug 14 2020,4903
Sat Aug 15 2020,4903
Sun Aug 16 2020,4906
Mon Aug 17 2020,4891
Tue Aug 18 2020,4890
Wed Aug 19 2020,4893
Thu Aug 20 2020,4893
Fri Aug 21 2020,4896
Sat Aug 22 2020,4898
Sun Aug 23 2020,4898
Mon Aug 24 2020,4897
Tue Aug 25 2020,4892
Wed Aug 26 2020,4892
Thu Aug 27 2020,4891
Fri Aug 28 2020,4891
Sat Aug 29 2020,4891
Sun Aug 30 2020,4891
Mon Aug 31 2020,4900
Tue Sep 01 2020,4899
Wed Sep 02 2020,4899
Thu Sep 03 2020,4897
Fri Sep 04 2020,4901
Sat Sep 05 2020,4901
Sun Sep 06 2020,4910
Mon Sep 07 2020,4910
Tue Sep 08 2020,4907
Wed Sep 09 2020,4904
Thu Sep 10 2020,4904
Fri Sep 11 2020,4904
Sat Sep 12 2020,4904
Sun Sep 13 2020,4904
Mon Sep 14 2020,4904
Tue Sep 15 2020,4904
Wed Sep 16 2020,4904
Thu Sep 17 2020,4897
Fri Sep 18 2020,4874
Sat Sep 19 2020,4874
Sun Sep 20 2020,4874
Mon Sep 21 2020,4874
Tue Sep 22 2020,4873
Wed Sep 23 2020,4882
Thu Sep 24 2020,4879
Fri Sep 25 2020,4878
Sat Sep 26 2020,4878
Sun Sep 27 2020,4893
Mon Sep 28 2020,4893
Tue Sep 29 2020,4893
Wed Sep 30 2020,4893
Thu Oct 01 2020,4913
Fri Oct 02 2020,4912
Sat Oct 03 2020,4904
Sun Oct 04 2020,4901
Mon Oct 05 2020,4901
Tue Oct 06 2020,4901
Wed Oct 07 2020,4946
Thu Oct 08 2020,4956
Fri Oct 09 2020,4956
Sat Oct 10 2020,4956
Sun Oct 11 2020,4956
Mon Oct 12 2020,4959
Tue Oct 13 2020,4971
Wed Oct 14 2020,4972
Thu Oct 15 2020,4965
Fri Oct 16 2020,4965
Sat Oct 17 2020,4949
Sun Oct 18 2020,4951
Mon Oct 19 2020,5025
Tue Oct 20 2020,5032
Wed Oct 21 2020,5029
Thu Oct 22 2020,5029
Fri Oct 23 2020,5034
Sat Oct 24 2020,5039
Sun Oct 25 2020,5043
Mon Oct 26 2020,5041
Tue Oct 27 2020,5050
Wed Oct 28 2020,5044
Thu Oct 29 2020,5043
Fri Oct 30 2020,5045
Sat Oct 31 2020,5047
Sun Nov 01 2020,5048
Mon Nov 02 2020,5066
Tue Nov 03 2020,5065
Wed Nov 04 2020,5070
Thu Nov 05 2020,5085
Fri Nov 06 2020,5071
Sat Nov 07 2020,5063
Sun Nov 08 2020,5064
Mon Nov 09 2020,5066
Tue Nov 10 2020,5065
Wed Nov 11 2020,5090
Thu Nov 12 2020,5084
Fri Nov 13 2020,5070
Sat Nov 14 2020,5072
Sun Nov 15 2020,5072
Mon Nov 16 2020,5072
Tue Nov 17 2020,5047
Wed Nov 18 2020,5078
Thu Nov 19 2020,5083
Fri Nov 20 2020,5076
Sat Nov 21 2020,5070
Sun Nov 22 2020,5072
Mon Nov 23 2020,5078
Tue Nov 24 2020,5075
Wed Nov 25 2020,5066
Thu Nov 26 2020,5084
Fri Nov 27 2020,5088
Sat Nov 28 2020,5087
Sun Nov 29 2020,5102
Mon Nov 30 2020,5084
Tue Dec 01 2020,5118
Wed Dec 02 2020,5114
Thu Dec 03 2020,5132
Fri Dec 04 2020,5134
Sat Dec 05 2020,5134
Sun Dec 06 2020,5105
Mon Dec 07 2020,5116
Tue Dec 08 2020,5112
Wed Dec 09 2020,5139
Thu Dec 10 2020,5137
Fri Dec 11 2020,5170
Sat Dec 12 2020,5166
Sun Dec 13 2020,5181
Mon Dec 14 2020,5180
Tue Dec 15 2020,5177
Wed Dec 16 2020,5165
Thu Dec 17 2020,5149
Fri Dec 18 2020,5184
Sat Dec 19 2020,5201
Sun Dec 20 2020,5199
Mon Dec 21 2020,5196
Tue Dec 22 2020,5208
Wed Dec 23 2020,5223
Thu Dec 24 2020,5223
Fri Dec 25 2020,5224
Sat Dec 26 2020,5238
Sun Dec 27 2020,5238
Mon Dec 28 2020,5234
Tue Dec 29 2020,5253
Wed Dec 30 2020,5247
Thu Dec 31 2020,5273
Fri Jan 01 2021,5273
Sat Jan 02 2021,5280
Sun Jan 03 2021,5280
Mon Jan 04 2021,5278
Tue Jan 05 2021,5286
Wed Jan 06 2021,5309
Thu Jan 07 2021,5292
Fri Jan 08 2021,5295
Sat Jan 09 2021,5304
Sun Jan 10 2021,5309
Mon Jan 11 2021,5331
Tue Jan 12 2021,5331
Wed Jan 13 2021,5346
Thu Jan 14 2021,5342
Fri Jan 15 2021,5350
Sat Jan 16 2021,5351
Sun Jan 17 2021,5328
Mon Jan 18 2021,5334
Tue Jan 19 2021,5335
Wed Jan 20 2021,5342
Thu Jan 21 2021,5324
Fri Jan 22 2021,5340
Sat Jan 23 2021,5346
Sun Jan 24 2021,5341
Mon Jan 25 2021,5348
Tue Jan 26 2021,5353
Wed Jan 27 2021,5359
Thu Jan 28 2021,5359
Fri Jan 29 2021,5357
Sat Jan 30 2021,5367
Sun Jan 31 2021,5375
Mon Feb 01 2021,5368
Tue Feb 02 2021,5364
Wed Feb 03 2021,5364
Thu Feb 04 2021,5360
Fri Feb 05 2021,5368
Sat Feb 06 2021,5357
Sun Feb 07 2021,5358
Mon Feb 08 2021,5370
Tue Feb 09 2021,5369
Wed Feb 10 2021,5378
Thu Feb 11 2021,5383
Fri Feb 12 2021,5383
Sat Feb 13 2021,5387
Sun Feb 14 2021,5389
Mon Feb 15 2021,5384
Tue Feb 16 2021,5369
Wed Feb 17 2021,5375
Thu Feb 18 2021,5402
Fri Feb 19 2021,5373
Sat Feb 20 2021,5391
Sun Feb 21 2021,5369
Mon Feb 22 2021,5359
Tue Feb 23 2021,5343
Wed Feb 24 2021,5348
Thu Feb 25 2021,5351
Fri Feb 26 2021,5326
Sat Feb 27 2021,5322
Sun Feb 28 2021,5330
Mon Mar 01 2021,5329
Tue Mar 02 2021,5322
Wed Mar 03 2021,5330
Thu Mar 04 2021,5362
Fri Mar 05 2021,5360
Sat Mar 06 2021,5370
Sun Mar 07 2021,5369
Mon Mar 08 2021,5366
Tue Mar 09 2021,5362
Wed Mar 10 2021,5364
Thu Mar 11 2021,5381
Fri Mar 12 2021,5382
Sat Mar 13 2021,5381
Sun Mar 14 2021,5388
Mon Mar 15 2021,5376
Tue Mar 16 2021,5372
Wed Mar 17 2021,5381
Thu Mar 18 2021,5389
Fri Mar 19 2021,5412
Sat Mar 20 2021,5409
Sun Mar 21 2021,5411
Mon Mar 22 2021,5428
Tue Mar 23 2021,5439
Wed Mar 24 2021,5435
Thu Mar 25 2021,5429
Fri Mar 26 2021,5431
Sat Mar 27 2021,5421
Sun Mar 28 2021,5418
Mon Mar 29 2021,5425
Tue Mar 30 2021,5423
Wed Mar 31 2021,5418
Thu Apr 01 2021,5415
Fri Apr 02 2021,5425
Sat Apr 03 2021,5401
Sun Apr 04 2021,5396
Mon Apr 05 2021,5393
Tue Apr 06 2021,5387
Wed Apr 07 2021,5369
Thu Apr 08 2021,5371
Fri Apr 09 2021,5369
Sat Apr 10 2021,5371
Sun Apr 11 2021,5371
Mon Apr 12 2021,5382
Tue Apr 13 2021,5353
Wed Apr 14 2021,5349
Thu Apr 15 2021,5348
Fri Apr 16 2021,5342
Sat Apr 17 2021,5348
Sun Apr 18 2021,5346
Mon Apr 19 2021,5344
Tue Apr 20 2021,5341
Wed Apr 21 2021,5332
Thu Apr 22 2021,5330
Fri Apr 23 2021,5329
Sat Apr 24 2021,5332
Sun Apr 25 2021,5324
Mon Apr 26 2021,5313
Tue Apr 27 2021,5327
Wed Apr 28 2021,5348
Thu Apr 29 2021,5351
Fri Apr 30 2021,5350
Sat May 01 2021,5350
Sun May 02 2021,5350
Mon May 03 2021,5353
Tue May 04 2021,5353
Wed May 05 2021,5357
Thu May 06 2021,5366
Fri May 07 2021,5360
Sat May 08 2021,5360
Sun May 09 2021,5349
Mon May 10 2021,5344
Tue May 11 2021,5345
Wed May 12 2021,5335
Thu May 13 2021,5351
Fri May 14 2021,5375
Sat May 15 2021,5378
Sun May 16 2021,5371
Mon May 17 2021,5371
Tue May 18 2021,5381
Wed May 19 2021,5391
Thu May 20 2021,5387
Fri May 21 2021,5390
Sat May 22 2021,5400
Sun May 23 2021,5400
Mon May 24 2021,5403
Tue May 25 2021,5435
Wed May 26 2021,5460
Thu May 27 2021,5466
Fri May 28 2021,5494
Sat May 29 2021,5480
Sun May 30 2021,5481
Mon May 31 2021,5484
Tue Jun 01 2021,5490
Wed Jun 02 2021,5500
Thu Jun 03 2021,5496
Fri Jun 04 2021,5501
Sat Jun 05 2021,5506
Sun Jun 06 2021,5512
Mon Jun 07 2021,5517
Tue Jun 08 2021,5508
Wed Jun 09 2021,5504
Thu Jun 10 2021,5503
Fri Jun 11 2021,5540
Sat Jun 12 2021,5556
Sun Jun 13 2021,5557
Mon Jun 14 2021,5554
Tue Jun 15 2021,5560
Wed Jun 16 2021,5582
Thu Jun 17 2021,5578
Fri Jun 18 2021,5541
Sat Jun 19 2021,5542
Sun Jun 20 2021,5545
Mon Jun 21 2021,5537
Tue Jun 22 2021,5538
Wed Jun 23 2021,5557
Thu Jun 24 2021,5546
Fri Jun 25 2021,5524
Sat Jun 26 2021,5543
Sun Jun 27 2021,5546
Mon Jun 28 2021,5549
Tue Jun 29 2021,5558
Wed Jun 30 2021,5555
Thu Jul 01 2021,5547
Fri Jul 02 2021,5546
Sat Jul 03 2021,5547
Sun Jul 04 2021,5527
Mon Jul 05 2021,5523
Tue Jul 06 2021,5526
Wed Jul 07 2021,5543
Thu Jul 08 2021,5541
Fri Jul 09 2021,5553
Sat Jul 10 2021,5564
Sun Jul 11 2021,5565
Mon Jul 12 2021,5552
Tue Jul 13 2021,5578
Wed Jul 14 2021,5575
Thu Jul 15 2021,5569
Fri Jul 16 2021,5569
Sat Jul 17 2021,5580
Sun Jul 18 2021,5584
Mon Jul 19 2021,5560
Tue Jul 20 2021,5533
Wed Jul 21 2021,5571
Thu Jul 22 2021,5571
Fri Jul 23 2021,5594
Sat Jul 24 2021,5601
Sun Jul 25 2021,5601
Mon Jul 26 2021,5601
Tue Jul 27 2021,5594
Wed Jul 28 2021,5626
Thu Jul 29 2021,5633
Fri Jul 30 2021,5622
Sat Jul 31 2021,5617
Sun Aug 01 2021,5617
Mon Aug 02 2021,5632
Tue Aug 03 2021,5611
Wed Aug 04 2021,5611
Thu Aug 05 2021,5619
Fri Aug 06 2021,5602
Sat Aug 07 2021,5597
Sun Aug 08 2021,5583
Mon Aug 09 2021,5581
Tue Aug 10 2021,5588
Wed Aug 11 2021,5588
Thu Aug 12 2021,5603
Fri Aug 13 2021,5604
Sat Aug 14 2021,5606
Sun Aug 15 2021,5601
Mon Aug 16 2021,5597
Tue Aug 17 2021,5601
Wed Aug 18 2021,5606
Thu Aug 19 2021,5608
Fri Aug 20 2021,5610
Sat Aug 21 2021,5636
Sun Aug 22 2021,5618
Mon Aug 23 2021,5627
Tue Aug 24 2021,5625
Wed Aug 25 2021,5624
Thu Aug 26 2021,5628
Fri Aug 27 2021,5637
Sat Aug 28 2021,5654
Sun Aug 29 2021,5652
Mon Aug 30 2021,5633
Tue Aug 31 2021,5621
Wed Sep 01 2021,5608
Thu Sep 02 2021,5612
Fri Sep 03 2021,5614
Sat Sep 04 2021,5607
Sun Sep 05 2021,5602
Mon Sep 06 2021,5595
Tue Sep 07 2021,5599
Wed Sep 08 2021,5613
Thu Sep 09 2021,5614
Fri Sep 10 2021,5633
Sat Sep 11 2021,5641
Sun Sep 12 2021,5645
Mon Sep 13 2021,5645
Tue Sep 14 2021,5655
Wed Sep 15 2021,5652
Thu Sep 16 2021,5672
Fri Sep 17 2021,5651
Sat Sep 18 2021,5651
Sun Sep 19 2021,5650
Mon Sep 20 2021,5654
Tue Sep 21 2021,5656
Wed Sep 22 2021,5666
Thu Sep 23 2021,5664
Fri Sep 24 2021,5680
Sat Sep 25 2021,5678
Sun Sep 26 2021,5696
Mon Sep 27 2021,5695
Tue Sep 28 2021,5695
Wed Sep 29 2021,5697
Thu Sep 30 2021,5677
Fri Oct 01 2021,5681
Sat Oct 02 2021,5702
Sun Oct 03 2021,5698
Mon Oct 04 2021,5706
Tue Oct 05 2021,5700
Wed Oct 06 2021,5702
Thu Oct 07 2021,5706
Fri Oct 08 2021,5722
Sat Oct 09 2021,5727
Sun Oct 10 2021,5727
Mon Oct 11 2021,5738
Tue Oct 12 2021,5716
Wed Oct 13 2021,5722
Thu Oct 14 2021,5731
Fri Oct 15 2021,5720
Sat Oct 16 2021,5727
Sun Oct 17 2021,5731
Mon Oct 18 2021,5751
Tue Oct 19 2021,5752
Wed Oct 20 2021,5736
Thu Oct 21 2021,5733
Fri Oct 22 2021,5732
Sat Oct 23 2021,5728
Sun Oct 24 2021,5715
Mon Oct 25 2021,5725
Tue Oct 26 2021,5714
Wed Oct 27 2021,5713
Thu Oct 28 2021,5711
Fri Oct 29 2021,5710
Sat Oct 30 2021,5711
Sun Oct 31 2021,5700
Mon Nov 01 2021,5705
Tue Nov 02 2021,5711
Wed Nov 03 2021,5722
Thu Nov 04 2021,5714
Fri Nov 05 2021,5706
Sat Nov 06 2021,5701
Sun Nov 07 2021,5700
Mon Nov 08 2021,5705
Tue Nov 09 2021,5690
Wed Nov 10 2021,5682
Thu Nov 11 2021,5682
Fri Nov 12 2021,5677
Sat Nov 13 2021,5671
Sun Nov 14 2021,5675
Mon Nov 15 2021,5673
Tue Nov 16 2021,5655
Wed Nov 17 2021,5659
Thu Nov 18 2021,5679
Fri Nov 19 2021,5659
Sat Nov 20 2021,5663
Sun Nov 21 2021,5659
Mon Nov 22 2021,5679
Tue Nov 23 2021,5669
Wed Nov 24 2021,5668
Thu Nov 25 2021,5653
Fri Nov 26 2021,5644
Sat Nov 27 2021,5643
Sun Nov 28 2021,5643
Mon Nov 29 2021,5636
Tue Nov 30 2021,5615
Wed Dec 01 2021,5615
Thu Dec 02 2021,5610
Fri Dec 03 2021,5634
Sat Dec 04 2021,5622
Sun Dec 05 2021,5621
Mon Dec 06 2021,5616
Tue Dec 07 2021,5619
Wed Dec 08 2021,5641
Thu Dec 09 2021,5638
Fri Dec 10 2021,5626
Sat Dec 11 2021,5630
Sun Dec 12 2021,5625
Mon Dec 13 2021,5624
Tue Dec 14 2021,5641
Wed Dec 15 2021,5610
Thu Dec 16 2021,5608
Fri Dec 17 2021,5630
Sat Dec 18 2021,5632
Sun Dec 19 2021,5625
Mon Dec 20 2021,5630
Tue Dec 21 2021,5639
Wed Dec 22 2021,5658
Thu Dec 23 2021,5664
Fri Dec 24 2021,5659
Sat Dec 25 2021,5668
Sun Dec 26 2021,5667
Mon Dec 27 2021,5681
Tue Dec 28 2021,5686
Wed Dec 29 2021,5683
Thu Dec 30 2021,5668
Fri Dec 31 2021,5660
Sat Jan 01 2022,5660
Sun Jan 02 2022,5675
Mon Jan 03 2022,5672
Tue Jan 04 2022,5682
Wed Jan 05 2022,5688
Thu Jan 06 2022,5686
Fri Jan 07 2022,5663
Sat Jan 08 2022,5672
Sun Jan 09 2022,5678
Mon Jan 10 2022,5681
Tue Jan 11 2022,5700
Wed Jan 12 2022,5688
Thu Jan 13 2022,5692
Fri Jan 14 2022,5689
Sat Jan 15 2022,5702
Sun Jan 16 2022,5704
Mon Jan 17 2022,5711
Tue Jan 18 2022,5709
Wed Jan 19 2022,5711
Thu Jan 20 2022,5710
Fri Jan 21 2022,5733
Sat Jan 22 2022,5747
Sun Jan 23 2022,5757
Mon Jan 24 2022,5750
Tue Jan 25 2022,5756
Wed Jan 26 2022,5757
Thu Jan 27 2022,5771
Fri Jan 28 2022,5789
Sat Jan 29 2022,5845
Sun Jan 30 2022,5818
Mon Jan 31 2022,5802
Tue Feb 01 2022,5804
Wed Feb 02 2022,5787
Thu Feb 03 2022,5773
Fri Feb 04 2022,5778
Sat Feb 05 2022,5785
Sun Feb 06 2022,5779
Mon Feb 07 2022,5763
Tue Feb 08 2022,5761
Wed Feb 09 2022,5750
Thu Feb 10 2022,5750
Fri Feb 11 2022,5772
Sat Feb 12 2022,5778
Sun Feb 13 2022,5776
Mon Feb 14 2022,5804
Tue Feb 15 2022,5803
Wed Feb 16 2022,5803
Thu Feb 17 2022,5800
Fri Feb 18 2022,5801
Sat Feb 19 2022,5797
Sun Feb 20 2022,5798
Mon Feb 21 2022,5795
Tue Feb 22 2022,5807
Wed Feb 23 2022,5811
Thu Feb 24 2022,5798
Fri Feb 25 2022,5824
Sat Feb 26 2022,5812
Sun Feb 27 2022,5807
Mon Feb 28 2022,5808
Tue Mar 01 2022,5795
Wed Mar 02 2022,5796
Thu Mar 03 2022,5829
Fri Mar 04 2022,5810
Sat Mar 05 2022,5810
Sun Mar 06 2022,5817
Mon Mar 07 2022,5806
Tue Mar 08 2022,5799
Wed Mar 09 2022,5806
Thu Mar 10 2022,5792
Fri Mar 11 2022,5777
Sat Mar 12 2022,5792
Sun Mar 13 2022,5806
Mon Mar 14 2022,5821
Tue Mar 15 2022,5813
Wed Mar 16 2022,5786
Thu Mar 17 2022,5821
Fri Mar 18 2022,5820
Sat Mar 19 2022,5821
Sun Mar 20 2022,5820
Mon Mar 21 2022,5814
Tue Mar 22 2022,5819
Wed Mar 23 2022,5820
Thu Mar 24 2022,5815
Fri Mar 25 2022,5799
Sat Mar 26 2022,5799
Sun Mar 27 2022,5800
Mon Mar 28 2022,5802
Tue Mar 29 2022,5811
Wed Mar 30 2022,5806
Thu Mar 31 2022,5792
Fri Apr 01 2022,5792
Sat Apr 02 2022,5790
Sun Apr 03 2022,5787
Mon Apr 04 2022,5792
Tue Apr 05 2022,5783
Wed Apr 06 2022,5783
Thu Apr 07 2022,5780
Fri Apr 08 2022,5774
Sat Apr 09 2022,5774
Sun Apr 10 2022,5769
Mon Apr 11 2022,5768
Tue Apr 12 2022,5767
Wed Apr 13 2022,5764
Thu Apr 14 2022,5764
Fri Apr 15 2022,5755
Sat Apr 16 2022,5756
Sun Apr 17 2022,5753
Mon Apr 18 2022,5753
Tue Apr 19 2022,5762
Wed Apr 20 2022,5765
Thu Apr 21 2022,5783
Fri Apr 22 2022,5774
Sat Apr 23 2022,5777
Sun Apr 24 2022,5768
Mon Apr 25 2022,5772
Tue Apr 26 2022,5776
Wed Apr 27 2022,5757
Thu Apr 28 2022,5772
Fri Apr 29 2022,5775
Sat Apr 30 2022,5778
Sun May 01 2022,5787
Mon May 02 2022,5772
Tue May 03 2022,5772
Wed May 04 2022,5772
Thu May 05 2022,5777
Fri May 06 2022,5789
Sat May 07 2022,5791
Sun May 08 2022,5799
Mon May 09 2022,5791
Tue May 10 2022,5798
Wed May 11 2022,5783
Thu May 12 2022,5781
Fri May 13 2022,5779
Sat May 14 2022,5765
Sun May 15 2022,5759
Mon May 16 2022,5764
Tue May 17 2022,5744
Wed May 18 2022,5718
Thu May 19 2022,5729
Fri May 20 2022,5719
Sat May 21 2022,5722
Sun May 22 2022,5708
Mon May 23 2022,5681
Tue May 24 2022,5672
Wed May 25 2022,5669
Thu May 26 2022,5667
Fri May 27 2022,5658
Sat May 28 2022,5667
Sun May 29 2022,5671
Mon May 30 2022,5673
Tue May 31 2022,5677
Wed Jun 01 2022,5666
Thu Jun 02 2022,5664
Fri Jun 03 2022,5658
Sat Jun 04 2022,5660
Sun Jun 05 2022,5665
Mon Jun 06 2022,5667
Tue Jun 07 2022,5649
Wed Jun 08 2022,5665
Thu Jun 09 2022,5661
Fri Jun 10 2022,5647
Sat Jun 11 2022,5632
Sun Jun 12 2022,5644
Mon Jun 13 2022,5645
Tue Jun 14 2022,5644
Wed Jun 15 2022,5637
Thu Jun 16 2022,5625
Fri Jun 17 2022,5632
Sat Jun 18 2022,5623
Sun Jun 19 2022,5617
Mon Jun 20 2022,5615
Tue Jun 21 2022,5585
Wed Jun 22 2022,5589
Thu Jun 23 2022,5609
Fri Jun 24 2022,5623
Sat Jun 25 2022,5644
Sun Jun 26 2022,5642
Mon Jun 27 2022,5641
Tue Jun 28 2022,5633
Wed Jun 29 2022,5635
Thu Jun 30 2022,5604
Fri Jul 01 2022,5595
Sat Jul 02 2022,5601
Sun Jul 03 2022,5609
Mon Jul 04 2022,5602
Tue Jul 05 2022,5619
Wed Jul 06 2022,5628
Thu Jul 07 2022,5627
Fri Jul 08 2022,5631
Sat Jul 09 2022,5620
Sun Jul 10 2022,5615
Mon Jul 11 2022,5620
Tue Jul 12 2022,5631
Wed Jul 13 2022,5594
Thu Jul 14 2022,5602
Fri Jul 15 2022,5580
Sat Jul 16 2022,5583
Sun Jul 17 2022,5582
Mon Jul 18 2022,5580
Tue Jul 19 2022,5559
Wed Jul 20 2022,5569
Thu Jul 21 2022,5589
Fri Jul 22 2022,5584
Sat Jul 23 2022,5580
Sun Jul 24 2022,5574
Mon Jul 25 2022,5548
Tue Jul 26 2022,5555
Wed Jul 27 2022,5536
Thu Jul 28 2022,5537
Fri Jul 29 2022,5540
Sat Jul 30 2022,5537
Sun Jul 31 2022,5529
Mon Aug 01 2022,5537
Tue Aug 02 2022,5537
Wed Aug 03 2022,5538
Thu Aug 04 2022,5554
Fri Aug 05 2022,5549
Sat Aug 06 2022,5553
Sun Aug 07 2022,5558
Mon Aug 08 2022,5562
Tue Aug 09 2022,5576
Wed Aug 10 2022,5593
Thu Aug 11 2022,5629
Fri Aug 12 2022,5635
Sat Aug 13 2022,5645
Sun Aug 14 2022,5649
Mon Aug 15 2022,5650
Tue Aug 16 2022,5646
Wed Aug 17 2022,5647
Thu Aug 18 2022,5641
Fri Aug 19 2022,5651
Sat Aug 20 2022,5651
Sun Aug 21 2022,5649
Mon Aug 22 2022,5653
Tue Aug 23 2022,5640
Wed Aug 24 2022,5626
Thu Aug 25 2022,5634
Fri Aug 26 2022,5633
Sat Aug 27 2022,5613
Sun Aug 28 2022,5589
Mon Aug 29 2022,5582
Tue Aug 30 2022,5580
Wed Aug 31 2022,5606
Thu Sep 01 2022,5603
Fri Sep 02 2022,5573
Sat Sep 03 2022,5531
Sun Sep 04 2022,5525
Mon Sep 05 2022,5525
Tue Sep 06 2022,5524
Wed Sep 07 2022,5525
Thu Sep 08 2022,5526
Fri Sep 09 2022,5528
Sat Sep 10 2022,5535
Sun Sep 11 2022,5533
Mon Sep 12 2022,5505
Tue Sep 13 2022,5501
Wed Sep 14 2022,5508
Thu Sep 15 2022,5512
Fri Sep 16 2022,5513
Sat Sep 17 2022,5512
Sun Sep 18 2022,5531
Mon Sep 19 2022,5543
Tue Sep 20 2022,5550
Wed Sep 21 2022,5550
Thu Sep 22 2022,5539
Fri Sep 23 2022,5548
Sat Sep 24 2022,5579
Sun Sep 25 2022,5575
Mon Sep 26 2022,5577
Tue Sep 27 2022,5578
Wed Sep 28 2022,5572
Thu Sep 29 2022,5566
Fri Sep 30 2022,5558
Sat Oct 01 2022,5585
Sun Oct 02 2022,5577
Mon Oct 03 2022,5584
Tue Oct 04 2022,5583
Wed Oct 05 2022,5589
Thu Oct 06 2022,5588
Fri Oct 07 2022,5575
Sat Oct 08 2022,5567
Sun Oct 09 2022,5549
Mon Oct 10 2022,5543
Tue Oct 11 2022,5517
Wed Oct 12 2022,5513
Thu Oct 13 2022,5511
Fri Oct 14 2022,5506
Sat Oct 15 2022,5498
Sun Oct 16 2022,5494
Mon Oct 17 2022,5492
Tue Oct 18 2022,5467
Wed Oct 19 2022,5471
Thu Oct 20 2022,5459
Fri Oct 21 2022,5469
Sat Oct 22 2022,5466
Sun Oct 23 2022,5465
Mon Oct 24 2022,5479
Tue Oct 25 2022,5456
Wed Oct 26 2022,5474
Thu Oct 27 2022,5465
Fri Oct 28 2022,5468
Sat Oct 29 2022,5467
Sun Oct 30 2022,5462
Mon Oct 31 2022,5473
Tue Nov 01 2022,5473
Wed Nov 02 2022,5474
Thu Nov 03 2022,5489
Fri Nov 04 2022,5494
Sat Nov 05 2022,5493
Sun Nov 06 2022,5507
Mon Nov 07 2022,5498
Tue Nov 08 2022,5471
Wed Nov 09 2022,5470
Thu Nov 10 2022,5454
Fri Nov 11 2022,5467
Sat Nov 12 2022,5468
Sun Nov 13 2022,5449
Mon Nov 14 2022,5454
Tue Nov 15 2022,5452
Wed Nov 16 2022,5438
Thu Nov 17 2022,5448
Fri Nov 18 2022,5443
Sat Nov 19 2022,5446
Sun Nov 20 2022,5457
Mon Nov 21 2022,5459
Tue Nov 22 2022,5467
Wed Nov 23 2022,5453
Thu Nov 24 2022,5455
Fri Nov 25 2022,5451
Sat Nov 26 2022,5449
Sun Nov 27 2022,5465
Mon Nov 28 2022,5466
Tue Nov 29 2022,5473
Wed Nov 30 2022,5477
Thu Dec 01 2022,5480
Fri Dec 02 2022,5481
Sat Dec 03 2022,5478
Sun Dec 04 2022,5499
Mon Dec 05 2022,5523
Tue Dec 06 2022,5533
Wed Dec 07 2022,5526
Thu Dec 08 2022,5536
Fri Dec 09 2022,5521
Sat Dec 10 2022,5524
Sun Dec 11 2022,5521
Mon Dec 12 2022,5519
Tue Dec 13 2022,5525
Wed Dec 14 2022,5570
Thu Dec 15 2022,5600
Fri Dec 16 2022,5599
Sat Dec 17 2022,5583
Sun Dec 18 2022,5601
Mon Dec 19 2022,5599
Tue Dec 20 2022,5609
Wed Dec 21 2022,5604
Thu Dec 22 2022,5620
Fri Dec 23 2022,5621
Sat Dec 24 2022,5636
Sun Dec 25 2022,5669
Mon Dec 26 2022,5697
Tue Dec 27 2022,5691
Wed Dec 28 2022,5705
Thu Dec 29 2022,5709
Fri Dec 30 2022,5691
Sat Dec 31 2022,5691
Sun Jan 01 2023,5691
Mon Jan 02 2023,5689
Tue Jan 03 2023,5682
Wed Jan 04 2023,5686
Thu Jan 05 2023,5689
Fri Jan 06 2023,5699
Sat Jan 07 2023,5723
Sun Jan 08 2023,5722
Mon Jan 09 2023,5727
Tue Jan 10 2023,5728
Wed Jan 11 2023,5733
Thu Jan 12 2023,5729
Fri Jan 13 2023,5717
Sat Jan 14 2023,5728
Sun Jan 15 2023,5731
Mon Jan 16 2023,5739
Tue Jan 17 2023,5758
Wed Jan 18 2023,5760
Thu Jan 19 2023,5776
Fri Jan 20 2023,5744
Sat Jan 21 2023,5747
Sun Jan 22 2023,5739
Mon Jan 23 2023,5751
Tue Jan 24 2023,5747
Wed Jan 25 2023,5765
Thu Jan 26 2023,5764
Fri Jan 27 2023,5751
Sat Jan 28 2023,5762
Sun Jan 29 2023,5768
Mon Jan 30 2023,5760
Tue Jan 31 2023,5766
Wed Feb 01 2023,5770
Thu Feb 02 2023,5771
Fri Feb 03 2023,5771
Sat Feb 04 2023,5762
Sun Feb 05 2023,5744
Mon Feb 06 2023,5753
Tue Feb 07 2023,5739
Wed Feb 08 2023,5735
Thu Feb 09 2023,5738
Fri Feb 10 2023,5751
Sat Feb 11 2023,5762
Sun Feb 12 2023,5768
Mon Feb 13 2023,5756
Tue Feb 14 2023,5758
Wed Feb 15 2023,5751
Thu Feb 16 2023,5756
Fri Feb 17 2023,5754
Sat Feb 18 2023,5745
Sun Feb 19 2023,5743
Mon Feb 20 2023,5744
Tue Feb 21 2023,5746
Wed Feb 22 2023,5750
Thu Feb 23 2023,5748
Fri Feb 24 2023,5739
Sat Feb 25 2023,5741
Sun Feb 26 2023,5726
Mon Feb 27 2023,5724
Tue Feb 28 2023,5687
Wed Mar 01 2023,5690
Thu Mar 02 2023,5724
Fri Mar 03 2023,5734
Sat Mar 04 2023,5719
Sun Mar 05 2023,5708
Mon Mar 06 2023,5696
Tue Mar 07 2023,5716
Wed Mar 08 2023,5729
Thu Mar 09 2023,5727
Fri Mar 10 2023,5698
Sat Mar 11 2023,5699
Sun Mar 12 2023,5733
Mon Mar 13 2023,5730
Tue Mar 14 2023,5688
Wed Mar 15 2023,5693
Thu Mar 16 2023,5691
Fri Mar 17 2023,5688
Sat Mar 18 2023,5733
Sun Mar 19 2023,5709
Mon Mar 20 2023,5715
Tue Mar 21 2023,5715
Wed Mar 22 2023,5710
Thu Mar 23 2023,5708
Fri Mar 24 2023,5706
Sat Mar 25 2023,5708
Sun Mar 26 2023,5708
Mon Mar 27 2023,5706
Tue Mar 28 2023,5700
Wed Mar 29 2023,5714
Thu Mar 30 2023,5755
Fri Mar 31 2023,5732
Sat Apr 01 2023,5733
Sun Apr 02 2023,5736
Mon Apr 03 2023,5712
Tue Apr 04 2023,5709
Wed Apr 05 2023,5707
Thu Apr 06 2023,5729
Fri Apr 07 2023,5733
Sat Apr 08 2023,5731
Sun Apr 09 2023,5730
Mon Apr 10 2023,5717
Tue Apr 11 2023,5724
Wed Apr 12 2023,5691
Thu Apr 13 2023,5700
Fri Apr 14 2023,5700
Sat Apr 15 2023,5695
Sun Apr 16 2023,5689
Mon Apr 17 2023,5696
Tue Apr 18 2023,5701
Wed Apr 19 2023,5704
Thu Apr 20 2023,5721
Fri Apr 21 2023,5717
Sat Apr 22 2023,5696
Sun Apr 23 2023,5694
Mon Apr 24 2023,5687
Tue Apr 25 2023,5666
Wed Apr 26 2023,5665
Thu Apr 27 2023,5675
Fri Apr 28 2023,5671
Sat Apr 29 2023,5680
Sun Apr 30 2023,5685
Mon May 01 2023,5682
Tue May 02 2023,5684
Wed May 03 2023,5679
Thu May 04 2023,5679
Fri May 05 2023,5682
Sat May 06 2023,5702
Sun May 07 2023,5726
Mon May 08 2023,5725
Tue May 09 2023,5726
Wed May 10 2023,5744
Thu May 11 2023,5754
Fri May 12 2023,5758
Sat May 13 2023,5767
Sun May 14 2023,5785
Mon May 15 2023,5771
Tue May 16 2023,5774
Wed May 17 2023,5777
Thu May 18 2023,5772
Fri May 19 2023,5772
Sat May 20 2023,5769
Sun May 21 2023,5768
Mon May 22 2023,5775
Tue May 23 2023,5769
Wed May 24 2023,5794
Thu May 25 2023,5795
Fri May 26 2023,5791
Sat May 27 2023,5789
Sun May 28 2023,5786
Mon May 29 2023,5778
Tue May 30 2023,5772
Wed May 31 2023,5769
Thu Jun 01 2023,5764
Fri Jun 02 2023,5761
Sat Jun 03 2023,5762
Sun Jun 04 2023,5764
Mon Jun 05 2023,5761
Tue Jun 06 2023,5748
Wed Jun 07 2023,5736
Thu Jun 08 2023,5741
Fri Jun 09 2023,5733
Sat Jun 10 2023,5740
Sun Jun 11 2023,5722
Mon Jun 12 2023,5704
Tue Jun 13 2023,5692
Wed Jun 14 2023,5702
Thu Jun 15 2023,5703
Fri Jun 16 2023,5697
Sat Jun 17 2023,5690
Sun Jun 18 2023,5686
Mon Jun 19 2023,5690
Tue Jun 20 2023,5679
Wed Jun 21 2023,5699
Thu Jun 22 2023,5678
Fri Jun 23 2023,5681
Sat Jun 24 2023,5679
Sun Jun 25 2023,5702
Mon Jun 26 2023,5710
Tue Jun 27 2023,5715
Wed Jun 28 2023,5735
Thu Jun 29 2023,5733
Fri Jun 30 2023,5738
Sat Jul 01 2023,5728
Sun Jul 02 2023,5752
Mon Jul 03 2023,5745
Tue Jul 04 2023,5757
Wed Jul 05 2023,5766
Thu Jul 06 2023,5776
Fri Jul 07 2023,5774
Sat Jul 08 2023,5777
Sun Jul 09 2023,5777
Mon Jul 10 2023,5780
Tue Jul 11 2023,5779
Wed Jul 12 2023,5776
Thu Jul 13 2023,5772
Fri Jul 14 2023,5756
Sat Jul 15 2023,5763
Sun Jul 16 2023,5778
Mon Jul 17 2023,5792
Tue Jul 18 2023,5838
Wed Jul 19 2023,5837
Thu Jul 20 2023,5838
Fri Jul 21 2023,5839
Sat Jul 22 2023,5840
Sun Jul 23 2023,5839
Mon Jul 24 2023,5839
Tue Jul 25 2023,5855
Wed Jul 26 2023,5856
Thu Jul 27 2023,5858
Fri Jul 28 2023,5860
Sat Jul 29 2023,5883
Sun Jul 30 2023,5880
Mon Jul 31 2023,5873
Tue Aug 01 2023,5871
Wed Aug 02 2023,5881
Thu Aug 03 2023,5889
Fri Aug 04 2023,5904
Sat Aug 05 2023,5876
Sun Aug 06 2023,5903
Mon Aug 07 2023,5903
Tue Aug 08 2023,5896
Wed Aug 09 2023,5896
Thu Aug 10 2023,5872
Fri Aug 11 2023,5886
Sat Aug 12 2023,5882
Sun Aug 13 2023,5887
Mon Aug 14 2023,5888
Tue Aug 15 2023,5864
Wed Aug 16 2023,5858
Thu Aug 17 2023,5862
Fri Aug 18 2023,5880
Sat Aug 19 2023,5891
Sun Aug 20 2023,5888
Mon Aug 21 2023,5886
Tue Aug 22 2023,5895
Wed Aug 23 2023,5893
Thu Aug 24 2023,5888
Fri Aug 25 2023,5893
Sat Aug 26 2023,5878
Sun Aug 27 2023,5892
Mon Aug 28 2023,5893
Tue Aug 29 2023,5877
Wed Aug 30 2023,5880
Thu Aug 31 2023,5866
Fri Sep 01 2023,5885
Sat Sep 02 2023,5876
Sun Sep 03 2023,5869
Mon Sep 04 2023,5854
Tue Sep 05 2023,5833
Wed Sep 06 2023,5840
Thu Sep 07 2023,5842
Fri Sep 08 2023,5841
Sat Sep 09 2023,5837
Sun Sep 10 2023,5846
Mon Sep 11 2023,5861
Tue Sep 12 2023,5851
Wed Sep 13 2023,5844
Thu Sep 14 2023,5835
Fri Sep 15 2023,5838
Sat Sep 16 2023,5839
Sun Sep 17 2023,5853
Mon Sep 18 2023,5854
Tue Sep 19 2023,5845
Wed Sep 20 2023,5823
Thu Sep 21 2023,5830
Fri Sep 22 2023,5833
Sat Sep 23 2023,5832
Sun Sep 24 2023,5829
Mon Sep 25 2023,5832
Tue Sep 26 2023,5805
Wed Sep 27 2023,5805
Thu Sep 28 2023,5827
Fri Sep 29 2023,5817
Sat Sep 30 2023,5813
Sun Oct 01 2023,5798
Mon Oct 02 2023,5798
Tue Oct 03 2023,5809
Wed Oct 04 2023,5827
Thu Oct 05 2023,5812
Fri Oct 06 2023,5845
Sat Oct 07 2023,5841
Sun Oct 08 2023,5841
Mon Oct 09 2023,5827
Tue Oct 10 2023,5790
Wed Oct 11 2023,5790
Thu Oct 12 2023,5810
Fri Oct 13 2023,5808
Sat Oct 14 2023,5802
Sun Oct 15 2023,5802
Mon Oct 16 2023,5798
Tue Oct 17 2023,5805
Wed Oct 18 2023,5802
Thu Oct 19 2023,5804
Fri Oct 20 2023,5810
Sat Oct 21 2023,5801
Sun Oct 22 2023,5803
Mon Oct 23 2023,5822
Tue Oct 24 2023,5804
Wed Oct 25 2023,5812
Thu Oct 26 2023,5807
Fri Oct 27 2023,5817
Sat Oct 28 2023,5784
Sun Oct 29 2023,5778
Mon Oct 30 2023,5776
Tue Oct 31 2023,5763
Wed Nov 01 2023,5758
Thu Nov 02 2023,5768
Fri Nov 03 2023,5766
Sat Nov 04 2023,5770
Sun Nov 05 2023,5789
Mon Nov 06 2023,5788
Tue Nov 07 2023,5795
Wed Nov 08 2023,5795
Thu Nov 09 2023,5809
Fri Nov 10 2023,5813
Sat Nov 11 2023,5810
Sun Nov 12 2023,5815
Mon Nov 13 2023,5817
Tue Nov 14 2023,5805
Wed Nov 15 2023,5756
Thu Nov 16 2023,5760
Fri Nov 17 2023,5769
Sat Nov 18 2023,5764
Sun Nov 19 2023,5764
Mon Nov 20 2023,5807
Tue Nov 21 2023,5776
Wed Nov 22 2023,5745
Thu Nov 23 2023,5737
Fri Nov 24 2023,5738
Sat Nov 25 2023,5741
Sun Nov 26 2023,5741
Mon Nov 27 2023,5713
Tue Nov 28 2023,5732
Wed Nov 29 2023,5756
Thu Nov 30 2023,5752
Fri Dec 01 2023,5768
Sat Dec 02 2023,5743
Sun Dec 03 2023,5754
Mon Dec 04 2023,5757
Tue Dec 05 2023,5742
Wed Dec 06 2023,5748
Thu Dec 07 2023,5759
Fri Dec 08 2023,5765
Sat Dec 09 2023,5776
Sun Dec 10 2023,5781
Mon Dec 11 2023,5782
Tue Dec 12 2023,5800
Wed Dec 13 2023,5797
Thu Dec 14 2023,5800
Fri Dec 15 2023,5802
Sat Dec 16 2023,5802
Sun Dec 17 2023,5794
Mon Dec 18 2023,5801
Tue Dec 19 2023,5793
Wed Dec 20 2023,5796
Thu Dec 21 2023,5802
Fri Dec 22 2023,5789
Sat Dec 23 2023,5788
Sun Dec 24 2023,5784
Mon Dec 25 2023,5781
Tue Dec 26 2023,5784
Wed Dec 27 2023,5776
Thu Dec 28 2023,5806
Fri Dec 29 2023,5799
Sat Dec 30 2023,5800
Sun Dec 31 2023,5797
Mon Jan 01 2024,5797
Tue Jan 02 2024,5797
Wed Jan 03 2024,5799
Thu Jan 04 2024,5808
Fri Jan 05 2024,5802
Sat Jan 06 2024,5793
Sun Jan 07 2024,5774
Mon Jan 08 2024,5786
Tue Jan 09 2024,5785
Wed Jan 10 2024,5787
Thu Jan 11 2024,5767
Fri Jan 12 2024,5785
Sat Jan 13 2024,5800
Sun Jan 14 2024,5789
Mon Jan 15 2024,5787
Tue Jan 16 2024,5772
Wed Jan 17 2024,5765
Thu Jan 18 2024,5757
Fri Jan 19 2024,5756
Sat Jan 20 2024,5741
Sun Jan 21 2024,5737
Mon Jan 22 2024,5736
Tue Jan 23 2024,5729
Wed Jan 24 2024,5722
Thu Jan 25 2024,5736
Fri Jan 26 2024,5749
Sat Jan 27 2024,5754
Sun Jan 28 2024,5755
Mon Jan 29 2024,5754
Tue Jan 30 2024,5753
Wed Jan 31 2024,5784
Thu Feb 01 2024,5800
Fri Feb 02 2024,5797
Sat Feb 03 2024,5778
Sun Feb 04 2024,5774
Mon Feb 05 2024,5758
Tue Feb 06 2024,5740
Wed Feb 07 2024,5740
Thu Feb 08 2024,5730
Fri Feb 09 2024,5734
Sat Feb 10 2024,5737
Sun Feb 11 2024,5723
Mon Feb 12 2024,5716
Tue Feb 13 2024,5696
Wed Feb 14 2024,5689
Thu Feb 15 2024,5678
Fri Feb 16 2024,5670
Sat Feb 17 2024,5661
Sun Feb 18 2024,5647
Mon Feb 19 2024,5651
Tue Feb 20 2024,5654
Wed Feb 21 2024,5652
Thu Feb 22 2024,5642
Fri Feb 23 2024,5635
Sat Feb 24 2024,5634
Sun Feb 25 2024,5629
Mon Feb 26 2024,5628
Tue Feb 27 2024,5629
Wed Feb 28 2024,5632
Thu Feb 29 2024,5638
Fri Mar 01 2024,5654
Sat Mar 02 2024,5647
Sun Mar 03 2024,5641
Mon Mar 04 2024,5631
Tue Mar 05 2024,5630
Wed Mar 06 2024,5626
Thu Mar 07 2024,5624
Fri Mar 08 2024,5620
Sat Mar 09 2024,5619
Sun Mar 10 2024,5622
Mon Mar 11 2024,5631
Tue Mar 12 2024,5628
Wed Mar 13 2024,5621
Thu Mar 14 2024,5622
Fri Mar 15 2024,5627
Sat Mar 16 2024,5635
Sun Mar 17 2024,5646
Mon Mar 18 2024,5645
Tue Mar 19 2024,5638
Wed Mar 20 2024,5625
Thu Mar 21 2024,5623
Fri Mar 22 2024,5614
Sat Mar 23 2024,5603
Sun Mar 24 2024,5603
Mon Mar 25 2024,5611
Tue Mar 26 2024,5627
Wed Mar 27 2024,5625
Thu Mar 28 2024,5649
Fri Mar 29 2024,5651
Sat Mar 30 2024,5650
Sun Mar 31 2024,5645
Mon Apr 01 2024,5645
Tue Apr 02 2024,5646
Wed Apr 03 2024,5667
Thu Apr 04 2024,5664
Fri Apr 05 2024,5682
Sat Apr 06 2024,5683
Sun Apr 07 2024,5682
Mon Apr 08 2024,5688
Tue Apr 09 2024,5674
Wed Apr 10 2024,5679
Thu Apr 11 2024,5674
Fri Apr 12 2024,5667
Sat Apr 13 2024,5661
Sun Apr 14 2024,5664
Mon Apr 15 2024,5659
Tue Apr 16 2024,5666
Wed Apr 17 2024,5671
Thu Apr 18 2024,5658
Fri Apr 19 2024,5661
Sat Apr 20 2024,5661
Sun Apr 21 2024,5667
Mon Apr 22 2024,5667
Tue Apr 23 2024,5658
Wed Apr 24 2024,5667
Thu Apr 25 2024,5655
Fri Apr 26 2024,5665
Sat Apr 27 2024,5687
Sun Apr 28 2024,5696
Mon Apr 29 2024,5703
Tue Apr 30 2024,5705
Wed May 01 2024,5702
Thu May 02 2024,5702
Fri May 03 2024,5710
Sat May 04 2024,5703
Sun May 05 2024,5693
Mon May 06 2024,5692
Tue May 07 2024,5688
Wed May 08 2024,5686
Thu May 09 2024,5679
Fri May 10 2024,5680
Sat May 11 2024,5686
Sun May 12 2024,5682
Mon May 13 2024,5679
Tue May 14 2024,5683
Wed May 15 2024,5678
Thu May 16 2024,5676
Fri May 17 2024,5691
Sat May 18 2024,5700
Sun May 19 2024,5700
